The selected window backend is x11 
Mono path[0] = '/home/sebbie/.local/share/Steam/steamapps/common/Kingdom Two Crowns/KingdomTwoCrowns_Data/Managed'
Mono config path = '/home/sebbie/.local/share/Steam/steamapps/common/Kingdom Two Crowns/KingdomTwoCrowns_Data/MonoBleedingEdge/etc'
Input System module state changed to: Initialized.
Display 0 'DP-2 24"': 1920x1080 (primary device).
[Physics::Module] Initialized fallback backend.
[Physics::Module] Id: 0xdecafbad
Desktop is 1920 x 1080 @ 60 Hz
Initialize engine version: 6000.0.61f1 (74a0adb02c31)
[Subsystems] Discovering subsystems at path /home/sebbie/.local/share/Steam/steamapps/common/Kingdom Two Crowns/KingdomTwoCrowns_Data/UnitySubsystems
GfxDevice: creating device client; kGfxThreadingModeThreaded
Renderer: AMD Radeon RX 9070 XT (radeonsi, gfx1201, ACO, DRM 3.64, 7.1.8-arch1-3)
Vendor:   AMD
Version:  4.6 (Core Profile) Mesa 26.1.8-arch1.1
GLES:     0
 GL_AMD_conservative_depth GL_AMD_depth_clamp_separate GL_AMD_draw_buffers_blend GL_AMD_gpu_shader_int64 GL_AMD_multi_draw_indirect GL_AMD_pinned_memory GL_AMD_query_buffer_object GL_AMD_seamless_cubemap_per_texture GL_AMD_shader_stencil_export GL_AMD_shader_trinary_minmax GL_AMD_texture_texture4 GL_AMD_vertex_shader_layer GL_AMD_vertex_shader_viewport_index GL_ANGLE_texture_compression_dxt3 GL_ANGLE_texture_compression_dxt5 GL_ARB_ES2_compatibility GL_ARB_ES3_1_compatibility GL_ARB_ES3_2_compatibility GL_ARB_ES3_compatibility GL_ARB_arrays_of_arrays GL_ARB_base_instance GL_ARB_bindless_texture GL_ARB_blend_func_extended GL_ARB_buffer_storage GL_ARB_clear_buffer_object GL_ARB_clear_texture GL_ARB_clip_control GL_ARB_color_buffer_float GL_ARB_compressed_texture_pixel_storage GL_ARB_compute_shader GL_ARB_compute_variable_group_size GL_ARB_conditional_render_inverted GL_ARB_conservative_depth GL_ARB_copy_buffer GL_ARB_copy_image GL_ARB_cull_distance GL_ARB_debug_output GL_ARB_depth_buffer_float GL_ARB_depth_cla
mp GL_ARB_derivative_control GL_ARB_direct_state_access GL_ARB_draw_buffers GL_ARB_draw_buffers_blend GL_ARB_draw_elements_base_vertex GL_ARB_draw_indirect GL_ARB_draw_instanced GL_ARB_enhanced_layouts GL_ARB_explicit_attrib_location GL_ARB_explicit_uniform_location GL_ARB_fragment_coord_conventions GL_ARB_fragment_layer_viewport GL_ARB_fragment_shader GL_ARB_framebuffer_no_attachments GL_ARB_framebuffer_object GL_ARB_framebuffer_sRGB GL_ARB_get_program_binary GL_ARB_get_texture_sub_image GL_ARB_gl_spirv GL_ARB_gpu_shader5 GL_ARB_gpu_shader_fp64 GL_ARB_gpu_shader_int64 GL_ARB_half_float_pixel GL_ARB_half_float_vertex GL_ARB_indirect_parameters GL_ARB_instanced_arrays GL_ARB_internalformat_query GL_ARB_internalformat_query2 GL_ARB_invalidate_subdata GL_ARB_map_buffer_alignment GL_ARB_map_buffer_range GL_ARB_multi_bind GL_ARB_multi_draw_indirect GL_ARB_occlusion_query2 GL_ARB_parallel_shader_compile GL_ARB_pipeline_statistics_query GL_ARB_pixel_buffer_object GL_ARB_point_sprite GL_ARB_polygon_offset_clamp GL_A
RB_post_depth_coverage GL_ARB_program_interface_query GL_ARB_provoking_vertex GL_ARB_query_buffer_object GL_ARB_robust_buffer_access_behavior GL_ARB_robustness GL_ARB_sample_shading GL_ARB_sampler_objects GL_ARB_seamless_cube_map GL_ARB_seamless_cubemap_per_texture GL_ARB_separate_shader_objects GL_ARB_shader_atomic_counter_ops GL_ARB_shader_atomic_counters GL_ARB_shader_ballot GL_ARB_shader_bit_encoding GL_ARB_shader_clock GL_ARB_shader_draw_parameters GL_ARB_shader_group_vote GL_ARB_shader_image_load_store GL_ARB_shader_image_size GL_ARB_shader_objects GL_ARB_shader_precision GL_ARB_shader_stencil_export GL_ARB_shader_storage_buffer_object GL_ARB_shader_subroutine GL_ARB_shader_texture_image_samples GL_ARB_shader_texture_lod GL_ARB_shader_viewport_layer_array GL_ARB_shading_language_420pack GL_ARB_shading_language_include GL_ARB_shading_language_packing GL_ARB_sparse_buffer GL_ARB_sparse_texture GL_ARB_sparse_texture2 GL_ARB_sparse_texture_clamp GL_ARB_spirv_extensions GL_ARB_stencil_texturing GL_ARB_sync 
GL_ARB_tessellation_shader GL_ARB_texture_barrier GL_ARB_texture_border_clamp GL_ARB_texture_buffer_object GL_ARB_texture_buffer_object_rgb32 GL_ARB_texture_buffer_range GL_ARB_texture_compression_bptc GL_ARB_texture_compression_rgtc GL_ARB_texture_cube_map_array GL_ARB_texture_filter_anisotropic GL_ARB_texture_filter_minmax GL_ARB_texture_float GL_ARB_texture_gather GL_ARB_texture_mirror_clamp_to_edge GL_ARB_texture_multisample GL_ARB_texture_non_power_of_two GL_ARB_texture_query_levels GL_ARB_texture_query_lod GL_ARB_texture_rectangle GL_ARB_texture_rg GL_ARB_texture_rgb10_a2ui GL_ARB_texture_stencil8 GL_ARB_texture_storage GL_ARB_texture_storage_multisample GL_ARB_texture_swizzle GL_ARB_texture_view GL_ARB_timer_query GL_ARB_transform_feedback2 GL_ARB_transform_feedback3 GL_ARB_transform_feedback_instanced GL_ARB_transform_feedback_overflow_query GL_ARB_uniform_buffer_object GL_ARB_vertex_array_bgra GL_ARB_vertex_array_object GL_ARB_vertex_attrib_64bit GL_ARB_vertex_attrib_binding GL_ARB_vertex_buffer_obj
ect GL_ARB_vertex_shader GL_ARB_vertex_type_10f_11f_11f_rev GL_ARB_vertex_type_2_10_10_10_rev GL_ARB_viewport_array GL_ATI_blend_equation_separate GL_ATI_meminfo GL_ATI_texture_float GL_ATI_texture_mirror_once GL_EXT_EGL_image_storage GL_EXT_EGL_image_storage_compression GL_EXT_EGL_sync GL_EXT_abgr GL_EXT_blend_equation_separate GL_EXT_debug_label GL_EXT_demote_to_helper_invocation GL_EXT_depth_bounds_test GL_EXT_draw_buffers2 GL_EXT_draw_instanced GL_EXT_framebuffer_blit GL_EXT_framebuffer_multisample GL_EXT_framebuffer_multisample_blit_scaled GL_EXT_framebuffer_object GL_EXT_framebuffer_sRGB GL_EXT_memory_object GL_EXT_memory_object_fd GL_EXT_mesh_shader GL_EXT_packed_depth_stencil GL_EXT_packed_float GL_EXT_pixel_buffer_object GL_EXT_polygon_offset_clamp GL_EXT_provoking_vertex GL_EXT_semaphore GL_EXT_semaphore_fd GL_EXT_shader_clock GL_EXT_shader_image_load_formatted GL_EXT_shader_image_load_store GL_EXT_shader_integer_mix GL_EXT_texture_array GL_EXT_texture_compression_dxt1 GL_EXT_texture_compression_rg
tc GL_EXT_texture_compression_s3tc GL_EXT_texture_filter_anisotropic GL_EXT_texture_filter_minmax GL_EXT_texture_integer GL_EXT_texture_mirror_clamp GL_EXT_texture_sRGB GL_EXT_texture_sRGB_R8 GL_EXT_texture_sRGB_RG8 GL_EXT_texture_sRGB_decode GL_EXT_texture_shadow_lod GL_EXT_texture_shared_exponent GL_EXT_texture_snorm GL_EXT_texture_storage GL_EXT_texture_swizzle GL_EXT_timer_query GL_EXT_transform_feedback GL_EXT_vertex_array_bgra GL_EXT_vertex_attrib_64bit GL_EXT_window_rectangles GL_IBM_multimode_draw_arrays GL_INTEL_blackhole_render GL_KHR_blend_equation_advanced GL_KHR_context_flush_control GL_KHR_debug GL_KHR_no_error GL_KHR_parallel_shader_compile GL_KHR_robust_buffer_access_behavior GL_KHR_robustness GL_KHR_shader_subgroup GL_KHR_texture_compression_astc_ldr GL_KHR_texture_compression_astc_sliced_3d GL_MESA_framebuffer_flip_y GL_MESA_pack_invert GL_MESA_shader_integer_functions GL_MESA_texture_const_bandwidth GL_MESA_texture_signed_rgba GL_NVX_gpu_memory_info GL_NV_alpha_to_coverage_dither_control G
L_NV_compute_shader_derivatives GL_NV_conditional_render GL_NV_copy_image GL_NV_depth_clamp GL_NV_packed_depth_stencil GL_NV_shader_atomic_int64 GL_NV_texture_barrier GL_NV_timeline_semaphore GL_OES_EGL_image GL_S3_s3tc
OPENGL LOG: Creating OpenGL 4.6 graphics device ; Context level  <OpenGL 4.5> ; Context handle 34173040
Begin MonoManager ReloadAssembly
- Loaded All Assemblies, in  0.045 seconds
- Finished resetting the current domain, in  0.001 seconds
[Physics::Module] Selected backend.
[Physics::Module] Name: PhysX
[Physics::Module] Id: 0xf2b8ea05
[Physics::Module] SDK Version: 4.1.2
[Physics::Module] Integration Version: 1.0.0
[Physics::Module] Threading Mode: Multi-Threaded
Default vsync count 1
requesting resize 1920 x 1080
Using native desktop resolution 1920 x 1080
requesting fullscreen 1920 x 1080 at 0/1 Hz
Desktop is 1920 x 1080 @ 60 Hz
The referenced script (Unknown) on this Behaviour is missing!
The referenced script on this Behaviour (Game Object 'PlayFabMultiplayerManager') is missing!
UnloadTime: 0.135674 ms
Successfully Loaded Haglet Assemblies
Found SystemLanguage English (10): 2
[S_API] SteamAPI_Init(): Loaded '/home/sebbie/.local/share/Steam/linux64/steamclient.so' OK.
Setting breakpad minidump AppID = 701160
SteamInternal_SetMinidumpSteamID:  Caching Steam ID:  76561198220306181 [API loaded no]
Got AppID: 701160
Steam: Logged in as: cookie_mage
ProgramDirector begun Preload
SteamPlatformManager.CheckIfDlcIsAvailable. AppId_t:1708680, isAvailable:True.
SteamPlatformManager.CheckIfDlcIsAvailable. AppId_t:2736340, isAvailable:False.
SteamPlatformManager.CheckIfDlcIsAvailable. AppId_t:3062350, isAvailable:False.
SteamPlatformManager.CheckIfDlcIsAvailable. AppId_t:3062360, isAvailable:False.
SteamPlatformManager.CheckIfDlcIsAvailable. AppId_t:3939430, isAvailable:False.
SteamPlatformManager.CheckIfDlcIsAvailable. AppId_t:1708680, isAvailable:True.
SteamPlatformManager.CheckIfDlcIsAvailable. AppId_t:2736340, isAvailable:False.
SteamPlatformManager.CheckIfDlcIsAvailable. AppId_t:3062350, isAvailable:False.
SteamPlatformManager.CheckIfDlcIsAvailable. AppId_t:3062360, isAvailable:False.
SteamPlatformManager.CheckIfDlcIsAvailable. AppId_t:3939430, isAvailable:False.
UNet Router setup
ProgramDirector begun LoadingLoaderScene
ProgramDirector begun Engagement
ProgramDirector begun InitialisingFiler
ProgramDirector begun ShowSaveWarningScreen
ProgramDirector begun PlayfabLogin
SeasonalEventManager: setup started.
PlayfabAnalytics: setup started.
ProgramDirector begun LoadingGlobalSaveData
Found SystemLanguage English (10): 2
GlobalSaveData Load, Failure, MissingData
Found SystemLanguage English (10): 2
ProgramDirector begun LoadingIslandSaveData
IslandSaveData Load, Failure, MissingData
ProgramDirector begun ShowingSplash
[Analytics] PlayFab.ClientModels.LoginResult
BIOME SELECT
SteamPlatformManager.CheckIfDlcIsAvailable. AppId_t:1708680, isAvailable:True.
SteamPlatformManager.CheckIfDlcIsAvailable. AppId_t:2736340, isAvailable:False.
SteamPlatformManager.CheckIfDlcIsAvailable. AppId_t:3062350, isAvailable:False.
SteamPlatformManager.CheckIfDlcIsAvailable. AppId_t:3062360, isAvailable:False.
SteamPlatformManager.CheckIfDlcIsAvailable. AppId_t:3939430, isAvailable:False.
SetControls: Keyboard
SteamPlatformManager.CheckIfDlcIsAvailable. AppId_t:2736340, isAvailable:False.
Steam: Overlay ON
SteamPlatformManager.CheckIfDlcIsAvailable. AppId_t:1708680, isAvailable:True.
SteamPlatformManager.CheckIfDlcIsAvailable. AppId_t:2736340, isAvailable:False.
SteamPlatformManager.CheckIfDlcIsAvailable. AppId_t:3062350, isAvailable:False.
SteamPlatformManager.CheckIfDlcIsAvailable. AppId_t:3062360, isAvailable:False.
SteamPlatformManager.CheckIfDlcIsAvailable. AppId_t:3939430, isAvailable:False.
SteamPlatformManager.CheckIfDlcIsAvailable. AppId_t:1708680, isAvailable:True.
SteamPlatformManager.CheckIfDlcIsAvailable. AppId_t:2736340, isAvailable:False.
SteamPlatformManager.CheckIfDlcIsAvailable. AppId_t:3062350, isAvailable:False.
SteamPlatformManager.CheckIfDlcIsAvailable. AppId_t:3062360, isAvailable:False.
SteamPlatformManager.CheckIfDlcIsAvailable. AppId_t:3939430, isAvailable:False.
Steam: Overlay OFF
LOBBY INVITE RECEIVED
Steam: Overlay ON
LOBBY INVITED ACCEPTED - JOINING LOBBY
Joined a lobby: 109775243222656429
ProgramDirector begun JoiningGame
Joining Game 01 - Connecting
Set Curtain: ACTIVE
Set Curtain Text: Finding remote host...
Waiting for connection success...
LOBBY DATA CHANGED
Starting P2P request
Sending packet to request P2P connection
Waiting for P2P acceptance message
Steam: Overlay OFF
Received P2P packet
P2P connection established
Connecting to UNET server
Client: Host has connected.
Triggering connection complete
Set Curtain: ACTIVE
Set Curtain Text: Connecting...
Joining Game 02 - Checking Connection Results
NetworkBigBoss reported that connection has completed.
Joining Game 03 - Client Handshake
Received a static rpc call on code '1058', but no static rpc was registered on that code!
LoadBiome called which means the Biome wasnt loaded when accessed, the biome data should be loaded before hand using LoadBiomeAsync!
Loading Biome Data: Biome/OakAndBirch
Setting biome to 0
Joining Game 04 - Loading Main Scene
Managers.Inst.InitAll() 6550
TOUCH . 0 DPI. Deadzone 10-30 pixels (capped 1.0). Res 1920x1080
[ECM] [SEND] Request Sync unlocked crowns
Game created. Version: 2.4.0 Revision: 23488 Hash: a436110bb9 Branch: origin/twocrowns/spring-edict
Setting render size to 1920x1080 (Camera 1)
Setting water size to 960x540
Setting render size to 1920x1080 (Camera 0)
Setting water size to 960x540
Joining Game 05 - Requesting World Sync
[ECM] [RECV] Sync unlocked crowns: (0) []
Successfully received world sync data from host, creating land ..
Unloading 6 Unused Serialized files (Serialized files now loaded: 0)
Deserialise new hint index: 8
[Player 1 SetCrownType: [Regular] -> [Regular]
[Player 2 SetCrownType: [Regular] -> [Regular]
[CAVE] Deserializing cave state None
[CAVE] New cave state: None
Deserialise new hint index: -1
[RP]Setting rich presence: InMenu
Unloading 864 unused Assets to reduce memory usage. Loaded Objects now: 105450.
Total: 22.296027 ms (FindLiveObjects: 4.043075 ms CreateObjectMapping: 2.256682 ms MarkObjects: 15.560876 ms  DeleteObjects: 0.435084 ms)

Unloading 1 Unused Serialized files (Serialized files now loaded: 0)
Unloading 0 unused Assets to reduce memory usage. Loaded Objects now: 105498.
Total: 21.149973 ms (FindLiveObjects: 4.202533 ms CreateObjectMapping: 2.402315 ms MarkObjects: 14.484351 ms  DeleteObjects: 0.060483 ms)

Successfully caught up to host!
SKIN SELECT
SteamPlatformManager.CheckIfDlcIsAvailable. AppId_t:1708680, isAvailable:True.
SteamPlatformManager.CheckIfDlcIsAvailable. AppId_t:2736340, isAvailable:False.
SteamPlatformManager.CheckIfDlcIsAvailable. AppId_t:3062350, isAvailable:False.
SteamPlatformManager.CheckIfDlcIsAvailable. AppId_t:3062360, isAvailable:False.
SteamPlatformManager.CheckIfDlcIsAvailable. AppId_t:3939430, isAvailable:False.
SteamPlatformManager.CheckIfDlcIsAvailable. AppId_t:1708680, isAvailable:True.
SteamPlatformManager.CheckIfDlcIsAvailable. AppId_t:2736340, isAvailable:False.
SteamPlatformManager.CheckIfDlcIsAvailable. AppId_t:3062350, isAvailable:False.
SteamPlatformManager.CheckIfDlcIsAvailable. AppId_t:3062360, isAvailable:False.
SteamPlatformManager.CheckIfDlcIsAvailable. AppId_t:3939430, isAvailable:False.
[Player 1 SetCrownType: [Regular] -> [Regular]
[Player 1 SetCrownType: [Regular] -> [Regular]
[Player 2 SetCrownType: [Regular] -> [Regular]
[Player 2 SetCrownType: [Regular] -> [Regular]
[Player 1 SetCrownType: [Regular] -> [Regular]
[Player 1 SetCrownType: [Regular] -> [Regular]
[Player 2 SetCrownType: [Regular] -> [Regular]
[Player 2 SetCrownType: [Regular] -> [Regular]
[Player 1 SetCrownType: [Regular] -> [Regular]
[Player 1 SetCrownType: [Regular] -> [Regular]
[Player 2 SetCrownType: [Regular] -> [Regular]
[Player 2 SetCrownType: [Regular] -> [Regular]
[Player 1 SetCrownType: [Regular] -> [Regular]
[Player 1 SetCrownType: [Regular] -> [Regular]
[Player 2 SetCrownType: [Regular] -> [Regular]
[Player 2 SetCrownType: [Regular] -> [Regular]
[Player 1 SetCrownType: [Regular] -> [Regular]
[Player 1 SetCrownType: [Regular] -> [Regular]
[Player 2 SetCrownType: [Regular] -> [Regular]
[Player 2 SetCrownType: [Regular] -> [Regular]
[Player 1 SetCrownType: [Regular] -> [Regular]
[Player 1 SetCrownType: [Regular] -> [Regular]
[Player 2 SetCrownType: [Regular] -> [Regular]
[Player 2 SetCrownType: [Regular] -> [Regular]
[Player 1 SetCrownType: [Regular] -> [Regular]
[Player 1 SetCrownType: [Regular] -> [Regular]
[Player 2 SetCrownType: [Regular] -> [Regular]
[Player 2 SetCrownType: [Regular] -> [Regular]
[Player 1 SetCrownType: [Regular] -> [Regular]
[Player 1 SetCrownType: [Regular] -> [Regular]
[Player 2 SetCrownType: [Regular] -> [Regular]
[Player 2 SetCrownType: [Regular] -> [Regular]
[Player 1 SetCrownType: [Regular] -> [Regular]
[Player 1 SetCrownType: [Regular] -> [Regular]
[Player 2 SetCrownType: [Regular] -> [Regular]
[Player 2 SetCrownType: [Regular] -> [Regular]
[Player 1 SetCrownType: [Regular] -> [Regular]
[Player 1 SetCrownType: [Regular] -> [Regular]
[Player 2 SetCrownType: [Regular] -> [Regular]
[Player 2 SetCrownType: [Regular] -> [Regular]
[Player 1 SetCrownType: [Regular] -> [Regular]
[Player 1 SetCrownType: [Regular] -> [Regular]
[Player 2 SetCrownType: [Regular] -> [Regular]
[Player 2 SetCrownType: [Regular] -> [Regular]
[Player 1 SetCrownType: [Regular] -> [Regular]
[Player 1 SetCrownType: [Regular] -> [Regular]
[Player 2 SetCrownType: [Regular] -> [Regular]
[Player 2 SetCrownType: [Regular] -> [Regular]
[Player 1 SetCrownType: [Regular] -> [Regular]
[Player 1 SetCrownType: [Regular] -> [Regular]
[Player 2 SetCrownType: [Regular] -> [Regular]
[Player 2 SetCrownType: [Regular] -> [Regular]
[Player 1 SetCrownType: [Regular] -> [Regular]
[Player 1 SetCrownType: [Regular] -> [Regular]
[Player 2 SetCrownType: [Regular] -> [Regular]
[Player 2 SetCrownType: [Regular] -> [Regular]
[Player 1 SetCrownType: [Regular] -> [Regular]
[Player 1 SetCrownType: [Regular] -> [Regular]
[Player 2 SetCrownType: [Regular] -> [Regular]
[Player 2 SetCrownType: [Regular] -> [Regular]
[Player 1 SetCrownType: [Regular] -> [Regular]
[Player 1 SetCrownType: [Regular] -> [Regular]
[Player 2 SetCrownType: [Regular] -> [Regular]
[Player 2 SetCrownType: [Regular] -> [Regular]
[Player 1 SetCrownType: [Regular] -> [Regular]
[Player 1 SetCrownType: [Regular] -> [Regular]
[Player 2 SetCrownType: [Regular] -> [Regular]
[Player 2 SetCrownType: [Regular] -> [Regular]
[Player 1 SetCrownType: [Regular] -> [Regular]
[Player 1 SetCrownType: [Regular] -> [Regular]
[Player 2 SetCrownType: [Regular] -> [Regular]
[Player 2 SetCrownType: [Regular] -> [Regular]
[Player 1 SetCrownType: [Regular] -> [Regular]
[Player 1 SetCrownType: [Regular] -> [Regular]
[Player 2 SetCrownType: [Regular] -> [Regular]
[Player 2 SetCrownType: [Regular] -> [Regular]
[Player 1 SetCrownType: [Regular] -> [Regular]
[Player 1 SetCrownType: [Regular] -> [Regular]
[Player 2 SetCrownType: [Regular] -> [Regular]
[Player 2 SetCrownType: [Regular] -> [Regular]
[Player 1 SetCrownType: [Regular] -> [Regular]
[Player 1 SetCrownType: [Regular] -> [Regular]
[Player 2 SetCrownType: [Regular] -> [Regular]
[Player 2 SetCrownType: [Regular] -> [Regular]
[Player 1 SetCrownType: [Regular] -> [Regular]
[Player 1 SetCrownType: [Regular] -> [Regular]
[Player 2 SetCrownType: [Regular] -> [Regular]
[Player 2 SetCrownType: [Regular] -> [Regular]
Program Director: JoiningGame called Loader.Inst.Hide.Call()
Activated clientside boot listener
Attempting to change currency bag from Bag to Bag for P2.
Updating coin bag from Bag to Bag for Player2.
Merchant spawn state: NotSpawned
Receiving shopRemoteCounterpart shop 'Bow' with id: 1241
Receiving shopRemoteCounterpart shop 'Hammer' with id: 1242
P1 Receiving hint with index: 16 Got hint: PromoteBeggar (GhostHintData)
Construction project 'ShopBow(Clone)' completed!
Construction project 'ShopHammer(Clone)' completed!
Received CRPC update for Dynamic obj with ID 934 and functionID 0, but no object with that ID was registered!
Received CRPC update for Dynamic obj with ID 935 and functionID 0, but no object with that ID was registered!
P1 Receiving hint with index: 2 Got hint: BuyBow (GhostHintData)
P1 Receiving hint with index: 45 Got hint: Tutorial_1026_WaitForHunting (GhostHintData)
P1 Receiving hint with index: 4 Got hint: BuyHammer (GhostHintData)
P1 Receiving hint with index: 46 Got hint: Tutorial_1046_WaitForWorker (GhostHintData)
P1 Receiving hint with index: 1 Got hint: BuildWall (GhostHintData)
P1 Receiving hint with index: 47 Got hint: Tutorial_1065_BuildWallWaiting (GhostHintData)
Construction project 'Wall1(Clone)' completed!
P1 Receiving hint with index: 5 Got hint: CutTree (GhostHintData)
P1 Receiving hint with index: 48 Got hint: Tutorial_1080_CutTreeWaiting (GhostHintData)
P1 Receiving hint with index: 17 Got hint: PromoteBeggar2 (GhostHintData)
Received CRPC update for Dynamic obj with ID 1206 and functionID 0, but no object with that ID was registered!
P1 Receiving hint with index: 3 Got hint: BuyBow2 (GhostHintData)
P1 Receiving hint with index: 24 Got hint: TutorialEnd (GhostHintData)
P1 Receiving hint with index: -1 Got hint: 
Received CRPC update for Dynamic obj with ID 902 and functionID 7, but no object with that ID was registered!
Construction project 'Wall1(Clone)' completed!
Construction project 'Tower1(Clone)' completed!
The AnimationClip 'griffin_spawn_crash_dust' used by the Animation component 'CrashSprite' must be marked as Legacy.
Default clip could not be found in attached animations list.
Construction project 'Wall1(Clone)' completed!
Construction project 'Tower1(Clone)' completed!
Received CRPC update for Dynamic obj with ID 1205 and functionID 0, but no object with that ID was registered!
Playing track settingout at time 17.72652
Receiving shopRemoteCounterpart shop 'Scythe' with id: 1252
Construction project 'ShopScythe(Clone)' completed!
Construction project 'Tower1(Clone)' completed!
Playing track Alchemy at time 7.271978
Construction project 'Tower2(Clone)' completed!
Construction project 'Tower1(Clone)' completed!
Construction project 'Wall2(Clone)' completed!
Construction project 'Tower2(Clone)' completed!
Construction project 'Keep' completed!
Construction project 'Wall1(Clone)' completed!
Playing track ghost at time 8.042562
Construction project 'Citizen_House(Clone)' completed!
Finalize Emerge
Construction project 'Wall2(Clone)' completed!
Playing track carousel2 at time 7.424061
Construction project 'Tower2(Clone)' completed!
Construction project 'Wall2(Clone)' completed!
Finalize Emerge
Playing track kodamapiano at time 10.35957
Construction project 'Tower1(Clone)' completed!
Construction project 'Wall1(Clone)' completed!
Construction project 'Farmhouse1(Clone)' completed!
Finalize Emerge
Construction project 'Farmhouse2(Clone)' completed!
Playing track twilight at time 10.00362
Construction project 'Wall1(Clone)' completed!
Construction project 'Wall2(Clone)' completed!
Construction project 'Wall1(Clone)' completed!
Playing track skippingstone at time 4.510773
Finalize Emerge
Construction project 'Tower1(Clone)' completed!
Construction project 'Wall1(Clone)' completed!
Construction project 'Wall2(Clone)' completed!
Construction project 'Wall2(Clone)' completed!
Construction project 'Wall2(Clone)' completed!
Construction project 'Tower2(Clone)' completed!
Received CRPC update for Dynamic obj with ID 925 and functionID 0, but no object with that ID was registered!
Finalize Emerge
P2 Receiving hint with index: 20 Got hint: Rulers Unite P2 (GhostHintData)
P2 Receiving hint with index: -1 Got hint: 
Playing track zephyr at time 13.6024
Game result: HostChangedLand
Looping audio Lighthouse Greed Ambience(Clone) is playing on destroy, did you forget to clean up? If this is on client it could be that OnDisable isnt called because the script is disabled
Looping audio Cliff Portal Ambience(Clone) is playing on destroy, did you forget to clean up? If this is on client it could be that OnDisable isnt called because the script is disabled
Failed to call remote method #4 on object 925/#Dynamic ('<NULL>'). This should be fixed: Reason : Object reference not set to an instance of an object. 
Trace:   at UnityEngine.Bindings.ThrowHelper.ThrowNullReferenceException (System.Object obj) [0x00018] in <5eb0ffefd25a4604963f191f59bef3cc>:0 
  at UnityEngine.Behaviour.get_isActiveAndEnabled () [0x00006] in <5eb0ffefd25a4604963f191f59bef3cc>:0 
  at PositionSync.ReceivePositionUpdate () [0x00008] in <b49ef5704cd64b5090e7799fcf031fb4>:0 
  at CRPCHeader.CallMethodLocally (System.Byte functionID) [0x000cf] in <b49ef5704cd64b5090e7799fcf031fb4>:0 
Failed to call remote method #11 on object 1004/#Dynamic ('<NULL>'). This should be fixed: Reason : Object reference not set to an instance of an object. 
Trace:   at UnityEngine.Bindings.ThrowHelper.ThrowNullReferenceException (System.Object obj) [0x00018] in <5eb0ffefd25a4604963f191f59bef3cc>:0 
  at UnityEngine.Behaviour.get_isActiveAndEnabled () [0x00006] in <5eb0ffefd25a4604963f191f59bef3cc>:0 
  at PositionSync.ReceivePositionUpdate () [0x00008] in <b49ef5704cd64b5090e7799fcf031fb4>:0 
  at CRPCHeader.CallMethodLocally (System.Byte functionID) [0x000cf] in <b49ef5704cd64b5090e7799fcf031fb4>:0 
Failed to call remote method #6 on object 1225/#Dynamic ('<NULL>'). This should be fixed: Reason : Object reference not set to an instance of an object. 
Trace:   at UnityEngine.Bindings.ThrowHelper.ThrowNullReferenceException (System.Object obj) [0x00018] in <5eb0ffefd25a4604963f191f59bef3cc>:0 
  at UnityEngine.Behaviour.get_isActiveAndEnabled () [0x00006] in <5eb0ffefd25a4604963f191f59bef3cc>:0 
  at PositionSync.ReceivePositionUpdate () [0x00008] in <b49ef5704cd64b5090e7799fcf031fb4>:0 
  at CRPCHeader.CallMethodLocally (System.Byte functionID) [0x000cf] in <b49ef5704cd64b5090e7799fcf031fb4>:0 
Failed to call remote method #17 on object 1252/#Dynamic ('<NULL>'). This should be fixed: Reason : Object reference not set to an instance of an object. 
Trace:   at UnityEngine.Bindings.ThrowHelper.ThrowNullReferenceException (System.Object obj) [0x00018] in <5eb0ffefd25a4604963f191f59bef3cc>:0 
  at UnityEngine.Behaviour.get_isActiveAndEnabled () [0x00006] in <5eb0ffefd25a4604963f191f59bef3cc>:0 
  at PositionSync.ReceivePositionUpdate () [0x00008] in <b49ef5704cd64b5090e7799fcf031fb4>:0 
  at CRPCHeader.CallMethodLocally (System.Byte functionID) [0x000cf] in <b49ef5704cd64b5090e7799fcf031fb4>:0 
Failed to call remote method #14 on object 1390/#Dynamic ('<NULL>'). This should be fixed: Reason : Object reference not set to an instance of an object. 
Trace:   at UnityEngine.Bindings.ThrowHelper.ThrowNullReferenceException (System.Object obj) [0x00018] in <5eb0ffefd25a4604963f191f59bef3cc>:0 
  at UnityEngine.Behaviour.get_isActiveAndEnabled () [0x00006] in <5eb0ffefd25a4604963f191f59bef3cc>:0 
  at PositionSync.ReceivePositionUpdate () [0x00008] in <b49ef5704cd64b5090e7799fcf031fb4>:0 
  at CRPCHeader.CallMethodLocally (System.Byte functionID) [0x000cf] in <b49ef5704cd64b5090e7799fcf031fb4>:0 
Failed to call remote method #6 on object 1223/#Dynamic ('<NULL>'). This should be fixed: Reason : Object reference not set to an instance of an object. 
Trace:   at UnityEngine.Bindings.ThrowHelper.ThrowNullReferenceException (System.Object obj) [0x00018] in <5eb0ffefd25a4604963f191f59bef3cc>:0 
  at UnityEngine.Behaviour.get_isActiveAndEnabled () [0x00006] in <5eb0ffefd25a4604963f191f59bef3cc>:0 
  at PositionSync.ReceivePositionUpdate () [0x00008] in <b49ef5704cd64b5090e7799fcf031fb4>:0 
  at CRPCHeader.CallMethodLocally (System.Byte functionID) [0x000cf] in <b49ef5704cd64b5090e7799fcf031fb4>:0 
Failed to call remote method #6 on object 1234/#Dynamic ('<NULL>'). This should be fixed: Reason : Object reference not set to an instance of an object. 
Trace:   at UnityEngine.Bindings.ThrowHelper.ThrowNullReferenceException (System.Object obj) [0x00018] in <5eb0ffefd25a4604963f191f59bef3cc>:0 
  at UnityEngine.Behaviour.get_isActiveAndEnabled () [0x00006] in <5eb0ffefd25a4604963f191f59bef3cc>:0 
  at PositionSync.ReceivePositionUpdate () [0x00008] in <b49ef5704cd64b5090e7799fcf031fb4>:0 
  at CRPCHeader.CallMethodLocally (System.Byte functionID) [0x000cf] in <b49ef5704cd64b5090e7799fcf031fb4>:0 
Failed to call remote method #17 on object 1264/#Dynamic ('<NULL>'). This should be fixed: Reason : Object reference not set to an instance of an object. 
Trace:   at UnityEngine.Bindings.ThrowHelper.ThrowNullReferenceException (System.Object obj) [0x00018] in <5eb0ffefd25a4604963f191f59bef3cc>:0 
  at UnityEngine.Behaviour.get_isActiveAndEnabled () [0x00006] in <5eb0ffefd25a4604963f191f59bef3cc>:0 
  at PositionSync.ReceivePositionUpdate () [0x00008] in <b49ef5704cd64b5090e7799fcf031fb4>:0 
  at CRPCHeader.CallMethodLocally (System.Byte functionID) [0x000cf] in <b49ef5704cd64b5090e7799fcf031fb4>:0 
Failed to call remote method #17 on object 1284/#Dynamic ('<NULL>'). This should be fixed: Reason : Object reference not set to an instance of an object. 
Trace:   at UnityEngine.Bindings.ThrowHelper.ThrowNullReferenceException (System.Object obj) [0x00018] in <5eb0ffefd25a4604963f191f59bef3cc>:0 
  at UnityEngine.Behaviour.get_isActiveAndEnabled () [0x00006] in <5eb0ffefd25a4604963f191f59bef3cc>:0 
  at PositionSync.ReceivePositionUpdate () [0x00008] in <b49ef5704cd64b5090e7799fcf031fb4>:0 
  at CRPCHeader.CallMethodLocally (System.Byte functionID) [0x000cf] in <b49ef5704cd64b5090e7799fcf031fb4>:0 
Failed to call remote method #17 on object 1296/#Dynamic ('<NULL>'). This should be fixed: Reason : Object reference not set to an instance of an object. 
Trace:   at UnityEngine.Bindings.ThrowHelper.ThrowNullReferenceException (System.Object obj) [0x00018] in <5eb0ffefd25a4604963f191f59bef3cc>:0 
  at UnityEngine.Behaviour.get_isActiveAndEnabled () [0x00006] in <5eb0ffefd25a4604963f191f59bef3cc>:0 
  at PositionSync.ReceivePositionUpdate () [0x00008] in <b49ef5704cd64b5090e7799fcf031fb4>:0 
  at CRPCHeader.CallMethodLocally (System.Byte functionID) [0x000cf] in <b49ef5704cd64b5090e7799fcf031fb4>:0 
Failed to call remote method #17 on object 1305/#Dynamic ('<NULL>'). This should be fixed: Reason : Object reference not set to an instance of an object. 
Trace:   at UnityEngine.Bindings.ThrowHelper.ThrowNullReferenceException (System.Object obj) [0x00018] in <5eb0ffefd25a4604963f191f59bef3cc>:0 
  at UnityEngine.Behaviour.get_isActiveAndEnabled () [0x00006] in <5eb0ffefd25a4604963f191f59bef3cc>:0 
  at PositionSync.ReceivePositionUpdate () [0x00008] in <b49ef5704cd64b5090e7799fcf031fb4>:0 
  at CRPCHeader.CallMethodLocally (System.Byte functionID) [0x000cf] in <b49ef5704cd64b5090e7799fcf031fb4>:0 
Failed to call remote method #17 on object 1392/#Dynamic ('<NULL>'). This should be fixed: Reason : Object reference not set to an instance of an object. 
Trace:   at UnityEngine.Bindings.ThrowHelper.ThrowNullReferenceException (System.Object obj) [0x00018] in <5eb0ffefd25a4604963f191f59bef3cc>:0 
  at UnityEngine.Behaviour.get_isActiveAndEnabled () [0x00006] in <5eb0ffefd25a4604963f191f59bef3cc>:0 
  at PositionSync.ReceivePositionUpdate () [0x00008] in <b49ef5704cd64b5090e7799fcf031fb4>:0 
  at CRPCHeader.CallMethodLocally (System.Byte functionID) [0x000cf] in <b49ef5704cd64b5090e7799fcf031fb4>:0 
Failed to call remote method #11 on object 1005/#Dynamic ('<NULL>'). This should be fixed: Reason : Object reference not set to an instance of an object. 
Trace:   at UnityEngine.Bindings.ThrowHelper.ThrowNullReferenceException (System.Object obj) [0x00018] in <5eb0ffefd25a4604963f191f59bef3cc>:0 
  at UnityEngine.Behaviour.get_isActiveAndEnabled () [0x00006] in <5eb0ffefd25a4604963f191f59bef3cc>:0 
  at PositionSync.ReceivePositionUpdate () [0x00008] in <b49ef5704cd64b5090e7799fcf031fb4>:0 
  at CRPCHeader.CallMethodLocally (System.Byte functionID) [0x000cf] in <b49ef5704cd64b5090e7799fcf031fb4>:0 
Failed to call remote method #14 on object 1256/#Dynamic ('<NULL>'). This should be fixed: Reason : Object reference not set to an instance of an object. 
Trace:   at UnityEngine.Bindings.ThrowHelper.ThrowNullReferenceException (System.Object obj) [0x00018] in <5eb0ffefd25a4604963f191f59bef3cc>:0 
  at UnityEngine.Behaviour.get_isActiveAndEnabled () [0x00006] in <5eb0ffefd25a4604963f191f59bef3cc>:0 
  at PositionSync.ReceivePositionUpdate () [0x00008] in <b49ef5704cd64b5090e7799fcf031fb4>:0 
  at CRPCHeader.CallMethodLocally (System.Byte functionID) [0x000cf] in <b49ef5704cd64b5090e7799fcf031fb4>:0 
Failed to call remote method #4 on object 925/#Dynamic ('<NULL>'). This should be fixed: Reason : Object reference not set to an instance of an object. 
Trace:   at UnityEngine.Bindings.ThrowHelper.ThrowNullReferenceException (System.Object obj) [0x00018] in <5eb0ffefd25a4604963f191f59bef3cc>:0 
  at UnityEngine.Behaviour.get_isActiveAndEnabled () [0x00006] in <5eb0ffefd25a4604963f191f59bef3cc>:0 
  at PositionSync.ReceivePositionUpdate () [0x00008] in <b49ef5704cd64b5090e7799fcf031fb4>:0 
  at CRPCHeader.CallMethodLocally (System.Byte functionID) [0x000cf] in <b49ef5704cd64b5090e7799fcf031fb4>:0 
Failed to call remote method #11 on object 1033/#Dynamic ('<NULL>'). This should be fixed: Reason : Object reference not set to an instance of an object. 
Trace:   at UnityEngine.Bindings.ThrowHelper.ThrowNullReferenceException (System.Object obj) [0x00018] in <5eb0ffefd25a4604963f191f59bef3cc>:0 
  at UnityEngine.Behaviour.get_isActiveAndEnabled () [0x00006] in <5eb0ffefd25a4604963f191f59bef3cc>:0 
  at PositionSync.ReceivePositionUpdate () [0x00008] in <b49ef5704cd64b5090e7799fcf031fb4>:0 
  at CRPCHeader.CallMethodLocally (System.Byte functionID) [0x000cf] in <b49ef5704cd64b5090e7799fcf031fb4>:0 
Failed to call remote method #5 on object 1244/#Dynamic ('<NULL>'). This should be fixed: Reason : Object reference not set to an instance of an object. 
Trace:   at UnityEngine.Bindings.ThrowHelper.ThrowNullReferenceException (System.Object obj) [0x00018] in <5eb0ffefd25a4604963f191f59bef3cc>:0 
  at UnityEngine.Behaviour.get_isActiveAndEnabled () [0x00006] in <5eb0ffefd25a4604963f191f59bef3cc>:0 
  at PositionSync.ReceivePositionUpdate () [0x00008] in <b49ef5704cd64b5090e7799fcf031fb4>:0 
  at CRPCHeader.CallMethodLocally (System.Byte functionID) [0x000cf] in <b49ef5704cd64b5090e7799fcf031fb4>:0 
Failed to call remote method #17 on object 1275/#Dynamic ('<NULL>'). This should be fixed: Reason : Object reference not set to an instance of an object. 
Trace:   at UnityEngine.Bindings.ThrowHelper.ThrowNullReferenceException (System.Object obj) [0x00018] in <5eb0ffefd25a4604963f191f59bef3cc>:0 
  at UnityEngine.Behaviour.get_isActiveAndEnabled () [0x00006] in <5eb0ffefd25a4604963f191f59bef3cc>:0 
  at PositionSync.ReceivePositionUpdate () [0x00008] in <b49ef5704cd64b5090e7799fcf031fb4>:0 
  at CRPCHeader.CallMethodLocally (System.Byte functionID) [0x000cf] in <b49ef5704cd64b5090e7799fcf031fb4>:0 
Failed to call remote method #11 on object 1004/#Dynamic ('<NULL>'). This should be fixed: Reason : Object reference not set to an instance of an object. 
Trace:   at UnityEngine.Bindings.ThrowHelper.ThrowNullReferenceException (System.Object obj) [0x00018] in <5eb0ffefd25a4604963f191f59bef3cc>:0 
  at UnityEngine.Behaviour.get_isActiveAndEnabled () [0x00006] in <5eb0ffefd25a4604963f191f59bef3cc>:0 
  at PositionSync.ReceivePositionUpdate () [0x00008] in <b49ef5704cd64b5090e7799fcf031fb4>:0 
  at CRPCHeader.CallMethodLocally (System.Byte functionID) [0x000cf] in <b49ef5704cd64b5090e7799fcf031fb4>:0 
Failed to call remote method #6 on object 1212/#Dynamic ('<NULL>'). This should be fixed: Reason : Object reference not set to an instance of an object. 
Trace:   at UnityEngine.Bindings.ThrowHelper.ThrowNullReferenceException (System.Object obj) [0x00018] in <5eb0ffefd25a4604963f191f59bef3cc>:0 
  at UnityEngine.Behaviour.get_isActiveAndEnabled () [0x00006] in <5eb0ffefd25a4604963f191f59bef3cc>:0 
  at PositionSync.ReceivePositionUpdate () [0x00008] in <b49ef5704cd64b5090e7799fcf031fb4>:0 
  at CRPCHeader.CallMethodLocally (System.Byte functionID) [0x000cf] in <b49ef5704cd64b5090e7799fcf031fb4>:0 
Failed to call remote method #5 on object 1251/#Dynamic ('<NULL>'). This should be fixed: Reason : Object reference not set to an instance of an object. 
Trace:   at UnityEngine.Bindings.ThrowHelper.ThrowNullReferenceException (System.Object obj) [0x00018] in <5eb0ffefd25a4604963f191f59bef3cc>:0 
  at UnityEngine.Behaviour.get_isActiveAndEnabled () [0x00006] in <5eb0ffefd25a4604963f191f59bef3cc>:0 
  at PositionSync.ReceivePositionUpdate () [0x00008] in <b49ef5704cd64b5090e7799fcf031fb4>:0 
  at CRPCHeader.CallMethodLocally (System.Byte functionID) [0x000cf] in <b49ef5704cd64b5090e7799fcf031fb4>:0 
Failed to call remote method #5 on object 1229/#Dynamic ('<NULL>'). This should be fixed: Reason : Object reference not set to an instance of an object. 
Trace:   at UnityEngine.Bindings.ThrowHelper.ThrowNullReferenceException (System.Object obj) [0x00018] in <5eb0ffefd25a4604963f191f59bef3cc>:0 
  at UnityEngine.Behaviour.get_isActiveAndEnabled () [0x00006] in <5eb0ffefd25a4604963f191f59bef3cc>:0 
  at PositionSync.ReceivePositionUpdate () [0x00008] in <b49ef5704cd64b5090e7799fcf031fb4>:0 
  at CRPCHeader.CallMethodLocally (System.Byte functionID) [0x000cf] in <b49ef5704cd64b5090e7799fcf031fb4>:0 
Failed to call remote method #14 on object 1390/#Dynamic ('<NULL>'). This should be fixed: Reason : Object reference not set to an instance of an object. 
Trace:   at UnityEngine.Bindings.ThrowHelper.ThrowNullReferenceException (System.Object obj) [0x00018] in <5eb0ffefd25a4604963f191f59bef3cc>:0 
  at UnityEngine.Behaviour.get_isActiveAndEnabled () [0x00006] in <5eb0ffefd25a4604963f191f59bef3cc>:0 
  at PositionSync.ReceivePositionUpdate () [0x00008] in <b49ef5704cd64b5090e7799fcf031fb4>:0 
  at CRPCHeader.CallMethodLocally (System.Byte functionID) [0x000cf] in <b49ef5704cd64b5090e7799fcf031fb4>:0 
Failed to call remote method #17 on object 1252/#Dynamic ('<NULL>'). This should be fixed: Reason : Object reference not set to an instance of an object. 
Trace:   at UnityEngine.Bindings.ThrowHelper.ThrowNullReferenceException (System.Object obj) [0x00018] in <5eb0ffefd25a4604963f191f59bef3cc>:0 
  at UnityEngine.Behaviour.get_isActiveAndEnabled () [0x00006] in <5eb0ffefd25a4604963f191f59bef3cc>:0 
  at PositionSync.ReceivePositionUpdate () [0x00008] in <b49ef5704cd64b5090e7799fcf031fb4>:0 
  at CRPCHeader.CallMethodLocally (System.Byte functionID) [0x000cf] in <b49ef5704cd64b5090e7799fcf031fb4>:0 
Failed to call remote method #17 on object 1264/#Dynamic ('<NULL>'). This should be fixed: Reason : Object reference not set to an instance of an object. 
Trace:   at UnityEngine.Bindings.ThrowHelper.ThrowNullReferenceException (System.Object obj) [0x00018] in <5eb0ffefd25a4604963f191f59bef3cc>:0 
  at UnityEngine.Behaviour.get_isActiveAndEnabled () [0x00006] in <5eb0ffefd25a4604963f191f59bef3cc>:0 
  at PositionSync.ReceivePositionUpdate () [0x00008] in <b49ef5704cd64b5090e7799fcf031fb4>:0 
  at CRPCHeader.CallMethodLocally (System.Byte functionID) [0x000cf] in <b49ef5704cd64b5090e7799fcf031fb4>:0 
Failed to call remote method #17 on object 1284/#Dynamic ('<NULL>'). This should be fixed: Reason : Object reference not set to an instance of an object. 
Trace:   at UnityEngine.Bindings.ThrowHelper.ThrowNullReferenceException (System.Object obj) [0x00018] in <5eb0ffefd25a4604963f191f59bef3cc>:0 
  at UnityEngine.Behaviour.get_isActiveAndEnabled () [0x00006] in <5eb0ffefd25a4604963f191f59bef3cc>:0 
  at PositionSync.ReceivePositionUpdate () [0x00008] in <b49ef5704cd64b5090e7799fcf031fb4>:0 
  at CRPCHeader.CallMethodLocally (System.Byte functionID) [0x000cf] in <b49ef5704cd64b5090e7799fcf031fb4>:0 
Failed to call remote method #17 on object 1296/#Dynamic ('<NULL>'). This should be fixed: Reason : Object reference not set to an instance of an object. 
Trace:   at UnityEngine.Bindings.ThrowHelper.ThrowNullReferenceException (System.Object obj) [0x00018] in <5eb0ffefd25a4604963f191f59bef3cc>:0 
  at UnityEngine.Behaviour.get_isActiveAndEnabled () [0x00006] in <5eb0ffefd25a4604963f191f59bef3cc>:0 
  at PositionSync.ReceivePositionUpdate () [0x00008] in <b49ef5704cd64b5090e7799fcf031fb4>:0 
  at CRPCHeader.CallMethodLocally (System.Byte functionID) [0x000cf] in <b49ef5704cd64b5090e7799fcf031fb4>:0 
Failed to call remote method #17 on object 1305/#Dynamic ('<NULL>'). This should be fixed: Reason : Object reference not set to an instance of an object. 
Trace:   at UnityEngine.Bindings.ThrowHelper.ThrowNullReferenceException (System.Object obj) [0x00018] in <5eb0ffefd25a4604963f191f59bef3cc>:0 
  at UnityEngine.Behaviour.get_isActiveAndEnabled () [0x00006] in <5eb0ffefd25a4604963f191f59bef3cc>:0 
  at PositionSync.ReceivePositionUpdate () [0x00008] in <b49ef5704cd64b5090e7799fcf031fb4>:0 
  at CRPCHeader.CallMethodLocally (System.Byte functionID) [0x000cf] in <b49ef5704cd64b5090e7799fcf031fb4>:0 
Failed to call remote method #6 on object 1225/#Dynamic ('<NULL>'). This should be fixed: Reason : Object reference not set to an instance of an object. 
Trace:   at UnityEngine.Bindings.ThrowHelper.ThrowNullReferenceException (System.Object obj) [0x00018] in <5eb0ffefd25a4604963f191f59bef3cc>:0 
  at UnityEngine.Behaviour.get_isActiveAndEnabled () [0x00006] in <5eb0ffefd25a4604963f191f59bef3cc>:0 
  at PositionSync.ReceivePositionUpdate () [0x00008] in <b49ef5704cd64b5090e7799fcf031fb4>:0 
  at CRPCHeader.CallMethodLocally (System.Byte functionID) [0x000cf] in <b49ef5704cd64b5090e7799fcf031fb4>:0 
Failed to call remote method #4 on object 925/#Dynamic ('<NULL>'). This should be fixed: Reason : Object reference not set to an instance of an object. 
Trace:   at UnityEngine.Bindings.ThrowHelper.ThrowNullReferenceException (System.Object obj) [0x00018] in <5eb0ffefd25a4604963f191f59bef3cc>:0 
  at UnityEngine.Behaviour.get_isActiveAndEnabled () [0x00006] in <5eb0ffefd25a4604963f191f59bef3cc>:0 
  at PositionSync.ReceivePositionUpdate () [0x00008] in <b49ef5704cd64b5090e7799fcf031fb4>:0 
  at CRPCHeader.CallMethodLocally (System.Byte functionID) [0x000cf] in <b49ef5704cd64b5090e7799fcf031fb4>:0 
Failed to call remote method #11 on object 1005/#Dynamic ('<NULL>'). This should be fixed: Reason : Object reference not set to an instance of an object. 
Trace:   at UnityEngine.Bindings.ThrowHelper.ThrowNullReferenceException (System.Object obj) [0x00018] in <5eb0ffefd25a4604963f191f59bef3cc>:0 
  at UnityEngine.Behaviour.get_isActiveAndEnabled () [0x00006] in <5eb0ffefd25a4604963f191f59bef3cc>:0 
  at PositionSync.ReceivePositionUpdate () [0x00008] in <b49ef5704cd64b5090e7799fcf031fb4>:0 
  at CRPCHeader.CallMethodLocally (System.Byte functionID) [0x000cf] in <b49ef5704cd64b5090e7799fcf031fb4>:0 
Failed to call remote method #6 on object 1223/#Dynamic ('<NULL>'). This should be fixed: Reason : Object reference not set to an instance of an object. 
Trace:   at UnityEngine.Bindings.ThrowHelper.ThrowNullReferenceException (System.Object obj) [0x00018] in <5eb0ffefd25a4604963f191f59bef3cc>:0 
  at UnityEngine.Behaviour.get_isActiveAndEnabled () [0x00006] in <5eb0ffefd25a4604963f191f59bef3cc>:0 
  at PositionSync.ReceivePositionUpdate () [0x00008] in <b49ef5704cd64b5090e7799fcf031fb4>:0 
  at CRPCHeader.CallMethodLocally (System.Byte functionID) [0x000cf] in <b49ef5704cd64b5090e7799fcf031fb4>:0 
Failed to call remote method #6 on object 1234/#Dynamic ('<NULL>'). This should be fixed: Reason : Object reference not set to an instance of an object. 
Trace:   at UnityEngine.Bindings.ThrowHelper.ThrowNullReferenceException (System.Object obj) [0x00018] in <5eb0ffefd25a4604963f191f59bef3cc>:0 
  at UnityEngine.Behaviour.get_isActiveAndEnabled () [0x00006] in <5eb0ffefd25a4604963f191f59bef3cc>:0 
  at PositionSync.ReceivePositionUpdate () [0x00008] in <b49ef5704cd64b5090e7799fcf031fb4>:0 
  at CRPCHeader.CallMethodLocally (System.Byte functionID) [0x000cf] in <b49ef5704cd64b5090e7799fcf031fb4>:0 
Failed to call remote method #17 on object 1392/#Dynamic ('<NULL>'). This should be fixed: Reason : Object reference not set to an instance of an object. 
Trace:   at UnityEngine.Bindings.ThrowHelper.ThrowNullReferenceException (System.Object obj) [0x00018] in <5eb0ffefd25a4604963f191f59bef3cc>:0 
  at UnityEngine.Behaviour.get_isActiveAndEnabled () [0x00006] in <5eb0ffefd25a4604963f191f59bef3cc>:0 
  at PositionSync.ReceivePositionUpdate () [0x00008] in <b49ef5704cd64b5090e7799fcf031fb4>:0 
  at CRPCHeader.CallMethodLocally (System.Byte functionID) [0x000cf] in <b49ef5704cd64b5090e7799fcf031fb4>:0 
Failed to call remote method #11 on object 1033/#Dynamic ('<NULL>'). This should be fixed: Reason : Object reference not set to an instance of an object. 
Trace:   at UnityEngine.Bindings.ThrowHelper.ThrowNullReferenceException (System.Object obj) [0x00018] in <5eb0ffefd25a4604963f191f59bef3cc>:0 
  at UnityEngine.Behaviour.get_isActiveAndEnabled () [0x00006] in <5eb0ffefd25a4604963f191f59bef3cc>:0 
  at PositionSync.ReceivePositionUpdate () [0x00008] in <b49ef5704cd64b5090e7799fcf031fb4>:0 
  at CRPCHeader.CallMethodLocally (System.Byte functionID) [0x000cf] in <b49ef5704cd64b5090e7799fcf031fb4>:0 
Failed to call remote method #14 on object 1256/#Dynamic ('<NULL>'). This should be fixed: Reason : Object reference not set to an instance of an object. 
Trace:   at UnityEngine.Bindings.ThrowHelper.ThrowNullReferenceException (System.Object obj) [0x00018] in <5eb0ffefd25a4604963f191f59bef3cc>:0 
  at UnityEngine.Behaviour.get_isActiveAndEnabled () [0x00006] in <5eb0ffefd25a4604963f191f59bef3cc>:0 
  at PositionSync.ReceivePositionUpdate () [0x00008] in <b49ef5704cd64b5090e7799fcf031fb4>:0 
  at CRPCHeader.CallMethodLocally (System.Byte functionID) [0x000cf] in <b49ef5704cd64b5090e7799fcf031fb4>:0 
Failed to call remote method #11 on object 1004/#Dynamic ('<NULL>'). This should be fixed: Reason : Object reference not set to an instance of an object. 
Trace:   at UnityEngine.Bindings.ThrowHelper.ThrowNullReferenceException (System.Object obj) [0x00018] in <5eb0ffefd25a4604963f191f59bef3cc>:0 
  at UnityEngine.Behaviour.get_isActiveAndEnabled () [0x00006] in <5eb0ffefd25a4604963f191f59bef3cc>:0 
  at PositionSync.ReceivePositionUpdate () [0x00008] in <b49ef5704cd64b5090e7799fcf031fb4>:0 
  at CRPCHeader.CallMethodLocally (System.Byte functionID) [0x000cf] in <b49ef5704cd64b5090e7799fcf031fb4>:0 
Failed to call remote method #17 on object 1275/#Dynamic ('<NULL>'). This should be fixed: Reason : Object reference not set to an instance of an object. 
Trace:   at UnityEngine.Bindings.ThrowHelper.ThrowNullReferenceException (System.Object obj) [0x00018] in <5eb0ffefd25a4604963f191f59bef3cc>:0 
  at UnityEngine.Behaviour.get_isActiveAndEnabled () [0x00006] in <5eb0ffefd25a4604963f191f59bef3cc>:0 
  at PositionSync.ReceivePositionUpdate () [0x00008] in <b49ef5704cd64b5090e7799fcf031fb4>:0 
  at CRPCHeader.CallMethodLocally (System.Byte functionID) [0x000cf] in <b49ef5704cd64b5090e7799fcf031fb4>:0 
Failed to call remote method #4 on object 925/#Dynamic ('<NULL>'). This should be fixed: Reason : Object reference not set to an instance of an object. 
Trace:   at UnityEngine.Bindings.ThrowHelper.ThrowNullReferenceException (System.Object obj) [0x00018] in <5eb0ffefd25a4604963f191f59bef3cc>:0 
  at UnityEngine.Behaviour.get_isActiveAndEnabled () [0x00006] in <5eb0ffefd25a4604963f191f59bef3cc>:0 
  at PositionSync.ReceivePositionUpdate () [0x00008] in <b49ef5704cd64b5090e7799fcf031fb4>:0 
  at CRPCHeader.CallMethodLocally (System.Byte functionID) [0x000cf] in <b49ef5704cd64b5090e7799fcf031fb4>:0 
Failed to call remote method #5 on object 1251/#Dynamic ('<NULL>'). This should be fixed: Reason : Object reference not set to an instance of an object. 
Trace:   at UnityEngine.Bindings.ThrowHelper.ThrowNullReferenceException (System.Object obj) [0x00018] in <5eb0ffefd25a4604963f191f59bef3cc>:0 
  at UnityEngine.Behaviour.get_isActiveAndEnabled () [0x00006] in <5eb0ffefd25a4604963f191f59bef3cc>:0 
  at PositionSync.ReceivePositionUpdate () [0x00008] in <b49ef5704cd64b5090e7799fcf031fb4>:0 
  at CRPCHeader.CallMethodLocally (System.Byte functionID) [0x000cf] in <b49ef5704cd64b5090e7799fcf031fb4>:0 
Failed to call remote method #14 on object 1390/#Dynamic ('<NULL>'). This should be fixed: Reason : Object reference not set to an instance of an object. 
Trace:   at UnityEngine.Bindings.ThrowHelper.ThrowNullReferenceException (System.Object obj) [0x00018] in <5eb0ffefd25a4604963f191f59bef3cc>:0 
  at UnityEngine.Behaviour.get_isActiveAndEnabled () [0x00006] in <5eb0ffefd25a4604963f191f59bef3cc>:0 
  at PositionSync.ReceivePositionUpdate () [0x00008] in <b49ef5704cd64b5090e7799fcf031fb4>:0 
  at CRPCHeader.CallMethodLocally (System.Byte functionID) [0x000cf] in <b49ef5704cd64b5090e7799fcf031fb4>:0 
Failed to call remote method #17 on object 1264/#Dynamic ('<NULL>'). This should be fixed: Reason : Object reference not set to an instance of an object. 
Trace:   at UnityEngine.Bindings.ThrowHelper.ThrowNullReferenceException (System.Object obj) [0x00018] in <5eb0ffefd25a4604963f191f59bef3cc>:0 
  at UnityEngine.Behaviour.get_isActiveAndEnabled () [0x00006] in <5eb0ffefd25a4604963f191f59bef3cc>:0 
  at PositionSync.ReceivePositionUpdate () [0x00008] in <b49ef5704cd64b5090e7799fcf031fb4>:0 
  at CRPCHeader.CallMethodLocally (System.Byte functionID) [0x000cf] in <b49ef5704cd64b5090e7799fcf031fb4>:0 
Failed to call remote method #17 on object 1284/#Dynamic ('<NULL>'). This should be fixed: Reason : Object reference not set to an instance of an object. 
Trace:   at UnityEngine.Bindings.ThrowHelper.ThrowNullReferenceException (System.Object obj) [0x00018] in <5eb0ffefd25a4604963f191f59bef3cc>:0 
  at UnityEngine.Behaviour.get_isActiveAndEnabled () [0x00006] in <5eb0ffefd25a4604963f191f59bef3cc>:0 
  at PositionSync.ReceivePositionUpdate () [0x00008] in <b49ef5704cd64b5090e7799fcf031fb4>:0 
  at CRPCHeader.CallMethodLocally (System.Byte functionID) [0x000cf] in <b49ef5704cd64b5090e7799fcf031fb4>:0 
Failed to call remote method #17 on object 1296/#Dynamic ('<NULL>'). This should be fixed: Reason : Object reference not set to an instance of an object. 
Trace:   at UnityEngine.Bindings.ThrowHelper.ThrowNullReferenceException (System.Object obj) [0x00018] in <5eb0ffefd25a4604963f191f59bef3cc>:0 
  at UnityEngine.Behaviour.get_isActiveAndEnabled () [0x00006] in <5eb0ffefd25a4604963f191f59bef3cc>:0 
  at PositionSync.ReceivePositionUpdate () [0x00008] in <b49ef5704cd64b5090e7799fcf031fb4>:0 
  at CRPCHeader.CallMethodLocally (System.Byte functionID) [0x000cf] in <b49ef5704cd64b5090e7799fcf031fb4>:0 
Failed to call remote method #17 on object 1305/#Dynamic ('<NULL>'). This should be fixed: Reason : Object reference not set to an instance of an object. 
Trace:   at UnityEngine.Bindings.ThrowHelper.ThrowNullReferenceException (System.Object obj) [0x00018] in <5eb0ffefd25a4604963f191f59bef3cc>:0 
  at UnityEngine.Behaviour.get_isActiveAndEnabled () [0x00006] in <5eb0ffefd25a4604963f191f59bef3cc>:0 
  at PositionSync.ReceivePositionUpdate () [0x00008] in <b49ef5704cd64b5090e7799fcf031fb4>:0 
  at CRPCHeader.CallMethodLocally (System.Byte functionID) [0x000cf] in <b49ef5704cd64b5090e7799fcf031fb4>:0 
Failed to call remote method #11 on object 1005/#Dynamic ('<NULL>'). This should be fixed: Reason : Object reference not set to an instance of an object. 
Trace:   at UnityEngine.Bindings.ThrowHelper.ThrowNullReferenceException (System.Object obj) [0x00018] in <5eb0ffefd25a4604963f191f59bef3cc>:0 
  at UnityEngine.Behaviour.get_isActiveAndEnabled () [0x00006] in <5eb0ffefd25a4604963f191f59bef3cc>:0 
  at PositionSync.ReceivePositionUpdate () [0x00008] in <b49ef5704cd64b5090e7799fcf031fb4>:0 
  at CRPCHeader.CallMethodLocally (System.Byte functionID) [0x000cf] in <b49ef5704cd64b5090e7799fcf031fb4>:0 
Failed to call remote method #11 on object 1033/#Dynamic ('<NULL>'). This should be fixed: Reason : Object reference not set to an instance of an object. 
Trace:   at UnityEngine.Bindings.ThrowHelper.ThrowNullReferenceException (System.Object obj) [0x00018] in <5eb0ffefd25a4604963f191f59bef3cc>:0 
  at UnityEngine.Behaviour.get_isActiveAndEnabled () [0x00006] in <5eb0ffefd25a4604963f191f59bef3cc>:0 
  at PositionSync.ReceivePositionUpdate () [0x00008] in <b49ef5704cd64b5090e7799fcf031fb4>:0 
  at CRPCHeader.CallMethodLocally (System.Byte functionID) [0x000cf] in <b49ef5704cd64b5090e7799fcf031fb4>:0 
Failed to call remote method #17 on object 1252/#Dynamic ('<NULL>'). This should be fixed: Reason : Object reference not set to an instance of an object. 
Trace:   at UnityEngine.Bindings.ThrowHelper.ThrowNullReferenceException (System.Object obj) [0x00018] in <5eb0ffefd25a4604963f191f59bef3cc>:0 
  at UnityEngine.Behaviour.get_isActiveAndEnabled () [0x00006] in <5eb0ffefd25a4604963f191f59bef3cc>:0 
  at PositionSync.ReceivePositionUpdate () [0x00008] in <b49ef5704cd64b5090e7799fcf031fb4>:0 
  at CRPCHeader.CallMethodLocally (System.Byte functionID) [0x000cf] in <b49ef5704cd64b5090e7799fcf031fb4>:0 
Failed to call remote method #17 on object 1392/#Dynamic ('<NULL>'). This should be fixed: Reason : Object reference not set to an instance of an object. 
Trace:   at UnityEngine.Bindings.ThrowHelper.ThrowNullReferenceException (System.Object obj) [0x00018] in <5eb0ffefd25a4604963f191f59bef3cc>:0 
  at UnityEngine.Behaviour.get_isActiveAndEnabled () [0x00006] in <5eb0ffefd25a4604963f191f59bef3cc>:0 
  at PositionSync.ReceivePositionUpdate () [0x00008] in <b49ef5704cd64b5090e7799fcf031fb4>:0 
  at CRPCHeader.CallMethodLocally (System.Byte functionID) [0x000cf] in <b49ef5704cd64b5090e7799fcf031fb4>:0 
Failed to call remote method #11 on object 1004/#Dynamic ('<NULL>'). This should be fixed: Reason : Object reference not set to an instance of an object. 
Trace:   at UnityEngine.Bindings.ThrowHelper.ThrowNullReferenceException (System.Object obj) [0x00018] in <5eb0ffefd25a4604963f191f59bef3cc>:0 
  at UnityEngine.Behaviour.get_isActiveAndEnabled () [0x00006] in <5eb0ffefd25a4604963f191f59bef3cc>:0 
  at PositionSync.ReceivePositionUpdate () [0x00008] in <b49ef5704cd64b5090e7799fcf031fb4>:0 
  at CRPCHeader.CallMethodLocally (System.Byte functionID) [0x000cf] in <b49ef5704cd64b5090e7799fcf031fb4>:0 
Failed to call remote method #14 on object 1256/#Dynamic ('<NULL>'). This should be fixed: Reason : Object reference not set to an instance of an object. 
Trace:   at UnityEngine.Bindings.ThrowHelper.ThrowNullReferenceException (System.Object obj) [0x00018] in <5eb0ffefd25a4604963f191f59bef3cc>:0 
  at UnityEngine.Behaviour.get_isActiveAndEnabled () [0x00006] in <5eb0ffefd25a4604963f191f59bef3cc>:0 
  at PositionSync.ReceivePositionUpdate () [0x00008] in <b49ef5704cd64b5090e7799fcf031fb4>:0 
  at CRPCHeader.CallMethodLocally (System.Byte functionID) [0x000cf] in <b49ef5704cd64b5090e7799fcf031fb4>:0 
Failed to call remote method #6 on object 1225/#Dynamic ('<NULL>'). This should be fixed: Reason : Object reference not set to an instance of an object. 
Trace:   at UnityEngine.Bindings.ThrowHelper.ThrowNullReferenceException (System.Object obj) [0x00018] in <5eb0ffefd25a4604963f191f59bef3cc>:0 
  at UnityEngine.Behaviour.get_isActiveAndEnabled () [0x00006] in <5eb0ffefd25a4604963f191f59bef3cc>:0 
  at PositionSync.ReceivePositionUpdate () [0x00008] in <b49ef5704cd64b5090e7799fcf031fb4>:0 
  at CRPCHeader.CallMethodLocally (System.Byte functionID) [0x000cf] in <b49ef5704cd64b5090e7799fcf031fb4>:0 
Failed to call remote method #4 on object 925/#Dynamic ('<NULL>'). This should be fixed: Reason : Object reference not set to an instance of an object. 
Trace:   at UnityEngine.Bindings.ThrowHelper.ThrowNullReferenceException (System.Object obj) [0x00018] in <5eb0ffefd25a4604963f191f59bef3cc>:0 
  at UnityEngine.Behaviour.get_isActiveAndEnabled () [0x00006] in <5eb0ffefd25a4604963f191f59bef3cc>:0 
  at PositionSync.ReceivePositionUpdate () [0x00008] in <b49ef5704cd64b5090e7799fcf031fb4>:0 
  at CRPCHeader.CallMethodLocally (System.Byte functionID) [0x000cf] in <b49ef5704cd64b5090e7799fcf031fb4>:0 
Failed to call remote method #17 on object 1275/#Dynamic ('<NULL>'). This should be fixed: Reason : Object reference not set to an instance of an object. 
Trace:   at UnityEngine.Bindings.ThrowHelper.ThrowNullReferenceException (System.Object obj) [0x00018] in <5eb0ffefd25a4604963f191f59bef3cc>:0 
  at UnityEngine.Behaviour.get_isActiveAndEnabled () [0x00006] in <5eb0ffefd25a4604963f191f59bef3cc>:0 
  at PositionSync.ReceivePositionUpdate () [0x00008] in <b49ef5704cd64b5090e7799fcf031fb4>:0 
  at CRPCHeader.CallMethodLocally (System.Byte functionID) [0x000cf] in <b49ef5704cd64b5090e7799fcf031fb4>:0 
Failed to call remote method #6 on object 1223/#Dynamic ('<NULL>'). This should be fixed: Reason : Object reference not set to an instance of an object. 
Trace:   at UnityEngine.Bindings.ThrowHelper.ThrowNullReferenceException (System.Object obj) [0x00018] in <5eb0ffefd25a4604963f191f59bef3cc>:0 
  at UnityEngine.Behaviour.get_isActiveAndEnabled () [0x00006] in <5eb0ffefd25a4604963f191f59bef3cc>:0 
  at PositionSync.ReceivePositionUpdate () [0x00008] in <b49ef5704cd64b5090e7799fcf031fb4>:0 
  at CRPCHeader.CallMethodLocally (System.Byte functionID) [0x000cf] in <b49ef5704cd64b5090e7799fcf031fb4>:0 
Failed to call remote method #6 on object 1234/#Dynamic ('<NULL>'). This should be fixed: Reason : Object reference not set to an instance of an object. 
Trace:   at UnityEngine.Bindings.ThrowHelper.ThrowNullReferenceException (System.Object obj) [0x00018] in <5eb0ffefd25a4604963f191f59bef3cc>:0 
  at UnityEngine.Behaviour.get_isActiveAndEnabled () [0x00006] in <5eb0ffefd25a4604963f191f59bef3cc>:0 
  at PositionSync.ReceivePositionUpdate () [0x00008] in <b49ef5704cd64b5090e7799fcf031fb4>:0 
  at CRPCHeader.CallMethodLocally (System.Byte functionID) [0x000cf] in <b49ef5704cd64b5090e7799fcf031fb4>:0 
Failed to call remote method #17 on object 1264/#Dynamic ('<NULL>'). This should be fixed: Reason : Object reference not set to an instance of an object. 
Trace:   at UnityEngine.Bindings.ThrowHelper.ThrowNullReferenceException (System.Object obj) [0x00018] in <5eb0ffefd25a4604963f191f59bef3cc>:0 
  at UnityEngine.Behaviour.get_isActiveAndEnabled () [0x00006] in <5eb0ffefd25a4604963f191f59bef3cc>:0 
  at PositionSync.ReceivePositionUpdate () [0x00008] in <b49ef5704cd64b5090e7799fcf031fb4>:0 
  at CRPCHeader.CallMethodLocally (System.Byte functionID) [0x000cf] in <b49ef5704cd64b5090e7799fcf031fb4>:0 
Failed to call remote method #17 on object 1284/#Dynamic ('<NULL>'). This should be fixed: Reason : Object reference not set to an instance of an object. 
Trace:   at UnityEngine.Bindings.ThrowHelper.ThrowNullReferenceException (System.Object obj) [0x00018] in <5eb0ffefd25a4604963f191f59bef3cc>:0 
  at UnityEngine.Behaviour.get_isActiveAndEnabled () [0x00006] in <5eb0ffefd25a4604963f191f59bef3cc>:0 
  at PositionSync.ReceivePositionUpdate () [0x00008] in <b49ef5704cd64b5090e7799fcf031fb4>:0 
  at CRPCHeader.CallMethodLocally (System.Byte functionID) [0x000cf] in <b49ef5704cd64b5090e7799fcf031fb4>:0 
Failed to call remote method #17 on object 1296/#Dynamic ('<NULL>'). This should be fixed: Reason : Object reference not set to an instance of an object. 
Trace:   at UnityEngine.Bindings.ThrowHelper.ThrowNullReferenceException (System.Object obj) [0x00018] in <5eb0ffefd25a4604963f191f59bef3cc>:0 
  at UnityEngine.Behaviour.get_isActiveAndEnabled () [0x00006] in <5eb0ffefd25a4604963f191f59bef3cc>:0 
  at PositionSync.ReceivePositionUpdate () [0x00008] in <b49ef5704cd64b5090e7799fcf031fb4>:0 
  at CRPCHeader.CallMethodLocally (System.Byte functionID) [0x000cf] in <b49ef5704cd64b5090e7799fcf031fb4>:0 
Failed to call remote method #17 on object 1305/#Dynamic ('<NULL>'). This should be fixed: Reason : Object reference not set to an instance of an object. 
Trace:   at UnityEngine.Bindings.ThrowHelper.ThrowNullReferenceException (System.Object obj) [0x00018] in <5eb0ffefd25a4604963f191f59bef3cc>:0 
  at UnityEngine.Behaviour.get_isActiveAndEnabled () [0x00006] in <5eb0ffefd25a4604963f191f59bef3cc>:0 
  at PositionSync.ReceivePositionUpdate () [0x00008] in <b49ef5704cd64b5090e7799fcf031fb4>:0 
  at CRPCHeader.CallMethodLocally (System.Byte functionID) [0x000cf] in <b49ef5704cd64b5090e7799fcf031fb4>:0 
Failed to call remote method #14 on object 1390/#Dynamic ('<NULL>'). This should be fixed: Reason : Object reference not set to an instance of an object. 
Trace:   at UnityEngine.Bindings.ThrowHelper.ThrowNullReferenceException (System.Object obj) [0x00018] in <5eb0ffefd25a4604963f191f59bef3cc>:0 
  at UnityEngine.Behaviour.get_isActiveAndEnabled () [0x00006] in <5eb0ffefd25a4604963f191f59bef3cc>:0 
  at PositionSync.ReceivePositionUpdate () [0x00008] in <b49ef5704cd64b5090e7799fcf031fb4>:0 
  at CRPCHeader.CallMethodLocally (System.Byte functionID) [0x000cf] in <b49ef5704cd64b5090e7799fcf031fb4>:0 
Failed to call remote method #11 on object 1005/#Dynamic ('<NULL>'). This should be fixed: Reason : Object reference not set to an instance of an object. 
Trace:   at UnityEngine.Bindings.ThrowHelper.ThrowNullReferenceException (System.Object obj) [0x00018] in <5eb0ffefd25a4604963f191f59bef3cc>:0 
  at UnityEngine.Behaviour.get_isActiveAndEnabled () [0x00006] in <5eb0ffefd25a4604963f191f59bef3cc>:0 
  at PositionSync.ReceivePositionUpdate () [0x00008] in <b49ef5704cd64b5090e7799fcf031fb4>:0 
  at CRPCHeader.CallMethodLocally (System.Byte functionID) [0x000cf] in <b49ef5704cd64b5090e7799fcf031fb4>:0 
Failed to call remote method #11 on object 1033/#Dynamic ('<NULL>'). This should be fixed: Reason : Object reference not set to an instance of an object. 
Trace:   at UnityEngine.Bindings.ThrowHelper.ThrowNullReferenceException (System.Object obj) [0x00018] in <5eb0ffefd25a4604963f191f59bef3cc>:0 
  at UnityEngine.Behaviour.get_isActiveAndEnabled () [0x00006] in <5eb0ffefd25a4604963f191f59bef3cc>:0 
  at PositionSync.ReceivePositionUpdate () [0x00008] in <b49ef5704cd64b5090e7799fcf031fb4>:0 
  at CRPCHeader.CallMethodLocally (System.Byte functionID) [0x000cf] in <b49ef5704cd64b5090e7799fcf031fb4>:0 
Failed to call remote method #4 on object 925/#Dynamic ('<NULL>'). This should be fixed: Reason : Object reference not set to an instance of an object. 
Trace:   at UnityEngine.Bindings.ThrowHelper.ThrowNullReferenceException (System.Object obj) [0x00018] in <5eb0ffefd25a4604963f191f59bef3cc>:0 
  at UnityEngine.Behaviour.get_isActiveAndEnabled () [0x00006] in <5eb0ffefd25a4604963f191f59bef3cc>:0 
  at PositionSync.ReceivePositionUpdate () [0x00008] in <b49ef5704cd64b5090e7799fcf031fb4>:0 
  at CRPCHeader.CallMethodLocally (System.Byte functionID) [0x000cf] in <b49ef5704cd64b5090e7799fcf031fb4>:0 
Failed to call remote method #5 on object 1229/#Dynamic ('<NULL>'). This should be fixed: Reason : Object reference not set to an instance of an object. 
Trace:   at UnityEngine.Bindings.ThrowHelper.ThrowNullReferenceException (System.Object obj) [0x00018] in <5eb0ffefd25a4604963f191f59bef3cc>:0 
  at UnityEngine.Behaviour.get_isActiveAndEnabled () [0x00006] in <5eb0ffefd25a4604963f191f59bef3cc>:0 
  at PositionSync.ReceivePositionUpdate () [0x00008] in <b49ef5704cd64b5090e7799fcf031fb4>:0 
  at CRPCHeader.CallMethodLocally (System.Byte functionID) [0x000cf] in <b49ef5704cd64b5090e7799fcf031fb4>:0 
Failed to call remote method #17 on object 1392/#Dynamic ('<NULL>'). This should be fixed: Reason : Object reference not set to an instance of an object. 
Trace:   at UnityEngine.Bindings.ThrowHelper.ThrowNullReferenceException (System.Object obj) [0x00018] in <5eb0ffefd25a4604963f191f59bef3cc>:0 
  at UnityEngine.Behaviour.get_isActiveAndEnabled () [0x00006] in <5eb0ffefd25a4604963f191f59bef3cc>:0 
  at PositionSync.ReceivePositionUpdate () [0x00008] in <b49ef5704cd64b5090e7799fcf031fb4>:0 
  at CRPCHeader.CallMethodLocally (System.Byte functionID) [0x000cf] in <b49ef5704cd64b5090e7799fcf031fb4>:0 
Failed to call remote method #11 on object 1004/#Dynamic ('<NULL>'). This should be fixed: Reason : Object reference not set to an instance of an object. 
Trace:   at UnityEngine.Bindings.ThrowHelper.ThrowNullReferenceException (System.Object obj) [0x00018] in <5eb0ffefd25a4604963f191f59bef3cc>:0 
  at UnityEngine.Behaviour.get_isActiveAndEnabled () [0x00006] in <5eb0ffefd25a4604963f191f59bef3cc>:0 
  at PositionSync.ReceivePositionUpdate () [0x00008] in <b49ef5704cd64b5090e7799fcf031fb4>:0 
  at CRPCHeader.CallMethodLocally (System.Byte functionID) [0x000cf] in <b49ef5704cd64b5090e7799fcf031fb4>:0 
Failed to call remote method #5 on object 1251/#Dynamic ('<NULL>'). This should be fixed: Reason : Object reference not set to an instance of an object. 
Trace:   at UnityEngine.Bindings.ThrowHelper.ThrowNullReferenceException (System.Object obj) [0x00018] in <5eb0ffefd25a4604963f191f59bef3cc>:0 
  at UnityEngine.Behaviour.get_isActiveAndEnabled () [0x00006] in <5eb0ffefd25a4604963f191f59bef3cc>:0 
  at PositionSync.ReceivePositionUpdate () [0x00008] in <b49ef5704cd64b5090e7799fcf031fb4>:0 
  at CRPCHeader.CallMethodLocally (System.Byte functionID) [0x000cf] in <b49ef5704cd64b5090e7799fcf031fb4>:0 
Failed to call remote method #14 on object 1256/#Dynamic ('<NULL>'). This should be fixed: Reason : Object reference not set to an instance of an object. 
Trace:   at UnityEngine.Bindings.ThrowHelper.ThrowNullReferenceException (System.Object obj) [0x00018] in <5eb0ffefd25a4604963f191f59bef3cc>:0 
  at UnityEngine.Behaviour.get_isActiveAndEnabled () [0x00006] in <5eb0ffefd25a4604963f191f59bef3cc>:0 
  at PositionSync.ReceivePositionUpdate () [0x00008] in <b49ef5704cd64b5090e7799fcf031fb4>:0 
  at CRPCHeader.CallMethodLocally (System.Byte functionID) [0x000cf] in <b49ef5704cd64b5090e7799fcf031fb4>:0 
Failed to call remote method #17 on object 1275/#Dynamic ('<NULL>'). This should be fixed: Reason : Object reference not set to an instance of an object. 
Trace:   at UnityEngine.Bindings.ThrowHelper.ThrowNullReferenceException (System.Object obj) [0x00018] in <5eb0ffefd25a4604963f191f59bef3cc>:0 
  at UnityEngine.Behaviour.get_isActiveAndEnabled () [0x00006] in <5eb0ffefd25a4604963f191f59bef3cc>:0 
  at PositionSync.ReceivePositionUpdate () [0x00008] in <b49ef5704cd64b5090e7799fcf031fb4>:0 
  at CRPCHeader.CallMethodLocally (System.Byte functionID) [0x000cf] in <b49ef5704cd64b5090e7799fcf031fb4>:0 
Failed to call remote method #14 on object 1359/#Dynamic ('<NULL>'). This should be fixed: Reason : Object reference not set to an instance of an object. 
Trace:   at UnityEngine.Bindings.ThrowHelper.ThrowNullReferenceException (System.Object obj) [0x00018] in <5eb0ffefd25a4604963f191f59bef3cc>:0 
  at UnityEngine.Behaviour.get_isActiveAndEnabled () [0x00006] in <5eb0ffefd25a4604963f191f59bef3cc>:0 
  at PositionSync.ReceivePositionUpdate () [0x00008] in <b49ef5704cd64b5090e7799fcf031fb4>:0 
  at CRPCHeader.CallMethodLocally (System.Byte functionID) [0x000cf] in <b49ef5704cd64b5090e7799fcf031fb4>:0 
Failed to call remote method #17 on object 1252/#Dynamic ('<NULL>'). This should be fixed: Reason : Object reference not set to an instance of an object. 
Trace:   at UnityEngine.Bindings.ThrowHelper.ThrowNullReferenceException (System.Object obj) [0x00018] in <5eb0ffefd25a4604963f191f59bef3cc>:0 
  at UnityEngine.Behaviour.get_isActiveAndEnabled () [0x00006] in <5eb0ffefd25a4604963f191f59bef3cc>:0 
  at PositionSync.ReceivePositionUpdate () [0x00008] in <b49ef5704cd64b5090e7799fcf031fb4>:0 
  at CRPCHeader.CallMethodLocally (System.Byte functionID) [0x000cf] in <b49ef5704cd64b5090e7799fcf031fb4>:0 
Failed to call remote method #6 on object 1225/#Dynamic ('<NULL>'). This should be fixed: Reason : Object reference not set to an instance of an object. 
Trace:   at UnityEngine.Bindings.ThrowHelper.ThrowNullReferenceException (System.Object obj) [0x00018] in <5eb0ffefd25a4604963f191f59bef3cc>:0 
  at UnityEngine.Behaviour.get_isActiveAndEnabled () [0x00006] in <5eb0ffefd25a4604963f191f59bef3cc>:0 
  at PositionSync.ReceivePositionUpdate () [0x00008] in <b49ef5704cd64b5090e7799fcf031fb4>:0 
  at CRPCHeader.CallMethodLocally (System.Byte functionID) [0x000cf] in <b49ef5704cd64b5090e7799fcf031fb4>:0 
Failed to call remote method #4 on object 925/#Dynamic ('<NULL>'). This should be fixed: Reason : Object reference not set to an instance of an object. 
Trace:   at UnityEngine.Bindings.ThrowHelper.ThrowNullReferenceException (System.Object obj) [0x00018] in <5eb0ffefd25a4604963f191f59bef3cc>:0 
  at UnityEngine.Behaviour.get_isActiveAndEnabled () [0x00006] in <5eb0ffefd25a4604963f191f59bef3cc>:0 
  at PositionSync.ReceivePositionUpdate () [0x00008] in <b49ef5704cd64b5090e7799fcf031fb4>:0 
  at CRPCHeader.CallMethodLocally (System.Byte functionID) [0x000cf] in <b49ef5704cd64b5090e7799fcf031fb4>:0 
Failed to call remote method #11 on object 1005/#Dynamic ('<NULL>'). This should be fixed: Reason : Object reference not set to an instance of an object. 
Trace:   at UnityEngine.Bindings.ThrowHelper.ThrowNullReferenceException (System.Object obj) [0x00018] in <5eb0ffefd25a4604963f191f59bef3cc>:0 
  at UnityEngine.Behaviour.get_isActiveAndEnabled () [0x00006] in <5eb0ffefd25a4604963f191f59bef3cc>:0 
  at PositionSync.ReceivePositionUpdate () [0x00008] in <b49ef5704cd64b5090e7799fcf031fb4>:0 
  at CRPCHeader.CallMethodLocally (System.Byte functionID) [0x000cf] in <b49ef5704cd64b5090e7799fcf031fb4>:0 
Failed to call remote method #17 on object 1264/#Dynamic ('<NULL>'). This should be fixed: Reason : Object reference not set to an instance of an object. 
Trace:   at UnityEngine.Bindings.ThrowHelper.ThrowNullReferenceException (System.Object obj) [0x00018] in <5eb0ffefd25a4604963f191f59bef3cc>:0 
  at UnityEngine.Behaviour.get_isActiveAndEnabled () [0x00006] in <5eb0ffefd25a4604963f191f59bef3cc>:0 
  at PositionSync.ReceivePositionUpdate () [0x00008] in <b49ef5704cd64b5090e7799fcf031fb4>:0 
  at CRPCHeader.CallMethodLocally (System.Byte functionID) [0x000cf] in <b49ef5704cd64b5090e7799fcf031fb4>:0 
Failed to call remote method #17 on object 1284/#Dynamic ('<NULL>'). This should be fixed: Reason : Object reference not set to an instance of an object. 
Trace:   at UnityEngine.Bindings.ThrowHelper.ThrowNullReferenceException (System.Object obj) [0x00018] in <5eb0ffefd25a4604963f191f59bef3cc>:0 
  at UnityEngine.Behaviour.get_isActiveAndEnabled () [0x00006] in <5eb0ffefd25a4604963f191f59bef3cc>:0 
  at PositionSync.ReceivePositionUpdate () [0x00008] in <b49ef5704cd64b5090e7799fcf031fb4>:0 
  at CRPCHeader.CallMethodLocally (System.Byte functionID) [0x000cf] in <b49ef5704cd64b5090e7799fcf031fb4>:0 
Failed to call remote method #17 on object 1296/#Dynamic ('<NULL>'). This should be fixed: Reason : Object reference not set to an instance of an object. 
Trace:   at UnityEngine.Bindings.ThrowHelper.ThrowNullReferenceException (System.Object obj) [0x00018] in <5eb0ffefd25a4604963f191f59bef3cc>:0 
  at UnityEngine.Behaviour.get_isActiveAndEnabled () [0x00006] in <5eb0ffefd25a4604963f191f59bef3cc>:0 
  at PositionSync.ReceivePositionUpdate () [0x00008] in <b49ef5704cd64b5090e7799fcf031fb4>:0 
  at CRPCHeader.CallMethodLocally (System.Byte functionID) [0x000cf] in <b49ef5704cd64b5090e7799fcf031fb4>:0 
Failed to call remote method #17 on object 1305/#Dynamic ('<NULL>'). This should be fixed: Reason : Object reference not set to an instance of an object. 
Trace:   at UnityEngine.Bindings.ThrowHelper.ThrowNullReferenceException (System.Object obj) [0x00018] in <5eb0ffefd25a4604963f191f59bef3cc>:0 
  at UnityEngine.Behaviour.get_isActiveAndEnabled () [0x00006] in <5eb0ffefd25a4604963f191f59bef3cc>:0 
  at PositionSync.ReceivePositionUpdate () [0x00008] in <b49ef5704cd64b5090e7799fcf031fb4>:0 
  at CRPCHeader.CallMethodLocally (System.Byte functionID) [0x000cf] in <b49ef5704cd64b5090e7799fcf031fb4>:0 
Failed to call remote method #11 on object 1033/#Dynamic ('<NULL>'). This should be fixed: Reason : Object reference not set to an instance of an object. 
Trace:   at UnityEngine.Bindings.ThrowHelper.ThrowNullReferenceException (System.Object obj) [0x00018] in <5eb0ffefd25a4604963f191f59bef3cc>:0 
  at UnityEngine.Behaviour.get_isActiveAndEnabled () [0x00006] in <5eb0ffefd25a4604963f191f59bef3cc>:0 
  at PositionSync.ReceivePositionUpdate () [0x00008] in <b49ef5704cd64b5090e7799fcf031fb4>:0 
  at CRPCHeader.CallMethodLocally (System.Byte functionID) [0x000cf] in <b49ef5704cd64b5090e7799fcf031fb4>:0 
Failed to call remote method #6 on object 1223/#Dynamic ('<NULL>'). This should be fixed: Reason : Object reference not set to an instance of an object. 
Trace:   at UnityEngine.Bindings.ThrowHelper.ThrowNullReferenceException (System.Object obj) [0x00018] in <5eb0ffefd25a4604963f191f59bef3cc>:0 
  at UnityEngine.Behaviour.get_isActiveAndEnabled () [0x00006] in <5eb0ffefd25a4604963f191f59bef3cc>:0 
  at PositionSync.ReceivePositionUpdate () [0x00008] in <b49ef5704cd64b5090e7799fcf031fb4>:0 
  at CRPCHeader.CallMethodLocally (System.Byte functionID) [0x000cf] in <b49ef5704cd64b5090e7799fcf031fb4>:0 
Failed to call remote method #6 on object 1234/#Dynamic ('<NULL>'). This should be fixed: Reason : Object reference not set to an instance of an object. 
Trace:   at UnityEngine.Bindings.ThrowHelper.ThrowNullReferenceException (System.Object obj) [0x00018] in <5eb0ffefd25a4604963f191f59bef3cc>:0 
  at UnityEngine.Behaviour.get_isActiveAndEnabled () [0x00006] in <5eb0ffefd25a4604963f191f59bef3cc>:0 
  at PositionSync.ReceivePositionUpdate () [0x00008] in <b49ef5704cd64b5090e7799fcf031fb4>:0 
  at CRPCHeader.CallMethodLocally (System.Byte functionID) [0x000cf] in <b49ef5704cd64b5090e7799fcf031fb4>:0 
Failed to call remote method #11 on object 1004/#Dynamic ('<NULL>'). This should be fixed: Reason : Object reference not set to an instance of an object. 
Trace:   at UnityEngine.Bindings.ThrowHelper.ThrowNullReferenceException (System.Object obj) [0x00018] in <5eb0ffefd25a4604963f191f59bef3cc>:0 
  at UnityEngine.Behaviour.get_isActiveAndEnabled () [0x00006] in <5eb0ffefd25a4604963f191f59bef3cc>:0 
  at PositionSync.ReceivePositionUpdate () [0x00008] in <b49ef5704cd64b5090e7799fcf031fb4>:0 
  at CRPCHeader.CallMethodLocally (System.Byte functionID) [0x000cf] in <b49ef5704cd64b5090e7799fcf031fb4>:0 
Failed to call remote method #0 on object 1040/#Dynamic ('<NULL>'). This should be fixed: Reason : Object reference not set to an instance of an object. 
Trace:   at UnityEngine.Bindings.ThrowHelper.ThrowNullReferenceException (System.Object obj) [0x00018] in <5eb0ffefd25a4604963f191f59bef3cc>:0 
  at UnityEngine.Component.get_transform () [0x00006] in <5eb0ffefd25a4604963f191f59bef3cc>:0 
  at Grass.RecvGrassState () [0x00000] in <b49ef5704cd64b5090e7799fcf031fb4>:0 
  at CRPCHeader.CallMethodLocally (System.Byte functionID) [0x000cf] in <b49ef5704cd64b5090e7799fcf031fb4>:0 
Failed to call remote method #0 on object 1042/#Dynamic ('<NULL>'). This should be fixed: Reason : Object reference not set to an instance of an object. 
Trace:   at UnityEngine.Bindings.ThrowHelper.ThrowNullReferenceException (System.Object obj) [0x00018] in <5eb0ffefd25a4604963f191f59bef3cc>:0 
  at UnityEngine.Component.get_transform () [0x00006] in <5eb0ffefd25a4604963f191f59bef3cc>:0 
  at Grass.RecvGrassState () [0x00000] in <b49ef5704cd64b5090e7799fcf031fb4>:0 
  at CRPCHeader.CallMethodLocally (System.Byte functionID) [0x000cf] in <b49ef5704cd64b5090e7799fcf031fb4>:0 
Failed to call remote method #0 on object 1047/#Dynamic ('<NULL>'). This should be fixed: Reason : Object reference not set to an instance of an object. 
Trace:   at UnityEngine.Bindings.ThrowHelper.ThrowNullReferenceException (System.Object obj) [0x00018] in <5eb0ffefd25a4604963f191f59bef3cc>:0 
  at UnityEngine.Component.get_transform () [0x00006] in <5eb0ffefd25a4604963f191f59bef3cc>:0 
  at Grass.RecvGrassState () [0x00000] in <b49ef5704cd64b5090e7799fcf031fb4>:0 
  at CRPCHeader.CallMethodLocally (System.Byte functionID) [0x000cf] in <b49ef5704cd64b5090e7799fcf031fb4>:0 
Failed to call remote method #0 on object 1051/#Dynamic ('<NULL>'). This should be fixed: Reason : Object reference not set to an instance of an object. 
Trace:   at UnityEngine.Bindings.ThrowHelper.ThrowNullReferenceException (System.Object obj) [0x00018] in <5eb0ffefd25a4604963f191f59bef3cc>:0 
  at UnityEngine.Component.get_transform () [0x00006] in <5eb0ffefd25a4604963f191f59bef3cc>:0 
  at Grass.RecvGrassState () [0x00000] in <b49ef5704cd64b5090e7799fcf031fb4>:0 
  at CRPCHeader.CallMethodLocally (System.Byte functionID) [0x000cf] in <b49ef5704cd64b5090e7799fcf031fb4>:0 
Failed to call remote method #0 on object 1425/#Dynamic ('<NULL>'). This should be fixed: Reason : Object reference not set to an instance of an object. 
Trace:   at UnityEngine.Bindings.ThrowHelper.ThrowNullReferenceException (System.Object obj) [0x00018] in <5eb0ffefd25a4604963f191f59bef3cc>:0 
  at UnityEngine.Component.get_transform () [0x00006] in <5eb0ffefd25a4604963f191f59bef3cc>:0 
  at Grass.RecvGrassState () [0x00000] in <b49ef5704cd64b5090e7799fcf031fb4>:0 
  at CRPCHeader.CallMethodLocally (System.Byte functionID) [0x000cf] in <b49ef5704cd64b5090e7799fcf031fb4>:0 
Failed to call remote method #0 on object 1428/#Dynamic ('<NULL>'). This should be fixed: Reason : Object reference not set to an instance of an object. 
Trace:   at UnityEngine.Bindings.ThrowHelper.ThrowNullReferenceException (System.Object obj) [0x00018] in <5eb0ffefd25a4604963f191f59bef3cc>:0 
  at UnityEngine.Component.get_transform () [0x00006] in <5eb0ffefd25a4604963f191f59bef3cc>:0 
  at Grass.RecvGrassState () [0x00000] in <b49ef5704cd64b5090e7799fcf031fb4>:0 
  at CRPCHeader.CallMethodLocally (System.Byte functionID) [0x000cf] in <b49ef5704cd64b5090e7799fcf031fb4>:0 
Failed to call remote method #0 on object 1363/#Dynamic ('<NULL>'). This should be fixed: Reason : Object reference not set to an instance of an object. 
Trace:   at UnityEngine.Bindings.ThrowHelper.ThrowNullReferenceException (System.Object obj) [0x00018] in <5eb0ffefd25a4604963f191f59bef3cc>:0 
  at UnityEngine.Component.get_transform () [0x00006] in <5eb0ffefd25a4604963f191f59bef3cc>:0 
  at Grass.RecvGrassState () [0x00000] in <b49ef5704cd64b5090e7799fcf031fb4>:0 
  at CRPCHeader.CallMethodLocally (System.Byte functionID) [0x000cf] in <b49ef5704cd64b5090e7799fcf031fb4>:0 
Failed to call remote method #0 on object 1388/#Dynamic ('<NULL>'). This should be fixed: Reason : Object reference not set to an instance of an object. 
Trace:   at UnityEngine.Bindings.ThrowHelper.ThrowNullReferenceException (System.Object obj) [0x00018] in <5eb0ffefd25a4604963f191f59bef3cc>:0 
  at UnityEngine.Component.get_transform () [0x00006] in <5eb0ffefd25a4604963f191f59bef3cc>:0 
  at Grass.RecvGrassState () [0x00000] in <b49ef5704cd64b5090e7799fcf031fb4>:0 
  at CRPCHeader.CallMethodLocally (System.Byte functionID) [0x000cf] in <b49ef5704cd64b5090e7799fcf031fb4>:0 
Failed to call remote method #0 on object 1339/#Dynamic ('<NULL>'). This should be fixed: Reason : Object reference not set to an instance of an object. 
Trace:   at UnityEngine.Bindings.ThrowHelper.ThrowNullReferenceException (System.Object obj) [0x00018] in <5eb0ffefd25a4604963f191f59bef3cc>:0 
  at UnityEngine.Component.get_transform () [0x00006] in <5eb0ffefd25a4604963f191f59bef3cc>:0 
  at Grass.RecvGrassState () [0x00000] in <b49ef5704cd64b5090e7799fcf031fb4>:0 
  at CRPCHeader.CallMethodLocally (System.Byte functionID) [0x000cf] in <b49ef5704cd64b5090e7799fcf031fb4>:0 
Failed to call remote method #0 on object 1334/#Dynamic ('<NULL>'). This should be fixed: Reason : Object reference not set to an instance of an object. 
Trace:   at UnityEngine.Bindings.ThrowHelper.ThrowNullReferenceException (System.Object obj) [0x00018] in <5eb0ffefd25a4604963f191f59bef3cc>:0 
  at UnityEngine.Component.get_transform () [0x00006] in <5eb0ffefd25a4604963f191f59bef3cc>:0 
  at Grass.RecvGrassState () [0x00000] in <b49ef5704cd64b5090e7799fcf031fb4>:0 
  at CRPCHeader.CallMethodLocally (System.Byte functionID) [0x000cf] in <b49ef5704cd64b5090e7799fcf031fb4>:0 
Failed to call remote method #0 on object 1370/#Dynamic ('<NULL>'). This should be fixed: Reason : Object reference not set to an instance of an object. 
Trace:   at UnityEngine.Bindings.ThrowHelper.ThrowNullReferenceException (System.Object obj) [0x00018] in <5eb0ffefd25a4604963f191f59bef3cc>:0 
  at UnityEngine.Component.get_transform () [0x00006] in <5eb0ffefd25a4604963f191f59bef3cc>:0 
  at Grass.RecvGrassState () [0x00000] in <b49ef5704cd64b5090e7799fcf031fb4>:0 
  at CRPCHeader.CallMethodLocally (System.Byte functionID) [0x000cf] in <b49ef5704cd64b5090e7799fcf031fb4>:0 
Failed to call remote method #0 on object 1055/#Dynamic ('<NULL>'). This should be fixed: Reason : Object reference not set to an instance of an object. 
Trace:   at UnityEngine.Bindings.ThrowHelper.ThrowNullReferenceException (System.Object obj) [0x00018] in <5eb0ffefd25a4604963f191f59bef3cc>:0 
  at UnityEngine.Component.get_transform () [0x00006] in <5eb0ffefd25a4604963f191f59bef3cc>:0 
  at Grass.RecvGrassState () [0x00000] in <b49ef5704cd64b5090e7799fcf031fb4>:0 
  at CRPCHeader.CallMethodLocally (System.Byte functionID) [0x000cf] in <b49ef5704cd64b5090e7799fcf031fb4>:0 
Failed to call remote method #0 on object 1067/#Dynamic ('<NULL>'). This should be fixed: Reason : Object reference not set to an instance of an object. 
Trace:   at UnityEngine.Bindings.ThrowHelper.ThrowNullReferenceException (System.Object obj) [0x00018] in <5eb0ffefd25a4604963f191f59bef3cc>:0 
  at UnityEngine.Component.get_transform () [0x00006] in <5eb0ffefd25a4604963f191f59bef3cc>:0 
  at Grass.RecvGrassState () [0x00000] in <b49ef5704cd64b5090e7799fcf031fb4>:0 
  at CRPCHeader.CallMethodLocally (System.Byte functionID) [0x000cf] in <b49ef5704cd64b5090e7799fcf031fb4>:0 
Failed to call remote method #0 on object 1106/#Dynamic ('<NULL>'). This should be fixed: Reason : Object reference not set to an instance of an object. 
Trace:   at UnityEngine.Bindings.ThrowHelper.ThrowNullReferenceException (System.Object obj) [0x00018] in <5eb0ffefd25a4604963f191f59bef3cc>:0 
  at UnityEngine.Component.get_transform () [0x00006] in <5eb0ffefd25a4604963f191f59bef3cc>:0 
  at Grass.RecvGrassState () [0x00000] in <b49ef5704cd64b5090e7799fcf031fb4>:0 
  at CRPCHeader.CallMethodLocally (System.Byte functionID) [0x000cf] in <b49ef5704cd64b5090e7799fcf031fb4>:0 
Failed to call remote method #0 on object 1105/#Dynamic ('<NULL>'). This should be fixed: Reason : Object reference not set to an instance of an object. 
Trace:   at UnityEngine.Bindings.ThrowHelper.ThrowNullReferenceException (System.Object obj) [0x00018] in <5eb0ffefd25a4604963f191f59bef3cc>:0 
  at UnityEngine.Component.get_transform () [0x00006] in <5eb0ffefd25a4604963f191f59bef3cc>:0 
  at Grass.RecvGrassState () [0x00000] in <b49ef5704cd64b5090e7799fcf031fb4>:0 
  at CRPCHeader.CallMethodLocally (System.Byte functionID) [0x000cf] in <b49ef5704cd64b5090e7799fcf031fb4>:0 
Failed to call remote method #0 on object 1041/#Dynamic ('<NULL>'). This should be fixed: Reason : Object reference not set to an instance of an object. 
Trace:   at UnityEngine.Bindings.ThrowHelper.ThrowNullReferenceException (System.Object obj) [0x00018] in <5eb0ffefd25a4604963f191f59bef3cc>:0 
  at UnityEngine.Component.get_transform () [0x00006] in <5eb0ffefd25a4604963f191f59bef3cc>:0 
  at Grass.RecvGrassState () [0x00000] in <b49ef5704cd64b5090e7799fcf031fb4>:0 
  at CRPCHeader.CallMethodLocally (System.Byte functionID) [0x000cf] in <b49ef5704cd64b5090e7799fcf031fb4>:0 
Failed to call remote method #0 on object 1071/#Dynamic ('<NULL>'). This should be fixed: Reason : Object reference not set to an instance of an object. 
Trace:   at UnityEngine.Bindings.ThrowHelper.ThrowNullReferenceException (System.Object obj) [0x00018] in <5eb0ffefd25a4604963f191f59bef3cc>:0 
  at UnityEngine.Component.get_transform () [0x00006] in <5eb0ffefd25a4604963f191f59bef3cc>:0 
  at Grass.RecvGrassState () [0x00000] in <b49ef5704cd64b5090e7799fcf031fb4>:0 
  at CRPCHeader.CallMethodLocally (System.Byte functionID) [0x000cf] in <b49ef5704cd64b5090e7799fcf031fb4>:0 
Failed to call remote method #0 on object 1072/#Dynamic ('<NULL>'). This should be fixed: Reason : Object reference not set to an instance of an object. 
Trace:   at UnityEngine.Bindings.ThrowHelper.ThrowNullReferenceException (System.Object obj) [0x00018] in <5eb0ffefd25a4604963f191f59bef3cc>:0 
  at UnityEngine.Component.get_transform () [0x00006] in <5eb0ffefd25a4604963f191f59bef3cc>:0 
  at Grass.RecvGrassState () [0x00000] in <b49ef5704cd64b5090e7799fcf031fb4>:0 
  at CRPCHeader.CallMethodLocally (System.Byte functionID) [0x000cf] in <b49ef5704cd64b5090e7799fcf031fb4>:0 
Failed to call remote method #0 on object 1117/#Dynamic ('<NULL>'). This should be fixed: Reason : Object reference not set to an instance of an object. 
Trace:   at UnityEngine.Bindings.ThrowHelper.ThrowNullReferenceException (System.Object obj) [0x00018] in <5eb0ffefd25a4604963f191f59bef3cc>:0 
  at UnityEngine.Component.get_transform () [0x00006] in <5eb0ffefd25a4604963f191f59bef3cc>:0 
  at Grass.RecvGrassState () [0x00000] in <b49ef5704cd64b5090e7799fcf031fb4>:0 
  at CRPCHeader.CallMethodLocally (System.Byte functionID) [0x000cf] in <b49ef5704cd64b5090e7799fcf031fb4>:0 
Failed to call remote method #0 on object 1078/#Dynamic ('<NULL>'). This should be fixed: Reason : Object reference not set to an instance of an object. 
Trace:   at UnityEngine.Bindings.ThrowHelper.ThrowNullReferenceException (System.Object obj) [0x00018] in <5eb0ffefd25a4604963f191f59bef3cc>:0 
  at UnityEngine.Component.get_transform () [0x00006] in <5eb0ffefd25a4604963f191f59bef3cc>:0 
  at Grass.RecvGrassState () [0x00000] in <b49ef5704cd64b5090e7799fcf031fb4>:0 
  at CRPCHeader.CallMethodLocally (System.Byte functionID) [0x000cf] in <b49ef5704cd64b5090e7799fcf031fb4>:0 
Failed to call remote method #0 on object 1125/#Dynamic ('<NULL>'). This should be fixed: Reason : Object reference not set to an instance of an object. 
Trace:   at UnityEngine.Bindings.ThrowHelper.ThrowNullReferenceException (System.Object obj) [0x00018] in <5eb0ffefd25a4604963f191f59bef3cc>:0 
  at UnityEngine.Component.get_transform () [0x00006] in <5eb0ffefd25a4604963f191f59bef3cc>:0 
  at Grass.RecvGrassState () [0x00000] in <b49ef5704cd64b5090e7799fcf031fb4>:0 
  at CRPCHeader.CallMethodLocally (System.Byte functionID) [0x000cf] in <b49ef5704cd64b5090e7799fcf031fb4>:0 
Failed to call remote method #0 on object 1129/#Dynamic ('<NULL>'). This should be fixed: Reason : Object reference not set to an instance of an object. 
Trace:   at UnityEngine.Bindings.ThrowHelper.ThrowNullReferenceException (System.Object obj) [0x00018] in <5eb0ffefd25a4604963f191f59bef3cc>:0 
  at UnityEngine.Component.get_transform () [0x00006] in <5eb0ffefd25a4604963f191f59bef3cc>:0 
  at Grass.RecvGrassState () [0x00000] in <b49ef5704cd64b5090e7799fcf031fb4>:0 
  at CRPCHeader.CallMethodLocally (System.Byte functionID) [0x000cf] in <b49ef5704cd64b5090e7799fcf031fb4>:0 
Failed to call remote method #0 on object 1132/#Dynamic ('<NULL>'). This should be fixed: Reason : Object reference not set to an instance of an object. 
Trace:   at UnityEngine.Bindings.ThrowHelper.ThrowNullReferenceException (System.Object obj) [0x00018] in <5eb0ffefd25a4604963f191f59bef3cc>:0 
  at UnityEngine.Component.get_transform () [0x00006] in <5eb0ffefd25a4604963f191f59bef3cc>:0 
  at Grass.RecvGrassState () [0x00000] in <b49ef5704cd64b5090e7799fcf031fb4>:0 
  at CRPCHeader.CallMethodLocally (System.Byte functionID) [0x000cf] in <b49ef5704cd64b5090e7799fcf031fb4>:0 
Failed to call remote method #0 on object 1137/#Dynamic ('<NULL>'). This should be fixed: Reason : Object reference not set to an instance of an object. 
Trace:   at UnityEngine.Bindings.ThrowHelper.ThrowNullReferenceException (System.Object obj) [0x00018] in <5eb0ffefd25a4604963f191f59bef3cc>:0 
  at UnityEngine.Component.get_transform () [0x00006] in <5eb0ffefd25a4604963f191f59bef3cc>:0 
  at Grass.RecvGrassState () [0x00000] in <b49ef5704cd64b5090e7799fcf031fb4>:0 
  at CRPCHeader.CallMethodLocally (System.Byte functionID) [0x000cf] in <b49ef5704cd64b5090e7799fcf031fb4>:0 
Failed to call remote method #2 on object 1027/#SemiStatic ('<NULL>'). This should be fixed: Reason : Object reference not set to an instance of an object. 
Trace:   at UnityEngine.Bindings.ThrowHelper.ThrowNullReferenceException (System.Object obj) [0x00018] in <5eb0ffefd25a4604963f191f59bef3cc>:0 
  at UnityEngine.Animator.SetFloatID (System.Int32 id, System.Single value) [0x00006] in <05de2c0e854d4e60bfd6ad0aed87cccc>:0 
  at UnityEngine.Animator.SetFloat (System.Int32 id, System.Single value) [0x00001] in <05de2c0e854d4e60bfd6ad0aed87cccc>:0 
  at CaveEnemySpawner.OnDamageUpdate () [0x0001a] in <b49ef5704cd64b5090e7799fcf031fb4>:0 
  at Damageable.RecvHP () [0x00032] in <b49ef5704cd64b5090e7799fcf031fb4>:0 
  at CRPCHeader.CallMethodLocally (System.Byte functionID) [0x000cf] in <b49ef5704cd64b5090e7799fcf031fb4>:0 
Failed to call remote method #0 on object 1043/#Dynamic ('<NULL>'). This should be fixed: Reason : Object reference not set to an instance of an object. 
Trace:   at UnityEngine.Bindings.ThrowHelper.ThrowNullReferenceException (System.Object obj) [0x00018] in <5eb0ffefd25a4604963f191f59bef3cc>:0 
  at UnityEngine.Component.get_transform () [0x00006] in <5eb0ffefd25a4604963f191f59bef3cc>:0 
  at Grass.RecvGrassState () [0x00000] in <b49ef5704cd64b5090e7799fcf031fb4>:0 
  at CRPCHeader.CallMethodLocally (System.Byte functionID) [0x000cf] in <b49ef5704cd64b5090e7799fcf031fb4>:0 
Failed to call remote method #0 on object 1044/#Dynamic ('<NULL>'). This should be fixed: Reason : Object reference not set to an instance of an object. 
Trace:   at UnityEngine.Bindings.ThrowHelper.ThrowNullReferenceException (System.Object obj) [0x00018] in <5eb0ffefd25a4604963f191f59bef3cc>:0 
  at UnityEngine.Component.get_transform () [0x00006] in <5eb0ffefd25a4604963f191f59bef3cc>:0 
  at Grass.RecvGrassState () [0x00000] in <b49ef5704cd64b5090e7799fcf031fb4>:0 
  at CRPCHeader.CallMethodLocally (System.Byte functionID) [0x000cf] in <b49ef5704cd64b5090e7799fcf031fb4>:0 
Failed to call remote method #0 on object 1045/#Dynamic ('<NULL>'). This should be fixed: Reason : Object reference not set to an instance of an object. 
Trace:   at UnityEngine.Bindings.ThrowHelper.ThrowNullReferenceException (System.Object obj) [0x00018] in <5eb0ffefd25a4604963f191f59bef3cc>:0 
  at UnityEngine.Component.get_transform () [0x00006] in <5eb0ffefd25a4604963f191f59bef3cc>:0 
  at Grass.RecvGrassState () [0x00000] in <b49ef5704cd64b5090e7799fcf031fb4>:0 
  at CRPCHeader.CallMethodLocally (System.Byte functionID) [0x000cf] in <b49ef5704cd64b5090e7799fcf031fb4>:0 
Failed to call remote method #0 on object 1048/#Dynamic ('<NULL>'). This should be fixed: Reason : Object reference not set to an instance of an object. 
Trace:   at UnityEngine.Bindings.ThrowHelper.ThrowNullReferenceException (System.Object obj) [0x00018] in <5eb0ffefd25a4604963f191f59bef3cc>:0 
  at UnityEngine.Component.get_transform () [0x00006] in <5eb0ffefd25a4604963f191f59bef3cc>:0 
  at Grass.RecvGrassState () [0x00000] in <b49ef5704cd64b5090e7799fcf031fb4>:0 
  at CRPCHeader.CallMethodLocally (System.Byte functionID) [0x000cf] in <b49ef5704cd64b5090e7799fcf031fb4>:0 
Failed to call remote method #0 on object 1049/#Dynamic ('<NULL>'). This should be fixed: Reason : Object reference not set to an instance of an object. 
Trace:   at UnityEngine.Bindings.ThrowHelper.ThrowNullReferenceException (System.Object obj) [0x00018] in <5eb0ffefd25a4604963f191f59bef3cc>:0 
  at UnityEngine.Component.get_transform () [0x00006] in <5eb0ffefd25a4604963f191f59bef3cc>:0 
  at Grass.RecvGrassState () [0x00000] in <b49ef5704cd64b5090e7799fcf031fb4>:0 
  at CRPCHeader.CallMethodLocally (System.Byte functionID) [0x000cf] in <b49ef5704cd64b5090e7799fcf031fb4>:0 
Failed to call remote method #0 on object 1052/#Dynamic ('<NULL>'). This should be fixed: Reason : Object reference not set to an instance of an object. 
Trace:   at UnityEngine.Bindings.ThrowHelper.ThrowNullReferenceException (System.Object obj) [0x00018] in <5eb0ffefd25a4604963f191f59bef3cc>:0 
  at UnityEngine.Component.get_transform () [0x00006] in <5eb0ffefd25a4604963f191f59bef3cc>:0 
  at Grass.RecvGrassState () [0x00000] in <b49ef5704cd64b5090e7799fcf031fb4>:0 
  at CRPCHeader.CallMethodLocally (System.Byte functionID) [0x000cf] in <b49ef5704cd64b5090e7799fcf031fb4>:0 
Failed to call remote method #0 on object 1053/#Dynamic ('<NULL>'). This should be fixed: Reason : Object reference not set to an instance of an object. 
Trace:   at UnityEngine.Bindings.ThrowHelper.ThrowNullReferenceException (System.Object obj) [0x00018] in <5eb0ffefd25a4604963f191f59bef3cc>:0 
  at UnityEngine.Component.get_transform () [0x00006] in <5eb0ffefd25a4604963f191f59bef3cc>:0 
  at Grass.RecvGrassState () [0x00000] in <b49ef5704cd64b5090e7799fcf031fb4>:0 
  at CRPCHeader.CallMethodLocally (System.Byte functionID) [0x000cf] in <b49ef5704cd64b5090e7799fcf031fb4>:0 
Failed to call remote method #0 on object 1054/#Dynamic ('<NULL>'). This should be fixed: Reason : Object reference not set to an instance of an object. 
Trace:   at UnityEngine.Bindings.ThrowHelper.ThrowNullReferenceException (System.Object obj) [0x00018] in <5eb0ffefd25a4604963f191f59bef3cc>:0 
  at UnityEngine.Component.get_transform () [0x00006] in <5eb0ffefd25a4604963f191f59bef3cc>:0 
  at Grass.RecvGrassState () [0x00000] in <b49ef5704cd64b5090e7799fcf031fb4>:0 
  at CRPCHeader.CallMethodLocally (System.Byte functionID) [0x000cf] in <b49ef5704cd64b5090e7799fcf031fb4>:0 
Failed to call remote method #0 on object 1056/#Dynamic ('<NULL>'). This should be fixed: Reason : Object reference not set to an instance of an object. 
Trace:   at UnityEngine.Bindings.ThrowHelper.ThrowNullReferenceException (System.Object obj) [0x00018] in <5eb0ffefd25a4604963f191f59bef3cc>:0 
  at UnityEngine.Component.get_transform () [0x00006] in <5eb0ffefd25a4604963f191f59bef3cc>:0 
  at Grass.RecvGrassState () [0x00000] in <b49ef5704cd64b5090e7799fcf031fb4>:0 
  at CRPCHeader.CallMethodLocally (System.Byte functionID) [0x000cf] in <b49ef5704cd64b5090e7799fcf031fb4>:0 
Failed to call remote method #0 on object 1057/#Dynamic ('<NULL>'). This should be fixed: Reason : Object reference not set to an instance of an object. 
Trace:   at UnityEngine.Bindings.ThrowHelper.ThrowNullReferenceException (System.Object obj) [0x00018] in <5eb0ffefd25a4604963f191f59bef3cc>:0 
  at UnityEngine.Component.get_transform () [0x00006] in <5eb0ffefd25a4604963f191f59bef3cc>:0 
  at Grass.RecvGrassState () [0x00000] in <b49ef5704cd64b5090e7799fcf031fb4>:0 
  at CRPCHeader.CallMethodLocally (System.Byte functionID) [0x000cf] in <b49ef5704cd64b5090e7799fcf031fb4>:0 
Failed to call remote method #0 on object 1058/#Dynamic ('<NULL>'). This should be fixed: Reason : Object reference not set to an instance of an object. 
Trace:   at UnityEngine.Bindings.ThrowHelper.ThrowNullReferenceException (System.Object obj) [0x00018] in <5eb0ffefd25a4604963f191f59bef3cc>:0 
  at UnityEngine.Component.get_transform () [0x00006] in <5eb0ffefd25a4604963f191f59bef3cc>:0 
  at Grass.RecvGrassState () [0x00000] in <b49ef5704cd64b5090e7799fcf031fb4>:0 
  at CRPCHeader.CallMethodLocally (System.Byte functionID) [0x000cf] in <b49ef5704cd64b5090e7799fcf031fb4>:0 
Failed to call remote method #0 on object 1059/#Dynamic ('<NULL>'). This should be fixed: Reason : Object reference not set to an instance of an object. 
Trace:   at UnityEngine.Bindings.ThrowHelper.ThrowNullReferenceException (System.Object obj) [0x00018] in <5eb0ffefd25a4604963f191f59bef3cc>:0 
  at UnityEngine.Component.get_transform () [0x00006] in <5eb0ffefd25a4604963f191f59bef3cc>:0 
  at Grass.RecvGrassState () [0x00000] in <b49ef5704cd64b5090e7799fcf031fb4>:0 
  at CRPCHeader.CallMethodLocally (System.Byte functionID) [0x000cf] in <b49ef5704cd64b5090e7799fcf031fb4>:0 
Failed to call remote method #0 on object 1068/#Dynamic ('<NULL>'). This should be fixed: Reason : Object reference not set to an instance of an object. 
Trace:   at UnityEngine.Bindings.ThrowHelper.ThrowNullReferenceException (System.Object obj) [0x00018] in <5eb0ffefd25a4604963f191f59bef3cc>:0 
  at UnityEngine.Component.get_transform () [0x00006] in <5eb0ffefd25a4604963f191f59bef3cc>:0 
  at Grass.RecvGrassState () [0x00000] in <b49ef5704cd64b5090e7799fcf031fb4>:0 
  at CRPCHeader.CallMethodLocally (System.Byte functionID) [0x000cf] in <b49ef5704cd64b5090e7799fcf031fb4>:0 
Failed to call remote method #0 on object 1069/#Dynamic ('<NULL>'). This should be fixed: Reason : Object reference not set to an instance of an object. 
Trace:   at UnityEngine.Bindings.ThrowHelper.ThrowNullReferenceException (System.Object obj) [0x00018] in <5eb0ffefd25a4604963f191f59bef3cc>:0 
  at UnityEngine.Component.get_transform () [0x00006] in <5eb0ffefd25a4604963f191f59bef3cc>:0 
  at Grass.RecvGrassState () [0x00000] in <b49ef5704cd64b5090e7799fcf031fb4>:0 
  at CRPCHeader.CallMethodLocally (System.Byte functionID) [0x000cf] in <b49ef5704cd64b5090e7799fcf031fb4>:0 
Failed to call remote method #0 on object 1070/#Dynamic ('<NULL>'). This should be fixed: Reason : Object reference not set to an instance of an object. 
Trace:   at UnityEngine.Bindings.ThrowHelper.ThrowNullReferenceException (System.Object obj) [0x00018] in <5eb0ffefd25a4604963f191f59bef3cc>:0 
  at UnityEngine.Component.get_transform () [0x00006] in <5eb0ffefd25a4604963f191f59bef3cc>:0 
  at Grass.RecvGrassState () [0x00000] in <b49ef5704cd64b5090e7799fcf031fb4>:0 
  at CRPCHeader.CallMethodLocally (System.Byte functionID) [0x000cf] in <b49ef5704cd64b5090e7799fcf031fb4>:0 
Failed to call remote method #0 on object 1073/#Dynamic ('<NULL>'). This should be fixed: Reason : Object reference not set to an instance of an object. 
Trace:   at UnityEngine.Bindings.ThrowHelper.ThrowNullReferenceException (System.Object obj) [0x00018] in <5eb0ffefd25a4604963f191f59bef3cc>:0 
  at UnityEngine.Component.get_transform () [0x00006] in <5eb0ffefd25a4604963f191f59bef3cc>:0 
  at Grass.RecvGrassState () [0x00000] in <b49ef5704cd64b5090e7799fcf031fb4>:0 
  at CRPCHeader.CallMethodLocally (System.Byte functionID) [0x000cf] in <b49ef5704cd64b5090e7799fcf031fb4>:0 
Failed to call remote method #0 on object 1074/#Dynamic ('<NULL>'). This should be fixed: Reason : Object reference not set to an instance of an object. 
Trace:   at UnityEngine.Bindings.ThrowHelper.ThrowNullReferenceException (System.Object obj) [0x00018] in <5eb0ffefd25a4604963f191f59bef3cc>:0 
  at UnityEngine.Component.get_transform () [0x00006] in <5eb0ffefd25a4604963f191f59bef3cc>:0 
  at Grass.RecvGrassState () [0x00000] in <b49ef5704cd64b5090e7799fcf031fb4>:0 
  at CRPCHeader.CallMethodLocally (System.Byte functionID) [0x000cf] in <b49ef5704cd64b5090e7799fcf031fb4>:0 
Failed to call remote method #0 on object 1075/#Dynamic ('<NULL>'). This should be fixed: Reason : Object reference not set to an instance of an object. 
Trace:   at UnityEngine.Bindings.ThrowHelper.ThrowNullReferenceException (System.Object obj) [0x00018] in <5eb0ffefd25a4604963f191f59bef3cc>:0 
  at UnityEngine.Component.get_transform () [0x00006] in <5eb0ffefd25a4604963f191f59bef3cc>:0 
  at Grass.RecvGrassState () [0x00000] in <b49ef5704cd64b5090e7799fcf031fb4>:0 
  at CRPCHeader.CallMethodLocally (System.Byte functionID) [0x000cf] in <b49ef5704cd64b5090e7799fcf031fb4>:0 
Failed to call remote method #0 on object 1076/#Dynamic ('<NULL>'). This should be fixed: Reason : Object reference not set to an instance of an object. 
Trace:   at UnityEngine.Bindings.ThrowHelper.ThrowNullReferenceException (System.Object obj) [0x00018] in <5eb0ffefd25a4604963f191f59bef3cc>:0 
  at UnityEngine.Component.get_transform () [0x00006] in <5eb0ffefd25a4604963f191f59bef3cc>:0 
  at Grass.RecvGrassState () [0x00000] in <b49ef5704cd64b5090e7799fcf031fb4>:0 
  at CRPCHeader.CallMethodLocally (System.Byte functionID) [0x000cf] in <b49ef5704cd64b5090e7799fcf031fb4>:0 
Failed to call remote method #0 on object 1295/#Dynamic ('<NULL>'). This should be fixed: Reason : Object reference not set to an instance of an object. 
Trace:   at UnityEngine.Bindings.ThrowHelper.ThrowNullReferenceException (System.Object obj) [0x00018] in <5eb0ffefd25a4604963f191f59bef3cc>:0 
  at UnityEngine.Component.get_transform () [0x00006] in <5eb0ffefd25a4604963f191f59bef3cc>:0 
  at Grass.RecvGrassState () [0x00000] in <b49ef5704cd64b5090e7799fcf031fb4>:0 
  at CRPCHeader.CallMethodLocally (System.Byte functionID) [0x000cf] in <b49ef5704cd64b5090e7799fcf031fb4>:0 
Failed to call remote method #0 on object 1080/#Dynamic ('<NULL>'). This should be fixed: Reason : Object reference not set to an instance of an object. 
Trace:   at UnityEngine.Bindings.ThrowHelper.ThrowNullReferenceException (System.Object obj) [0x00018] in <5eb0ffefd25a4604963f191f59bef3cc>:0 
  at UnityEngine.Component.get_transform () [0x00006] in <5eb0ffefd25a4604963f191f59bef3cc>:0 
  at Grass.RecvGrassState () [0x00000] in <b49ef5704cd64b5090e7799fcf031fb4>:0 
  at CRPCHeader.CallMethodLocally (System.Byte functionID) [0x000cf] in <b49ef5704cd64b5090e7799fcf031fb4>:0 
Failed to call remote method #0 on object 1086/#Dynamic ('<NULL>'). This should be fixed: Reason : Object reference not set to an instance of an object. 
Trace:   at UnityEngine.Bindings.ThrowHelper.ThrowNullReferenceException (System.Object obj) [0x00018] in <5eb0ffefd25a4604963f191f59bef3cc>:0 
  at UnityEngine.Component.get_transform () [0x00006] in <5eb0ffefd25a4604963f191f59bef3cc>:0 
  at Grass.RecvGrassState () [0x00000] in <b49ef5704cd64b5090e7799fcf031fb4>:0 
  at CRPCHeader.CallMethodLocally (System.Byte functionID) [0x000cf] in <b49ef5704cd64b5090e7799fcf031fb4>:0 
Failed to call remote method #0 on object 1087/#Dynamic ('<NULL>'). This should be fixed: Reason : Object reference not set to an instance of an object. 
Trace:   at UnityEngine.Bindings.ThrowHelper.ThrowNullReferenceException (System.Object obj) [0x00018] in <5eb0ffefd25a4604963f191f59bef3cc>:0 
  at UnityEngine.Component.get_transform () [0x00006] in <5eb0ffefd25a4604963f191f59bef3cc>:0 
  at Grass.RecvGrassState () [0x00000] in <b49ef5704cd64b5090e7799fcf031fb4>:0 
  at CRPCHeader.CallMethodLocally (System.Byte functionID) [0x000cf] in <b49ef5704cd64b5090e7799fcf031fb4>:0 
Failed to call remote method #0 on object 1094/#Dynamic ('<NULL>'). This should be fixed: Reason : Object reference not set to an instance of an object. 
Trace:   at UnityEngine.Bindings.ThrowHelper.ThrowNullReferenceException (System.Object obj) [0x00018] in <5eb0ffefd25a4604963f191f59bef3cc>:0 
  at UnityEngine.Component.get_transform () [0x00006] in <5eb0ffefd25a4604963f191f59bef3cc>:0 
  at Grass.RecvGrassState () [0x00000] in <b49ef5704cd64b5090e7799fcf031fb4>:0 
  at CRPCHeader.CallMethodLocally (System.Byte functionID) [0x000cf] in <b49ef5704cd64b5090e7799fcf031fb4>:0 
Failed to call remote method #0 on object 1095/#Dynamic ('<NULL>'). This should be fixed: Reason : Object reference not set to an instance of an object. 
Trace:   at UnityEngine.Bindings.ThrowHelper.ThrowNullReferenceException (System.Object obj) [0x00018] in <5eb0ffefd25a4604963f191f59bef3cc>:0 
  at UnityEngine.Component.get_transform () [0x00006] in <5eb0ffefd25a4604963f191f59bef3cc>:0 
  at Grass.RecvGrassState () [0x00000] in <b49ef5704cd64b5090e7799fcf031fb4>:0 
  at CRPCHeader.CallMethodLocally (System.Byte functionID) [0x000cf] in <b49ef5704cd64b5090e7799fcf031fb4>:0 
Failed to call remote method #0 on object 1101/#Dynamic ('<NULL>'). This should be fixed: Reason : Object reference not set to an instance of an object. 
Trace:   at UnityEngine.Bindings.ThrowHelper.ThrowNullReferenceException (System.Object obj) [0x00018] in <5eb0ffefd25a4604963f191f59bef3cc>:0 
  at UnityEngine.Component.get_transform () [0x00006] in <5eb0ffefd25a4604963f191f59bef3cc>:0 
  at Grass.RecvGrassState () [0x00000] in <b49ef5704cd64b5090e7799fcf031fb4>:0 
  at CRPCHeader.CallMethodLocally (System.Byte functionID) [0x000cf] in <b49ef5704cd64b5090e7799fcf031fb4>:0 
Failed to call remote method #0 on object 1102/#Dynamic ('<NULL>'). This should be fixed: Reason : Object reference not set to an instance of an object. 
Trace:   at UnityEngine.Bindings.ThrowHelper.ThrowNullReferenceException (System.Object obj) [0x00018] in <5eb0ffefd25a4604963f191f59bef3cc>:0 
  at UnityEngine.Component.get_transform () [0x00006] in <5eb0ffefd25a4604963f191f59bef3cc>:0 
  at Grass.RecvGrassState () [0x00000] in <b49ef5704cd64b5090e7799fcf031fb4>:0 
  at CRPCHeader.CallMethodLocally (System.Byte functionID) [0x000cf] in <b49ef5704cd64b5090e7799fcf031fb4>:0 
Failed to call remote method #0 on object 1103/#Dynamic ('<NULL>'). This should be fixed: Reason : Object reference not set to an instance of an object. 
Trace:   at UnityEngine.Bindings.ThrowHelper.ThrowNullReferenceException (System.Object obj) [0x00018] in <5eb0ffefd25a4604963f191f59bef3cc>:0 
  at UnityEngine.Component.get_transform () [0x00006] in <5eb0ffefd25a4604963f191f59bef3cc>:0 
  at Grass.RecvGrassState () [0x00000] in <b49ef5704cd64b5090e7799fcf031fb4>:0 
  at CRPCHeader.CallMethodLocally (System.Byte functionID) [0x000cf] in <b49ef5704cd64b5090e7799fcf031fb4>:0 
Failed to call remote method #0 on object 1104/#Dynamic ('<NULL>'). This should be fixed: Reason : Object reference not set to an instance of an object. 
Trace:   at UnityEngine.Bindings.ThrowHelper.ThrowNullReferenceException (System.Object obj) [0x00018] in <5eb0ffefd25a4604963f191f59bef3cc>:0 
  at UnityEngine.Component.get_transform () [0x00006] in <5eb0ffefd25a4604963f191f59bef3cc>:0 
  at Grass.RecvGrassState () [0x00000] in <b49ef5704cd64b5090e7799fcf031fb4>:0 
  at CRPCHeader.CallMethodLocally (System.Byte functionID) [0x000cf] in <b49ef5704cd64b5090e7799fcf031fb4>:0 
Failed to call remote method #0 on object 1116/#Dynamic ('<NULL>'). This should be fixed: Reason : Object reference not set to an instance of an object. 
Trace:   at UnityEngine.Bindings.ThrowHelper.ThrowNullReferenceException (System.Object obj) [0x00018] in <5eb0ffefd25a4604963f191f59bef3cc>:0 
  at UnityEngine.Component.get_transform () [0x00006] in <5eb0ffefd25a4604963f191f59bef3cc>:0 
  at Grass.RecvGrassState () [0x00000] in <b49ef5704cd64b5090e7799fcf031fb4>:0 
  at CRPCHeader.CallMethodLocally (System.Byte functionID) [0x000cf] in <b49ef5704cd64b5090e7799fcf031fb4>:0 
Failed to call remote method #0 on object 1113/#Dynamic ('<NULL>'). This should be fixed: Reason : Object reference not set to an instance of an object. 
Trace:   at UnityEngine.Bindings.ThrowHelper.ThrowNullReferenceException (System.Object obj) [0x00018] in <5eb0ffefd25a4604963f191f59bef3cc>:0 
  at UnityEngine.Component.get_transform () [0x00006] in <5eb0ffefd25a4604963f191f59bef3cc>:0 
  at Grass.RecvGrassState () [0x00000] in <b49ef5704cd64b5090e7799fcf031fb4>:0 
  at CRPCHeader.CallMethodLocally (System.Byte functionID) [0x000cf] in <b49ef5704cd64b5090e7799fcf031fb4>:0 
Failed to call remote method #0 on object 1120/#Dynamic ('<NULL>'). This should be fixed: Reason : Object reference not set to an instance of an object. 
Trace:   at UnityEngine.Bindings.ThrowHelper.ThrowNullReferenceException (System.Object obj) [0x00018] in <5eb0ffefd25a4604963f191f59bef3cc>:0 
  at UnityEngine.Component.get_transform () [0x00006] in <5eb0ffefd25a4604963f191f59bef3cc>:0 
  at Grass.RecvGrassState () [0x00000] in <b49ef5704cd64b5090e7799fcf031fb4>:0 
  at CRPCHeader.CallMethodLocally (System.Byte functionID) [0x000cf] in <b49ef5704cd64b5090e7799fcf031fb4>:0 
Failed to call remote method #0 on object 1121/#Dynamic ('<NULL>'). This should be fixed: Reason : Object reference not set to an instance of an object. 
Trace:   at UnityEngine.Bindings.ThrowHelper.ThrowNullReferenceException (System.Object obj) [0x00018] in <5eb0ffefd25a4604963f191f59bef3cc>:0 
  at UnityEngine.Component.get_transform () [0x00006] in <5eb0ffefd25a4604963f191f59bef3cc>:0 
  at Grass.RecvGrassState () [0x00000] in <b49ef5704cd64b5090e7799fcf031fb4>:0 
  at CRPCHeader.CallMethodLocally (System.Byte functionID) [0x000cf] in <b49ef5704cd64b5090e7799fcf031fb4>:0 
Failed to call remote method #0 on object 1122/#Dynamic ('<NULL>'). This should be fixed: Reason : Object reference not set to an instance of an object. 
Trace:   at UnityEngine.Bindings.ThrowHelper.ThrowNullReferenceException (System.Object obj) [0x00018] in <5eb0ffefd25a4604963f191f59bef3cc>:0 
  at UnityEngine.Component.get_transform () [0x00006] in <5eb0ffefd25a4604963f191f59bef3cc>:0 
  at Grass.RecvGrassState () [0x00000] in <b49ef5704cd64b5090e7799fcf031fb4>:0 
  at CRPCHeader.CallMethodLocally (System.Byte functionID) [0x000cf] in <b49ef5704cd64b5090e7799fcf031fb4>:0 
Failed to call remote method #0 on object 1123/#Dynamic ('<NULL>'). This should be fixed: Reason : Object reference not set to an instance of an object. 
Trace:   at UnityEngine.Bindings.ThrowHelper.ThrowNullReferenceException (System.Object obj) [0x00018] in <5eb0ffefd25a4604963f191f59bef3cc>:0 
  at UnityEngine.Component.get_transform () [0x00006] in <5eb0ffefd25a4604963f191f59bef3cc>:0 
  at Grass.RecvGrassState () [0x00000] in <b49ef5704cd64b5090e7799fcf031fb4>:0 
  at CRPCHeader.CallMethodLocally (System.Byte functionID) [0x000cf] in <b49ef5704cd64b5090e7799fcf031fb4>:0 
Failed to call remote method #0 on object 1124/#Dynamic ('<NULL>'). This should be fixed: Reason : Object reference not set to an instance of an object. 
Trace:   at UnityEngine.Bindings.ThrowHelper.ThrowNullReferenceException (System.Object obj) [0x00018] in <5eb0ffefd25a4604963f191f59bef3cc>:0 
  at UnityEngine.Component.get_transform () [0x00006] in <5eb0ffefd25a4604963f191f59bef3cc>:0 
  at Grass.RecvGrassState () [0x00000] in <b49ef5704cd64b5090e7799fcf031fb4>:0 
  at CRPCHeader.CallMethodLocally (System.Byte functionID) [0x000cf] in <b49ef5704cd64b5090e7799fcf031fb4>:0 
Failed to call remote method #0 on object 1126/#Dynamic ('<NULL>'). This should be fixed: Reason : Object reference not set to an instance of an object. 
Trace:   at UnityEngine.Bindings.ThrowHelper.ThrowNullReferenceException (System.Object obj) [0x00018] in <5eb0ffefd25a4604963f191f59bef3cc>:0 
  at UnityEngine.Component.get_transform () [0x00006] in <5eb0ffefd25a4604963f191f59bef3cc>:0 
  at Grass.RecvGrassState () [0x00000] in <b49ef5704cd64b5090e7799fcf031fb4>:0 
  at CRPCHeader.CallMethodLocally (System.Byte functionID) [0x000cf] in <b49ef5704cd64b5090e7799fcf031fb4>:0 
Failed to call remote method #0 on object 1127/#Dynamic ('<NULL>'). This should be fixed: Reason : Object reference not set to an instance of an object. 
Trace:   at UnityEngine.Bindings.ThrowHelper.ThrowNullReferenceException (System.Object obj) [0x00018] in <5eb0ffefd25a4604963f191f59bef3cc>:0 
  at UnityEngine.Component.get_transform () [0x00006] in <5eb0ffefd25a4604963f191f59bef3cc>:0 
  at Grass.RecvGrassState () [0x00000] in <b49ef5704cd64b5090e7799fcf031fb4>:0 
  at CRPCHeader.CallMethodLocally (System.Byte functionID) [0x000cf] in <b49ef5704cd64b5090e7799fcf031fb4>:0 
Failed to call remote method #0 on object 1130/#Dynamic ('<NULL>'). This should be fixed: Reason : Object reference not set to an instance of an object. 
Trace:   at UnityEngine.Bindings.ThrowHelper.ThrowNullReferenceException (System.Object obj) [0x00018] in <5eb0ffefd25a4604963f191f59bef3cc>:0 
  at UnityEngine.Component.get_transform () [0x00006] in <5eb0ffefd25a4604963f191f59bef3cc>:0 
  at Grass.RecvGrassState () [0x00000] in <b49ef5704cd64b5090e7799fcf031fb4>:0 
  at CRPCHeader.CallMethodLocally (System.Byte functionID) [0x000cf] in <b49ef5704cd64b5090e7799fcf031fb4>:0 
Failed to call remote method #0 on object 1133/#Dynamic ('<NULL>'). This should be fixed: Reason : Object reference not set to an instance of an object. 
Trace:   at UnityEngine.Bindings.ThrowHelper.ThrowNullReferenceException (System.Object obj) [0x00018] in <5eb0ffefd25a4604963f191f59bef3cc>:0 
  at UnityEngine.Component.get_transform () [0x00006] in <5eb0ffefd25a4604963f191f59bef3cc>:0 
  at Grass.RecvGrassState () [0x00000] in <b49ef5704cd64b5090e7799fcf031fb4>:0 
  at CRPCHeader.CallMethodLocally (System.Byte functionID) [0x000cf] in <b49ef5704cd64b5090e7799fcf031fb4>:0 
Failed to call remote method #0 on object 1134/#Dynamic ('<NULL>'). This should be fixed: Reason : Object reference not set to an instance of an object. 
Trace:   at UnityEngine.Bindings.ThrowHelper.ThrowNullReferenceException (System.Object obj) [0x00018] in <5eb0ffefd25a4604963f191f59bef3cc>:0 
  at UnityEngine.Component.get_transform () [0x00006] in <5eb0ffefd25a4604963f191f59bef3cc>:0 
  at Grass.RecvGrassState () [0x00000] in <b49ef5704cd64b5090e7799fcf031fb4>:0 
  at CRPCHeader.CallMethodLocally (System.Byte functionID) [0x000cf] in <b49ef5704cd64b5090e7799fcf031fb4>:0 
Failed to call remote method #0 on object 1135/#Dynamic ('<NULL>'). This should be fixed: Reason : Object reference not set to an instance of an object. 
Trace:   at UnityEngine.Bindings.ThrowHelper.ThrowNullReferenceException (System.Object obj) [0x00018] in <5eb0ffefd25a4604963f191f59bef3cc>:0 
  at UnityEngine.Component.get_transform () [0x00006] in <5eb0ffefd25a4604963f191f59bef3cc>:0 
  at Grass.RecvGrassState () [0x00000] in <b49ef5704cd64b5090e7799fcf031fb4>:0 
  at CRPCHeader.CallMethodLocally (System.Byte functionID) [0x000cf] in <b49ef5704cd64b5090e7799fcf031fb4>:0 
Failed to call remote method #0 on object 1136/#Dynamic ('<NULL>'). This should be fixed: Reason : Object reference not set to an instance of an object. 
Trace:   at UnityEngine.Bindings.ThrowHelper.ThrowNullReferenceException (System.Object obj) [0x00018] in <5eb0ffefd25a4604963f191f59bef3cc>:0 
  at UnityEngine.Component.get_transform () [0x00006] in <5eb0ffefd25a4604963f191f59bef3cc>:0 
  at Grass.RecvGrassState () [0x00000] in <b49ef5704cd64b5090e7799fcf031fb4>:0 
  at CRPCHeader.CallMethodLocally (System.Byte functionID) [0x000cf] in <b49ef5704cd64b5090e7799fcf031fb4>:0 
Failed to call remote method #0 on object 1216/#Dynamic ('<NULL>'). This should be fixed: Reason : Object reference not set to an instance of an object. 
Trace:   at UnityEngine.Bindings.ThrowHelper.ThrowNullReferenceException (System.Object obj) [0x00018] in <5eb0ffefd25a4604963f191f59bef3cc>:0 
  at UnityEngine.Component.get_transform () [0x00006] in <5eb0ffefd25a4604963f191f59bef3cc>:0 
  at Grass.RecvGrassState () [0x00000] in <b49ef5704cd64b5090e7799fcf031fb4>:0 
  at CRPCHeader.CallMethodLocally (System.Byte functionID) [0x000cf] in <b49ef5704cd64b5090e7799fcf031fb4>:0 
Failed to call remote method #0 on object 1138/#Dynamic ('<NULL>'). This should be fixed: Reason : Object reference not set to an instance of an object. 
Trace:   at UnityEngine.Bindings.ThrowHelper.ThrowNullReferenceException (System.Object obj) [0x00018] in <5eb0ffefd25a4604963f191f59bef3cc>:0 
  at UnityEngine.Component.get_transform () [0x00006] in <5eb0ffefd25a4604963f191f59bef3cc>:0 
  at Grass.RecvGrassState () [0x00000] in <b49ef5704cd64b5090e7799fcf031fb4>:0 
  at CRPCHeader.CallMethodLocally (System.Byte functionID) [0x000cf] in <b49ef5704cd64b5090e7799fcf031fb4>:0 
Failed to call remote method #0 on object 1139/#Dynamic ('<NULL>'). This should be fixed: Reason : Object reference not set to an instance of an object. 
Trace:   at UnityEngine.Bindings.ThrowHelper.ThrowNullReferenceException (System.Object obj) [0x00018] in <5eb0ffefd25a4604963f191f59bef3cc>:0 
  at UnityEngine.Component.get_transform () [0x00006] in <5eb0ffefd25a4604963f191f59bef3cc>:0 
  at Grass.RecvGrassState () [0x00000] in <b49ef5704cd64b5090e7799fcf031fb4>:0 
  at CRPCHeader.CallMethodLocally (System.Byte functionID) [0x000cf] in <b49ef5704cd64b5090e7799fcf031fb4>:0 
Failed to call remote method #0 on object 1140/#Dynamic ('<NULL>'). This should be fixed: Reason : Object reference not set to an instance of an object. 
Trace:   at UnityEngine.Bindings.ThrowHelper.ThrowNullReferenceException (System.Object obj) [0x00018] in <5eb0ffefd25a4604963f191f59bef3cc>:0 
  at UnityEngine.Component.get_transform () [0x00006] in <5eb0ffefd25a4604963f191f59bef3cc>:0 
  at Grass.RecvGrassState () [0x00000] in <b49ef5704cd64b5090e7799fcf031fb4>:0 
  at CRPCHeader.CallMethodLocally (System.Byte functionID) [0x000cf] in <b49ef5704cd64b5090e7799fcf031fb4>:0 
Failed to call remote method #0 on object 1221/#Dynamic ('<NULL>'). This should be fixed: Reason : Object reference not set to an instance of an object. 
Trace:   at UnityEngine.Bindings.ThrowHelper.ThrowNullReferenceException (System.Object obj) [0x00018] in <5eb0ffefd25a4604963f191f59bef3cc>:0 
  at UnityEngine.Component.get_transform () [0x00006] in <5eb0ffefd25a4604963f191f59bef3cc>:0 
  at Grass.RecvGrassState () [0x00000] in <b49ef5704cd64b5090e7799fcf031fb4>:0 
  at CRPCHeader.CallMethodLocally (System.Byte functionID) [0x000cf] in <b49ef5704cd64b5090e7799fcf031fb4>:0 
Failed to call remote method #0 on object 1222/#Dynamic ('<NULL>'). This should be fixed: Reason : Object reference not set to an instance of an object. 
Trace:   at UnityEngine.Bindings.ThrowHelper.ThrowNullReferenceException (System.Object obj) [0x00018] in <5eb0ffefd25a4604963f191f59bef3cc>:0 
  at UnityEngine.Component.get_transform () [0x00006] in <5eb0ffefd25a4604963f191f59bef3cc>:0 
  at Grass.RecvGrassState () [0x00000] in <b49ef5704cd64b5090e7799fcf031fb4>:0 
  at CRPCHeader.CallMethodLocally (System.Byte functionID) [0x000cf] in <b49ef5704cd64b5090e7799fcf031fb4>:0 
Failed to call remote method #0 on object 1232/#Dynamic ('<NULL>'). This should be fixed: Reason : Object reference not set to an instance of an object. 
Trace:   at UnityEngine.Bindings.ThrowHelper.ThrowNullReferenceException (System.Object obj) [0x00018] in <5eb0ffefd25a4604963f191f59bef3cc>:0 
  at UnityEngine.Component.get_transform () [0x00006] in <5eb0ffefd25a4604963f191f59bef3cc>:0 
  at Grass.RecvGrassState () [0x00000] in <b49ef5704cd64b5090e7799fcf031fb4>:0 
  at CRPCHeader.CallMethodLocally (System.Byte functionID) [0x000cf] in <b49ef5704cd64b5090e7799fcf031fb4>:0 
Failed to call remote method #0 on object 1227/#Dynamic ('<NULL>'). This should be fixed: Reason : Object reference not set to an instance of an object. 
Trace:   at UnityEngine.Bindings.ThrowHelper.ThrowNullReferenceException (System.Object obj) [0x00018] in <5eb0ffefd25a4604963f191f59bef3cc>:0 
  at UnityEngine.Component.get_transform () [0x00006] in <5eb0ffefd25a4604963f191f59bef3cc>:0 
  at Grass.RecvGrassState () [0x00000] in <b49ef5704cd64b5090e7799fcf031fb4>:0 
  at CRPCHeader.CallMethodLocally (System.Byte functionID) [0x000cf] in <b49ef5704cd64b5090e7799fcf031fb4>:0 
Failed to call remote method #0 on object 1230/#Dynamic ('<NULL>'). This should be fixed: Reason : Object reference not set to an instance of an object. 
Trace:   at UnityEngine.Bindings.ThrowHelper.ThrowNullReferenceException (System.Object obj) [0x00018] in <5eb0ffefd25a4604963f191f59bef3cc>:0 
  at UnityEngine.Component.get_transform () [0x00006] in <5eb0ffefd25a4604963f191f59bef3cc>:0 
  at Grass.RecvGrassState () [0x00000] in <b49ef5704cd64b5090e7799fcf031fb4>:0 
  at CRPCHeader.CallMethodLocally (System.Byte functionID) [0x000cf] in <b49ef5704cd64b5090e7799fcf031fb4>:0 
Failed to call remote method #0 on object 1235/#Dynamic ('<NULL>'). This should be fixed: Reason : Object reference not set to an instance of an object. 
Trace:   at UnityEngine.Bindings.ThrowHelper.ThrowNullReferenceException (System.Object obj) [0x00018] in <5eb0ffefd25a4604963f191f59bef3cc>:0 
  at UnityEngine.Component.get_transform () [0x00006] in <5eb0ffefd25a4604963f191f59bef3cc>:0 
  at Grass.RecvGrassState () [0x00000] in <b49ef5704cd64b5090e7799fcf031fb4>:0 
  at CRPCHeader.CallMethodLocally (System.Byte functionID) [0x000cf] in <b49ef5704cd64b5090e7799fcf031fb4>:0 
Failed to call remote method #0 on object 1228/#Dynamic ('<NULL>'). This should be fixed: Reason : Object reference not set to an instance of an object. 
Trace:   at UnityEngine.Bindings.ThrowHelper.ThrowNullReferenceException (System.Object obj) [0x00018] in <5eb0ffefd25a4604963f191f59bef3cc>:0 
  at UnityEngine.Component.get_transform () [0x00006] in <5eb0ffefd25a4604963f191f59bef3cc>:0 
  at Grass.RecvGrassState () [0x00000] in <b49ef5704cd64b5090e7799fcf031fb4>:0 
  at CRPCHeader.CallMethodLocally (System.Byte functionID) [0x000cf] in <b49ef5704cd64b5090e7799fcf031fb4>:0 
Failed to call remote method #0 on object 1236/#Dynamic ('<NULL>'). This should be fixed: Reason : Object reference not set to an instance of an object. 
Trace:   at UnityEngine.Bindings.ThrowHelper.ThrowNullReferenceException (System.Object obj) [0x00018] in <5eb0ffefd25a4604963f191f59bef3cc>:0 
  at UnityEngine.Component.get_transform () [0x00006] in <5eb0ffefd25a4604963f191f59bef3cc>:0 
  at Grass.RecvGrassState () [0x00000] in <b49ef5704cd64b5090e7799fcf031fb4>:0 
  at CRPCHeader.CallMethodLocally (System.Byte functionID) [0x000cf] in <b49ef5704cd64b5090e7799fcf031fb4>:0 
Failed to call remote method #0 on object 1238/#Dynamic ('<NULL>'). This should be fixed: Reason : Object reference not set to an instance of an object. 
Trace:   at UnityEngine.Bindings.ThrowHelper.ThrowNullReferenceException (System.Object obj) [0x00018] in <5eb0ffefd25a4604963f191f59bef3cc>:0 
  at UnityEngine.Component.get_transform () [0x00006] in <5eb0ffefd25a4604963f191f59bef3cc>:0 
  at Grass.RecvGrassState () [0x00000] in <b49ef5704cd64b5090e7799fcf031fb4>:0 
  at CRPCHeader.CallMethodLocally (System.Byte functionID) [0x000cf] in <b49ef5704cd64b5090e7799fcf031fb4>:0 
Failed to call remote method #0 on object 1098/#Dynamic ('<NULL>'). This should be fixed: Reason : Object reference not set to an instance of an object. 
Trace:   at UnityEngine.Bindings.ThrowHelper.ThrowNullReferenceException (System.Object obj) [0x00018] in <5eb0ffefd25a4604963f191f59bef3cc>:0 
  at UnityEngine.Component.get_transform () [0x00006] in <5eb0ffefd25a4604963f191f59bef3cc>:0 
  at Grass.RecvGrassState () [0x00000] in <b49ef5704cd64b5090e7799fcf031fb4>:0 
  at CRPCHeader.CallMethodLocally (System.Byte functionID) [0x000cf] in <b49ef5704cd64b5090e7799fcf031fb4>:0 
Failed to call remote method #0 on object 1241/#Dynamic ('<NULL>'). This should be fixed: Reason : Object reference not set to an instance of an object. 
Trace:   at UnityEngine.Bindings.ThrowHelper.ThrowNullReferenceException (System.Object obj) [0x00018] in <5eb0ffefd25a4604963f191f59bef3cc>:0 
  at UnityEngine.Component.get_transform () [0x00006] in <5eb0ffefd25a4604963f191f59bef3cc>:0 
  at Grass.RecvGrassState () [0x00000] in <b49ef5704cd64b5090e7799fcf031fb4>:0 
  at CRPCHeader.CallMethodLocally (System.Byte functionID) [0x000cf] in <b49ef5704cd64b5090e7799fcf031fb4>:0 
Failed to call remote method #0 on object 1242/#Dynamic ('<NULL>'). This should be fixed: Reason : Object reference not set to an instance of an object. 
Trace:   at UnityEngine.Bindings.ThrowHelper.ThrowNullReferenceException (System.Object obj) [0x00018] in <5eb0ffefd25a4604963f191f59bef3cc>:0 
  at UnityEngine.Component.get_transform () [0x00006] in <5eb0ffefd25a4604963f191f59bef3cc>:0 
  at Grass.RecvGrassState () [0x00000] in <b49ef5704cd64b5090e7799fcf031fb4>:0 
  at CRPCHeader.CallMethodLocally (System.Byte functionID) [0x000cf] in <b49ef5704cd64b5090e7799fcf031fb4>:0 
Failed to call remote method #0 on object 1240/#Dynamic ('<NULL>'). This should be fixed: Reason : Object reference not set to an instance of an object. 
Trace:   at UnityEngine.Bindings.ThrowHelper.ThrowNullReferenceException (System.Object obj) [0x00018] in <5eb0ffefd25a4604963f191f59bef3cc>:0 
  at UnityEngine.Component.get_transform () [0x00006] in <5eb0ffefd25a4604963f191f59bef3cc>:0 
  at Grass.RecvGrassState () [0x00000] in <b49ef5704cd64b5090e7799fcf031fb4>:0 
  at CRPCHeader.CallMethodLocally (System.Byte functionID) [0x000cf] in <b49ef5704cd64b5090e7799fcf031fb4>:0 
Failed to call remote method #0 on object 1020/#Dynamic ('<NULL>'). This should be fixed: Reason : Object reference not set to an instance of an object. 
Trace:   at UnityEngine.Bindings.ThrowHelper.ThrowNullReferenceException (System.Object obj) [0x00018] in <5eb0ffefd25a4604963f191f59bef3cc>:0 
  at UnityEngine.Component.get_transform () [0x00006] in <5eb0ffefd25a4604963f191f59bef3cc>:0 
  at Grass.RecvGrassState () [0x00000] in <b49ef5704cd64b5090e7799fcf031fb4>:0 
  at CRPCHeader.CallMethodLocally (System.Byte functionID) [0x000cf] in <b49ef5704cd64b5090e7799fcf031fb4>:0 
Failed to call remote method #0 on object 1108/#Dynamic ('<NULL>'). This should be fixed: Reason : Object reference not set to an instance of an object. 
Trace:   at UnityEngine.Bindings.ThrowHelper.ThrowNullReferenceException (System.Object obj) [0x00018] in <5eb0ffefd25a4604963f191f59bef3cc>:0 
  at UnityEngine.Component.get_transform () [0x00006] in <5eb0ffefd25a4604963f191f59bef3cc>:0 
  at Grass.RecvGrassState () [0x00000] in <b49ef5704cd64b5090e7799fcf031fb4>:0 
  at CRPCHeader.CallMethodLocally (System.Byte functionID) [0x000cf] in <b49ef5704cd64b5090e7799fcf031fb4>:0 
Failed to call remote method #0 on object 1107/#Dynamic ('<NULL>'). This should be fixed: Reason : Object reference not set to an instance of an object. 
Trace:   at UnityEngine.Bindings.ThrowHelper.ThrowNullReferenceException (System.Object obj) [0x00018] in <5eb0ffefd25a4604963f191f59bef3cc>:0 
  at UnityEngine.Component.get_transform () [0x00006] in <5eb0ffefd25a4604963f191f59bef3cc>:0 
  at Grass.RecvGrassState () [0x00000] in <b49ef5704cd64b5090e7799fcf031fb4>:0 
  at CRPCHeader.CallMethodLocally (System.Byte functionID) [0x000cf] in <b49ef5704cd64b5090e7799fcf031fb4>:0 
Failed to call remote method #0 on object 1111/#Dynamic ('<NULL>'). This should be fixed: Reason : Object reference not set to an instance of an object. 
Trace:   at UnityEngine.Bindings.ThrowHelper.ThrowNullReferenceException (System.Object obj) [0x00018] in <5eb0ffefd25a4604963f191f59bef3cc>:0 
  at UnityEngine.Component.get_transform () [0x00006] in <5eb0ffefd25a4604963f191f59bef3cc>:0 
  at Grass.RecvGrassState () [0x00000] in <b49ef5704cd64b5090e7799fcf031fb4>:0 
  at CRPCHeader.CallMethodLocally (System.Byte functionID) [0x000cf] in <b49ef5704cd64b5090e7799fcf031fb4>:0 
Failed to call remote method #0 on object 1110/#Dynamic ('<NULL>'). This should be fixed: Reason : Object reference not set to an instance of an object. 
Trace:   at UnityEngine.Bindings.ThrowHelper.ThrowNullReferenceException (System.Object obj) [0x00018] in <5eb0ffefd25a4604963f191f59bef3cc>:0 
  at UnityEngine.Component.get_transform () [0x00006] in <5eb0ffefd25a4604963f191f59bef3cc>:0 
  at Grass.RecvGrassState () [0x00000] in <b49ef5704cd64b5090e7799fcf031fb4>:0 
  at CRPCHeader.CallMethodLocally (System.Byte functionID) [0x000cf] in <b49ef5704cd64b5090e7799fcf031fb4>:0 
Failed to call remote method #18 on object 1256/#Dynamic ('<NULL>'). This should be fixed: Reason : Object reference not set to an instance of an object. 
Trace:   at UnityEngine.Bindings.ThrowHelper.ThrowNullReferenceException (System.Object obj) [0x00018] in <5eb0ffefd25a4604963f191f59bef3cc>:0 
  at UnityEngine.Animator.SetBoolID (System.Int32 id, System.Boolean value) [0x00006] in <05de2c0e854d4e60bfd6ad0aed87cccc>:0 
  at UnityEngine.Animator.SetBool (System.Int32 id, System.Boolean value) [0x00001] in <05de2c0e854d4e60bfd6ad0aed87cccc>:0 
  at Worker.SetAnimation (System.Int32 animCode) [0x00043] in <b49ef5704cd64b5090e7799fcf031fb4>:0 
  at AnimationSync.ReceiveAnimation () [0x00042] in <b49ef5704cd64b5090e7799fcf031fb4>:0 
  at CRPCHeader.CallMethodLocally (System.Byte functionID) [0x000cf] in <b49ef5704cd64b5090e7799fcf031fb4>:0 
Failed to call remote method #18 on object 1256/#Dynamic ('<NULL>'). This should be fixed: Reason : Object reference not set to an instance of an object. 
Trace:   at UnityEngine.Bindings.ThrowHelper.ThrowNullReferenceException (System.Object obj) [0x00018] in <5eb0ffefd25a4604963f191f59bef3cc>:0 
  at UnityEngine.Animator.SetBoolID (System.Int32 id, System.Boolean value) [0x00006] in <05de2c0e854d4e60bfd6ad0aed87cccc>:0 
  at UnityEngine.Animator.SetBool (System.Int32 id, System.Boolean value) [0x00001] in <05de2c0e854d4e60bfd6ad0aed87cccc>:0 
  at Worker.SetAnimation (System.Int32 animCode) [0x00043] in <b49ef5704cd64b5090e7799fcf031fb4>:0 
  at AnimationSync.ReceiveAnimation () [0x00042] in <b49ef5704cd64b5090e7799fcf031fb4>:0 
  at CRPCHeader.CallMethodLocally (System.Byte functionID) [0x000cf] in <b49ef5704cd64b5090e7799fcf031fb4>:0 
Failed to call remote method #0 on object 1097/#Dynamic ('<NULL>'). This should be fixed: Reason : Object reference not set to an instance of an object. 
Trace:   at UnityEngine.Bindings.ThrowHelper.ThrowNullReferenceException (System.Object obj) [0x00018] in <5eb0ffefd25a4604963f191f59bef3cc>:0 
  at UnityEngine.Component.get_transform () [0x00006] in <5eb0ffefd25a4604963f191f59bef3cc>:0 
  at Grass.RecvGrassState () [0x00000] in <b49ef5704cd64b5090e7799fcf031fb4>:0 
  at CRPCHeader.CallMethodLocally (System.Byte functionID) [0x000cf] in <b49ef5704cd64b5090e7799fcf031fb4>:0 
Failed to call remote method #0 on object 1099/#Dynamic ('<NULL>'). This should be fixed: Reason : Object reference not set to an instance of an object. 
Trace:   at UnityEngine.Bindings.ThrowHelper.ThrowNullReferenceException (System.Object obj) [0x00018] in <5eb0ffefd25a4604963f191f59bef3cc>:0 
  at UnityEngine.Component.get_transform () [0x00006] in <5eb0ffefd25a4604963f191f59bef3cc>:0 
  at Grass.RecvGrassState () [0x00000] in <b49ef5704cd64b5090e7799fcf031fb4>:0 
  at CRPCHeader.CallMethodLocally (System.Byte functionID) [0x000cf] in <b49ef5704cd64b5090e7799fcf031fb4>:0 
Failed to call remote method #0 on object 1083/#Dynamic ('<NULL>'). This should be fixed: Reason : Object reference not set to an instance of an object. 
Trace:   at UnityEngine.Bindings.ThrowHelper.ThrowNullReferenceException (System.Object obj) [0x00018] in <5eb0ffefd25a4604963f191f59bef3cc>:0 
  at UnityEngine.Component.get_transform () [0x00006] in <5eb0ffefd25a4604963f191f59bef3cc>:0 
  at Grass.RecvGrassState () [0x00000] in <b49ef5704cd64b5090e7799fcf031fb4>:0 
  at CRPCHeader.CallMethodLocally (System.Byte functionID) [0x000cf] in <b49ef5704cd64b5090e7799fcf031fb4>:0 
Failed to call remote method #0 on object 1082/#Dynamic ('<NULL>'). This should be fixed: Reason : Object reference not set to an instance of an object. 
Trace:   at UnityEngine.Bindings.ThrowHelper.ThrowNullReferenceException (System.Object obj) [0x00018] in <5eb0ffefd25a4604963f191f59bef3cc>:0 
  at UnityEngine.Component.get_transform () [0x00006] in <5eb0ffefd25a4604963f191f59bef3cc>:0 
  at Grass.RecvGrassState () [0x00000] in <b49ef5704cd64b5090e7799fcf031fb4>:0 
  at CRPCHeader.CallMethodLocally (System.Byte functionID) [0x000cf] in <b49ef5704cd64b5090e7799fcf031fb4>:0 
Failed to call remote method #0 on object 1084/#Dynamic ('<NULL>'). This should be fixed: Reason : Object reference not set to an instance of an object. 
Trace:   at UnityEngine.Bindings.ThrowHelper.ThrowNullReferenceException (System.Object obj) [0x00018] in <5eb0ffefd25a4604963f191f59bef3cc>:0 
  at UnityEngine.Component.get_transform () [0x00006] in <5eb0ffefd25a4604963f191f59bef3cc>:0 
  at Grass.RecvGrassState () [0x00000] in <b49ef5704cd64b5090e7799fcf031fb4>:0 
  at CRPCHeader.CallMethodLocally (System.Byte functionID) [0x000cf] in <b49ef5704cd64b5090e7799fcf031fb4>:0 
Failed to call remote method #0 on object 1077/#Dynamic ('<NULL>'). This should be fixed: Reason : Object reference not set to an instance of an object. 
Trace:   at UnityEngine.Bindings.ThrowHelper.ThrowNullReferenceException (System.Object obj) [0x00018] in <5eb0ffefd25a4604963f191f59bef3cc>:0 
  at UnityEngine.Component.get_transform () [0x00006] in <5eb0ffefd25a4604963f191f59bef3cc>:0 
  at Grass.RecvGrassState () [0x00000] in <b49ef5704cd64b5090e7799fcf031fb4>:0 
  at CRPCHeader.CallMethodLocally (System.Byte functionID) [0x000cf] in <b49ef5704cd64b5090e7799fcf031fb4>:0 
Failed to call remote method #0 on object 1266/#Dynamic ('<NULL>'). This should be fixed: Reason : Object reference not set to an instance of an object. 
Trace:   at UnityEngine.Bindings.ThrowHelper.ThrowNullReferenceException (System.Object obj) [0x00018] in <5eb0ffefd25a4604963f191f59bef3cc>:0 
  at UnityEngine.Component.get_transform () [0x00006] in <5eb0ffefd25a4604963f191f59bef3cc>:0 
  at Grass.RecvGrassState () [0x00000] in <b49ef5704cd64b5090e7799fcf031fb4>:0 
  at CRPCHeader.CallMethodLocally (System.Byte functionID) [0x000cf] in <b49ef5704cd64b5090e7799fcf031fb4>:0 
Failed to call remote method #0 on object 1268/#Dynamic ('<NULL>'). This should be fixed: Reason : Object reference not set to an instance of an object. 
Trace:   at UnityEngine.Bindings.ThrowHelper.ThrowNullReferenceException (System.Object obj) [0x00018] in <5eb0ffefd25a4604963f191f59bef3cc>:0 
  at UnityEngine.Component.get_transform () [0x00006] in <5eb0ffefd25a4604963f191f59bef3cc>:0 
  at Grass.RecvGrassState () [0x00000] in <b49ef5704cd64b5090e7799fcf031fb4>:0 
  at CRPCHeader.CallMethodLocally (System.Byte functionID) [0x000cf] in <b49ef5704cd64b5090e7799fcf031fb4>:0 
Failed to call remote method #0 on object 1265/#Dynamic ('<NULL>'). This should be fixed: Reason : Object reference not set to an instance of an object. 
Trace:   at UnityEngine.Bindings.ThrowHelper.ThrowNullReferenceException (System.Object obj) [0x00018] in <5eb0ffefd25a4604963f191f59bef3cc>:0 
  at UnityEngine.Component.get_transform () [0x00006] in <5eb0ffefd25a4604963f191f59bef3cc>:0 
  at Grass.RecvGrassState () [0x00000] in <b49ef5704cd64b5090e7799fcf031fb4>:0 
  at CRPCHeader.CallMethodLocally (System.Byte functionID) [0x000cf] in <b49ef5704cd64b5090e7799fcf031fb4>:0 
Failed to call remote method #0 on object 1267/#Dynamic ('<NULL>'). This should be fixed: Reason : Object reference not set to an instance of an object. 
Trace:   at UnityEngine.Bindings.ThrowHelper.ThrowNullReferenceException (System.Object obj) [0x00018] in <5eb0ffefd25a4604963f191f59bef3cc>:0 
  at UnityEngine.Component.get_transform () [0x00006] in <5eb0ffefd25a4604963f191f59bef3cc>:0 
  at Grass.RecvGrassState () [0x00000] in <b49ef5704cd64b5090e7799fcf031fb4>:0 
  at CRPCHeader.CallMethodLocally (System.Byte functionID) [0x000cf] in <b49ef5704cd64b5090e7799fcf031fb4>:0 
Failed to call remote method #0 on object 1277/#Dynamic ('<NULL>'). This should be fixed: Reason : Object reference not set to an instance of an object. 
Trace:   at UnityEngine.Bindings.ThrowHelper.ThrowNullReferenceException (System.Object obj) [0x00018] in <5eb0ffefd25a4604963f191f59bef3cc>:0 
  at UnityEngine.Component.get_transform () [0x00006] in <5eb0ffefd25a4604963f191f59bef3cc>:0 
  at Grass.RecvGrassState () [0x00000] in <b49ef5704cd64b5090e7799fcf031fb4>:0 
  at CRPCHeader.CallMethodLocally (System.Byte functionID) [0x000cf] in <b49ef5704cd64b5090e7799fcf031fb4>:0 
Failed to call remote method #0 on object 1269/#Dynamic ('<NULL>'). This should be fixed: Reason : Object reference not set to an instance of an object. 
Trace:   at UnityEngine.Bindings.ThrowHelper.ThrowNullReferenceException (System.Object obj) [0x00018] in <5eb0ffefd25a4604963f191f59bef3cc>:0 
  at UnityEngine.Component.get_transform () [0x00006] in <5eb0ffefd25a4604963f191f59bef3cc>:0 
  at Grass.RecvGrassState () [0x00000] in <b49ef5704cd64b5090e7799fcf031fb4>:0 
  at CRPCHeader.CallMethodLocally (System.Byte functionID) [0x000cf] in <b49ef5704cd64b5090e7799fcf031fb4>:0 
Failed to call remote method #0 on object 1276/#Dynamic ('<NULL>'). This should be fixed: Reason : Object reference not set to an instance of an object. 
Trace:   at UnityEngine.Bindings.ThrowHelper.ThrowNullReferenceException (System.Object obj) [0x00018] in <5eb0ffefd25a4604963f191f59bef3cc>:0 
  at UnityEngine.Component.get_transform () [0x00006] in <5eb0ffefd25a4604963f191f59bef3cc>:0 
  at Grass.RecvGrassState () [0x00000] in <b49ef5704cd64b5090e7799fcf031fb4>:0 
  at CRPCHeader.CallMethodLocally (System.Byte functionID) [0x000cf] in <b49ef5704cd64b5090e7799fcf031fb4>:0 
Failed to call remote method #0 on object 1118/#Dynamic ('<NULL>'). This should be fixed: Reason : Object reference not set to an instance of an object. 
Trace:   at UnityEngine.Bindings.ThrowHelper.ThrowNullReferenceException (System.Object obj) [0x00018] in <5eb0ffefd25a4604963f191f59bef3cc>:0 
  at UnityEngine.Component.get_transform () [0x00006] in <5eb0ffefd25a4604963f191f59bef3cc>:0 
  at Grass.RecvGrassState () [0x00000] in <b49ef5704cd64b5090e7799fcf031fb4>:0 
  at CRPCHeader.CallMethodLocally (System.Byte functionID) [0x000cf] in <b49ef5704cd64b5090e7799fcf031fb4>:0 
Failed to call remote method #0 on object 1278/#Dynamic ('<NULL>'). This should be fixed: Reason : Object reference not set to an instance of an object. 
Trace:   at UnityEngine.Bindings.ThrowHelper.ThrowNullReferenceException (System.Object obj) [0x00018] in <5eb0ffefd25a4604963f191f59bef3cc>:0 
  at UnityEngine.Component.get_transform () [0x00006] in <5eb0ffefd25a4604963f191f59bef3cc>:0 
  at Grass.RecvGrassState () [0x00000] in <b49ef5704cd64b5090e7799fcf031fb4>:0 
  at CRPCHeader.CallMethodLocally (System.Byte functionID) [0x000cf] in <b49ef5704cd64b5090e7799fcf031fb4>:0 
Failed to call remote method #0 on object 1281/#Dynamic ('<NULL>'). This should be fixed: Reason : Object reference not set to an instance of an object. 
Trace:   at UnityEngine.Bindings.ThrowHelper.ThrowNullReferenceException (System.Object obj) [0x00018] in <5eb0ffefd25a4604963f191f59bef3cc>:0 
  at UnityEngine.Component.get_transform () [0x00006] in <5eb0ffefd25a4604963f191f59bef3cc>:0 
  at Grass.RecvGrassState () [0x00000] in <b49ef5704cd64b5090e7799fcf031fb4>:0 
  at CRPCHeader.CallMethodLocally (System.Byte functionID) [0x000cf] in <b49ef5704cd64b5090e7799fcf031fb4>:0 
Failed to call remote method #0 on object 1280/#Dynamic ('<NULL>'). This should be fixed: Reason : Object reference not set to an instance of an object. 
Trace:   at UnityEngine.Bindings.ThrowHelper.ThrowNullReferenceException (System.Object obj) [0x00018] in <5eb0ffefd25a4604963f191f59bef3cc>:0 
  at UnityEngine.Component.get_transform () [0x00006] in <5eb0ffefd25a4604963f191f59bef3cc>:0 
  at Grass.RecvGrassState () [0x00000] in <b49ef5704cd64b5090e7799fcf031fb4>:0 
  at CRPCHeader.CallMethodLocally (System.Byte functionID) [0x000cf] in <b49ef5704cd64b5090e7799fcf031fb4>:0 
Failed to call remote method #0 on object 1282/#Dynamic ('<NULL>'). This should be fixed: Reason : Object reference not set to an instance of an object. 
Trace:   at UnityEngine.Bindings.ThrowHelper.ThrowNullReferenceException (System.Object obj) [0x00018] in <5eb0ffefd25a4604963f191f59bef3cc>:0 
  at UnityEngine.Component.get_transform () [0x00006] in <5eb0ffefd25a4604963f191f59bef3cc>:0 
  at Grass.RecvGrassState () [0x00000] in <b49ef5704cd64b5090e7799fcf031fb4>:0 
  at CRPCHeader.CallMethodLocally (System.Byte functionID) [0x000cf] in <b49ef5704cd64b5090e7799fcf031fb4>:0 
Failed to call remote method #0 on object 1279/#Dynamic ('<NULL>'). This should be fixed: Reason : Object reference not set to an instance of an object. 
Trace:   at UnityEngine.Bindings.ThrowHelper.ThrowNullReferenceException (System.Object obj) [0x00018] in <5eb0ffefd25a4604963f191f59bef3cc>:0 
  at UnityEngine.Component.get_transform () [0x00006] in <5eb0ffefd25a4604963f191f59bef3cc>:0 
  at Grass.RecvGrassState () [0x00000] in <b49ef5704cd64b5090e7799fcf031fb4>:0 
  at CRPCHeader.CallMethodLocally (System.Byte functionID) [0x000cf] in <b49ef5704cd64b5090e7799fcf031fb4>:0 
Failed to call remote method #0 on object 1019/#Dynamic ('<NULL>'). This should be fixed: Reason : Object reference not set to an instance of an object. 
Trace:   at UnityEngine.Bindings.ThrowHelper.ThrowNullReferenceException (System.Object obj) [0x00018] in <5eb0ffefd25a4604963f191f59bef3cc>:0 
  at UnityEngine.Component.get_transform () [0x00006] in <5eb0ffefd25a4604963f191f59bef3cc>:0 
  at Grass.RecvGrassState () [0x00000] in <b49ef5704cd64b5090e7799fcf031fb4>:0 
  at CRPCHeader.CallMethodLocally (System.Byte functionID) [0x000cf] in <b49ef5704cd64b5090e7799fcf031fb4>:0 
Failed to call remote method #0 on object 1092/#Dynamic ('<NULL>'). This should be fixed: Reason : Object reference not set to an instance of an object. 
Trace:   at UnityEngine.Bindings.ThrowHelper.ThrowNullReferenceException (System.Object obj) [0x00018] in <5eb0ffefd25a4604963f191f59bef3cc>:0 
  at UnityEngine.Component.get_transform () [0x00006] in <5eb0ffefd25a4604963f191f59bef3cc>:0 
  at Grass.RecvGrassState () [0x00000] in <b49ef5704cd64b5090e7799fcf031fb4>:0 
  at CRPCHeader.CallMethodLocally (System.Byte functionID) [0x000cf] in <b49ef5704cd64b5090e7799fcf031fb4>:0 
Failed to call remote method #0 on object 1089/#Dynamic ('<NULL>'). This should be fixed: Reason : Object reference not set to an instance of an object. 
Trace:   at UnityEngine.Bindings.ThrowHelper.ThrowNullReferenceException (System.Object obj) [0x00018] in <5eb0ffefd25a4604963f191f59bef3cc>:0 
  at UnityEngine.Component.get_transform () [0x00006] in <5eb0ffefd25a4604963f191f59bef3cc>:0 
  at Grass.RecvGrassState () [0x00000] in <b49ef5704cd64b5090e7799fcf031fb4>:0 
  at CRPCHeader.CallMethodLocally (System.Byte functionID) [0x000cf] in <b49ef5704cd64b5090e7799fcf031fb4>:0 
Failed to call remote method #0 on object 1283/#Dynamic ('<NULL>'). This should be fixed: Reason : Object reference not set to an instance of an object. 
Trace:   at UnityEngine.Bindings.ThrowHelper.ThrowNullReferenceException (System.Object obj) [0x00018] in <5eb0ffefd25a4604963f191f59bef3cc>:0 
  at UnityEngine.Component.get_transform () [0x00006] in <5eb0ffefd25a4604963f191f59bef3cc>:0 
  at Grass.RecvGrassState () [0x00000] in <b49ef5704cd64b5090e7799fcf031fb4>:0 
  at CRPCHeader.CallMethodLocally (System.Byte functionID) [0x000cf] in <b49ef5704cd64b5090e7799fcf031fb4>:0 
Failed to call remote method #0 on object 1109/#Dynamic ('<NULL>'). This should be fixed: Reason : Object reference not set to an instance of an object. 
Trace:   at UnityEngine.Bindings.ThrowHelper.ThrowNullReferenceException (System.Object obj) [0x00018] in <5eb0ffefd25a4604963f191f59bef3cc>:0 
  at UnityEngine.Component.get_transform () [0x00006] in <5eb0ffefd25a4604963f191f59bef3cc>:0 
  at Grass.RecvGrassState () [0x00000] in <b49ef5704cd64b5090e7799fcf031fb4>:0 
  at CRPCHeader.CallMethodLocally (System.Byte functionID) [0x000cf] in <b49ef5704cd64b5090e7799fcf031fb4>:0 
Failed to call remote method #0 on object 1302/#Dynamic ('<NULL>'). This should be fixed: Reason : Object reference not set to an instance of an object. 
Trace:   at UnityEngine.Bindings.ThrowHelper.ThrowNullReferenceException (System.Object obj) [0x00018] in <5eb0ffefd25a4604963f191f59bef3cc>:0 
  at UnityEngine.Component.get_transform () [0x00006] in <5eb0ffefd25a4604963f191f59bef3cc>:0 
  at Grass.RecvGrassState () [0x00000] in <b49ef5704cd64b5090e7799fcf031fb4>:0 
  at CRPCHeader.CallMethodLocally (System.Byte functionID) [0x000cf] in <b49ef5704cd64b5090e7799fcf031fb4>:0 
Failed to call remote method #0 on object 1300/#Dynamic ('<NULL>'). This should be fixed: Reason : Object reference not set to an instance of an object. 
Trace:   at UnityEngine.Bindings.ThrowHelper.ThrowNullReferenceException (System.Object obj) [0x00018] in <5eb0ffefd25a4604963f191f59bef3cc>:0 
  at UnityEngine.Component.get_transform () [0x00006] in <5eb0ffefd25a4604963f191f59bef3cc>:0 
  at Grass.RecvGrassState () [0x00000] in <b49ef5704cd64b5090e7799fcf031fb4>:0 
  at CRPCHeader.CallMethodLocally (System.Byte functionID) [0x000cf] in <b49ef5704cd64b5090e7799fcf031fb4>:0 
Failed to call remote method #0 on object 1386/#Dynamic ('<NULL>'). This should be fixed: Reason : Object reference not set to an instance of an object. 
Trace:   at UnityEngine.Bindings.ThrowHelper.ThrowNullReferenceException (System.Object obj) [0x00018] in <5eb0ffefd25a4604963f191f59bef3cc>:0 
  at UnityEngine.Component.get_transform () [0x00006] in <5eb0ffefd25a4604963f191f59bef3cc>:0 
  at Grass.RecvGrassState () [0x00000] in <b49ef5704cd64b5090e7799fcf031fb4>:0 
  at CRPCHeader.CallMethodLocally (System.Byte functionID) [0x000cf] in <b49ef5704cd64b5090e7799fcf031fb4>:0 
Failed to call remote method #0 on object 1090/#Dynamic ('<NULL>'). This should be fixed: Reason : Object reference not set to an instance of an object. 
Trace:   at UnityEngine.Bindings.ThrowHelper.ThrowNullReferenceException (System.Object obj) [0x00018] in <5eb0ffefd25a4604963f191f59bef3cc>:0 
  at UnityEngine.Component.get_transform () [0x00006] in <5eb0ffefd25a4604963f191f59bef3cc>:0 
  at Grass.RecvGrassState () [0x00000] in <b49ef5704cd64b5090e7799fcf031fb4>:0 
  at CRPCHeader.CallMethodLocally (System.Byte functionID) [0x000cf] in <b49ef5704cd64b5090e7799fcf031fb4>:0 
Failed to call remote method #0 on object 1306/#Dynamic ('<NULL>'). This should be fixed: Reason : Object reference not set to an instance of an object. 
Trace:   at UnityEngine.Bindings.ThrowHelper.ThrowNullReferenceException (System.Object obj) [0x00018] in <5eb0ffefd25a4604963f191f59bef3cc>:0 
  at UnityEngine.Component.get_transform () [0x00006] in <5eb0ffefd25a4604963f191f59bef3cc>:0 
  at Grass.RecvGrassState () [0x00000] in <b49ef5704cd64b5090e7799fcf031fb4>:0 
  at CRPCHeader.CallMethodLocally (System.Byte functionID) [0x000cf] in <b49ef5704cd64b5090e7799fcf031fb4>:0 
Failed to call remote method #0 on object 1310/#Dynamic ('<NULL>'). This should be fixed: Reason : Object reference not set to an instance of an object. 
Trace:   at UnityEngine.Bindings.ThrowHelper.ThrowNullReferenceException (System.Object obj) [0x00018] in <5eb0ffefd25a4604963f191f59bef3cc>:0 
  at UnityEngine.Component.get_transform () [0x00006] in <5eb0ffefd25a4604963f191f59bef3cc>:0 
  at Grass.RecvGrassState () [0x00000] in <b49ef5704cd64b5090e7799fcf031fb4>:0 
  at CRPCHeader.CallMethodLocally (System.Byte functionID) [0x000cf] in <b49ef5704cd64b5090e7799fcf031fb4>:0 
Failed to call remote method #0 on object 1315/#Dynamic ('<NULL>'). This should be fixed: Reason : Object reference not set to an instance of an object. 
Trace:   at UnityEngine.Bindings.ThrowHelper.ThrowNullReferenceException (System.Object obj) [0x00018] in <5eb0ffefd25a4604963f191f59bef3cc>:0 
  at UnityEngine.Component.get_transform () [0x00006] in <5eb0ffefd25a4604963f191f59bef3cc>:0 
  at Grass.RecvGrassState () [0x00000] in <b49ef5704cd64b5090e7799fcf031fb4>:0 
  at CRPCHeader.CallMethodLocally (System.Byte functionID) [0x000cf] in <b49ef5704cd64b5090e7799fcf031fb4>:0 
Failed to call remote method #0 on object 1314/#Dynamic ('<NULL>'). This should be fixed: Reason : Object reference not set to an instance of an object. 
Trace:   at UnityEngine.Bindings.ThrowHelper.ThrowNullReferenceException (System.Object obj) [0x00018] in <5eb0ffefd25a4604963f191f59bef3cc>:0 
  at UnityEngine.Component.get_transform () [0x00006] in <5eb0ffefd25a4604963f191f59bef3cc>:0 
  at Grass.RecvGrassState () [0x00000] in <b49ef5704cd64b5090e7799fcf031fb4>:0 
  at CRPCHeader.CallMethodLocally (System.Byte functionID) [0x000cf] in <b49ef5704cd64b5090e7799fcf031fb4>:0 
Failed to call remote method #0 on object 1316/#Dynamic ('<NULL>'). This should be fixed: Reason : Object reference not set to an instance of an object. 
Trace:   at UnityEngine.Bindings.ThrowHelper.ThrowNullReferenceException (System.Object obj) [0x00018] in <5eb0ffefd25a4604963f191f59bef3cc>:0 
  at UnityEngine.Component.get_transform () [0x00006] in <5eb0ffefd25a4604963f191f59bef3cc>:0 
  at Grass.RecvGrassState () [0x00000] in <b49ef5704cd64b5090e7799fcf031fb4>:0 
  at CRPCHeader.CallMethodLocally (System.Byte functionID) [0x000cf] in <b49ef5704cd64b5090e7799fcf031fb4>:0 
Failed to call remote method #0 on object 1317/#Dynamic ('<NULL>'). This should be fixed: Reason : Object reference not set to an instance of an object. 
Trace:   at UnityEngine.Bindings.ThrowHelper.ThrowNullReferenceException (System.Object obj) [0x00018] in <5eb0ffefd25a4604963f191f59bef3cc>:0 
  at UnityEngine.Component.get_transform () [0x00006] in <5eb0ffefd25a4604963f191f59bef3cc>:0 
  at Grass.RecvGrassState () [0x00000] in <b49ef5704cd64b5090e7799fcf031fb4>:0 
  at CRPCHeader.CallMethodLocally (System.Byte functionID) [0x000cf] in <b49ef5704cd64b5090e7799fcf031fb4>:0 
Failed to call remote method #0 on object 1319/#Dynamic ('<NULL>'). This should be fixed: Reason : Object reference not set to an instance of an object. 
Trace:   at UnityEngine.Bindings.ThrowHelper.ThrowNullReferenceException (System.Object obj) [0x00018] in <5eb0ffefd25a4604963f191f59bef3cc>:0 
  at UnityEngine.Component.get_transform () [0x00006] in <5eb0ffefd25a4604963f191f59bef3cc>:0 
  at Grass.RecvGrassState () [0x00000] in <b49ef5704cd64b5090e7799fcf031fb4>:0 
  at CRPCHeader.CallMethodLocally (System.Byte functionID) [0x000cf] in <b49ef5704cd64b5090e7799fcf031fb4>:0 
Failed to call remote method #0 on object 1318/#Dynamic ('<NULL>'). This should be fixed: Reason : Object reference not set to an instance of an object. 
Trace:   at UnityEngine.Bindings.ThrowHelper.ThrowNullReferenceException (System.Object obj) [0x00018] in <5eb0ffefd25a4604963f191f59bef3cc>:0 
  at UnityEngine.Component.get_transform () [0x00006] in <5eb0ffefd25a4604963f191f59bef3cc>:0 
  at Grass.RecvGrassState () [0x00000] in <b49ef5704cd64b5090e7799fcf031fb4>:0 
  at CRPCHeader.CallMethodLocally (System.Byte functionID) [0x000cf] in <b49ef5704cd64b5090e7799fcf031fb4>:0 
Failed to call remote method #0 on object 1340/#Dynamic ('<NULL>'). This should be fixed: Reason : Object reference not set to an instance of an object. 
Trace:   at UnityEngine.Bindings.ThrowHelper.ThrowNullReferenceException (System.Object obj) [0x00018] in <5eb0ffefd25a4604963f191f59bef3cc>:0 
  at UnityEngine.Component.get_transform () [0x00006] in <5eb0ffefd25a4604963f191f59bef3cc>:0 
  at Grass.RecvGrassState () [0x00000] in <b49ef5704cd64b5090e7799fcf031fb4>:0 
  at CRPCHeader.CallMethodLocally (System.Byte functionID) [0x000cf] in <b49ef5704cd64b5090e7799fcf031fb4>:0 
Failed to call remote method #0 on object 1329/#Dynamic ('<NULL>'). This should be fixed: Reason : Object reference not set to an instance of an object. 
Trace:   at UnityEngine.Bindings.ThrowHelper.ThrowNullReferenceException (System.Object obj) [0x00018] in <5eb0ffefd25a4604963f191f59bef3cc>:0 
  at UnityEngine.Component.get_transform () [0x00006] in <5eb0ffefd25a4604963f191f59bef3cc>:0 
  at Grass.RecvGrassState () [0x00000] in <b49ef5704cd64b5090e7799fcf031fb4>:0 
  at CRPCHeader.CallMethodLocally (System.Byte functionID) [0x000cf] in <b49ef5704cd64b5090e7799fcf031fb4>:0 
Failed to call remote method #0 on object 1336/#Dynamic ('<NULL>'). This should be fixed: Reason : Object reference not set to an instance of an object. 
Trace:   at UnityEngine.Bindings.ThrowHelper.ThrowNullReferenceException (System.Object obj) [0x00018] in <5eb0ffefd25a4604963f191f59bef3cc>:0 
  at UnityEngine.Component.get_transform () [0x00006] in <5eb0ffefd25a4604963f191f59bef3cc>:0 
  at Grass.RecvGrassState () [0x00000] in <b49ef5704cd64b5090e7799fcf031fb4>:0 
  at CRPCHeader.CallMethodLocally (System.Byte functionID) [0x000cf] in <b49ef5704cd64b5090e7799fcf031fb4>:0 
Failed to call remote method #0 on object 1337/#Dynamic ('<NULL>'). This should be fixed: Reason : Object reference not set to an instance of an object. 
Trace:   at UnityEngine.Bindings.ThrowHelper.ThrowNullReferenceException (System.Object obj) [0x00018] in <5eb0ffefd25a4604963f191f59bef3cc>:0 
  at UnityEngine.Component.get_transform () [0x00006] in <5eb0ffefd25a4604963f191f59bef3cc>:0 
  at Grass.RecvGrassState () [0x00000] in <b49ef5704cd64b5090e7799fcf031fb4>:0 
  at CRPCHeader.CallMethodLocally (System.Byte functionID) [0x000cf] in <b49ef5704cd64b5090e7799fcf031fb4>:0 
Failed to call remote method #0 on object 1333/#Dynamic ('<NULL>'). This should be fixed: Reason : Object reference not set to an instance of an object. 
Trace:   at UnityEngine.Bindings.ThrowHelper.ThrowNullReferenceException (System.Object obj) [0x00018] in <5eb0ffefd25a4604963f191f59bef3cc>:0 
  at UnityEngine.Component.get_transform () [0x00006] in <5eb0ffefd25a4604963f191f59bef3cc>:0 
  at Grass.RecvGrassState () [0x00000] in <b49ef5704cd64b5090e7799fcf031fb4>:0 
  at CRPCHeader.CallMethodLocally (System.Byte functionID) [0x000cf] in <b49ef5704cd64b5090e7799fcf031fb4>:0 
Failed to call remote method #0 on object 1330/#Dynamic ('<NULL>'). This should be fixed: Reason : Object reference not set to an instance of an object. 
Trace:   at UnityEngine.Bindings.ThrowHelper.ThrowNullReferenceException (System.Object obj) [0x00018] in <5eb0ffefd25a4604963f191f59bef3cc>:0 
  at UnityEngine.Component.get_transform () [0x00006] in <5eb0ffefd25a4604963f191f59bef3cc>:0 
  at Grass.RecvGrassState () [0x00000] in <b49ef5704cd64b5090e7799fcf031fb4>:0 
  at CRPCHeader.CallMethodLocally (System.Byte functionID) [0x000cf] in <b49ef5704cd64b5090e7799fcf031fb4>:0 
Failed to call remote method #0 on object 1347/#Dynamic ('<NULL>'). This should be fixed: Reason : Object reference not set to an instance of an object. 
Trace:   at UnityEngine.Bindings.ThrowHelper.ThrowNullReferenceException (System.Object obj) [0x00018] in <5eb0ffefd25a4604963f191f59bef3cc>:0 
  at UnityEngine.Component.get_transform () [0x00006] in <5eb0ffefd25a4604963f191f59bef3cc>:0 
  at Grass.RecvGrassState () [0x00000] in <b49ef5704cd64b5090e7799fcf031fb4>:0 
  at CRPCHeader.CallMethodLocally (System.Byte functionID) [0x000cf] in <b49ef5704cd64b5090e7799fcf031fb4>:0 
Failed to call remote method #0 on object 1349/#Dynamic ('<NULL>'). This should be fixed: Reason : Object reference not set to an instance of an object. 
Trace:   at UnityEngine.Bindings.ThrowHelper.ThrowNullReferenceException (System.Object obj) [0x00018] in <5eb0ffefd25a4604963f191f59bef3cc>:0 
  at UnityEngine.Component.get_transform () [0x00006] in <5eb0ffefd25a4604963f191f59bef3cc>:0 
  at Grass.RecvGrassState () [0x00000] in <b49ef5704cd64b5090e7799fcf031fb4>:0 
  at CRPCHeader.CallMethodLocally (System.Byte functionID) [0x000cf] in <b49ef5704cd64b5090e7799fcf031fb4>:0 
Failed to call remote method #0 on object 1358/#Dynamic ('<NULL>'). This should be fixed: Reason : Object reference not set to an instance of an object. 
Trace:   at UnityEngine.Bindings.ThrowHelper.ThrowNullReferenceException (System.Object obj) [0x00018] in <5eb0ffefd25a4604963f191f59bef3cc>:0 
  at UnityEngine.Component.get_transform () [0x00006] in <5eb0ffefd25a4604963f191f59bef3cc>:0 
  at Grass.RecvGrassState () [0x00000] in <b49ef5704cd64b5090e7799fcf031fb4>:0 
  at CRPCHeader.CallMethodLocally (System.Byte functionID) [0x000cf] in <b49ef5704cd64b5090e7799fcf031fb4>:0 
Failed to call remote method #0 on object 1356/#Dynamic ('<NULL>'). This should be fixed: Reason : Object reference not set to an instance of an object. 
Trace:   at UnityEngine.Bindings.ThrowHelper.ThrowNullReferenceException (System.Object obj) [0x00018] in <5eb0ffefd25a4604963f191f59bef3cc>:0 
  at UnityEngine.Component.get_transform () [0x00006] in <5eb0ffefd25a4604963f191f59bef3cc>:0 
  at Grass.RecvGrassState () [0x00000] in <b49ef5704cd64b5090e7799fcf031fb4>:0 
  at CRPCHeader.CallMethodLocally (System.Byte functionID) [0x000cf] in <b49ef5704cd64b5090e7799fcf031fb4>:0 
Failed to call remote method #0 on object 1351/#Dynamic ('<NULL>'). This should be fixed: Reason : Object reference not set to an instance of an object. 
Trace:   at UnityEngine.Bindings.ThrowHelper.ThrowNullReferenceException (System.Object obj) [0x00018] in <5eb0ffefd25a4604963f191f59bef3cc>:0 
  at UnityEngine.Component.get_transform () [0x00006] in <5eb0ffefd25a4604963f191f59bef3cc>:0 
  at Grass.RecvGrassState () [0x00000] in <b49ef5704cd64b5090e7799fcf031fb4>:0 
  at CRPCHeader.CallMethodLocally (System.Byte functionID) [0x000cf] in <b49ef5704cd64b5090e7799fcf031fb4>:0 
Failed to call remote method #0 on object 1348/#Dynamic ('<NULL>'). This should be fixed: Reason : Object reference not set to an instance of an object. 
Trace:   at UnityEngine.Bindings.ThrowHelper.ThrowNullReferenceException (System.Object obj) [0x00018] in <5eb0ffefd25a4604963f191f59bef3cc>:0 
  at UnityEngine.Component.get_transform () [0x00006] in <5eb0ffefd25a4604963f191f59bef3cc>:0 
  at Grass.RecvGrassState () [0x00000] in <b49ef5704cd64b5090e7799fcf031fb4>:0 
  at CRPCHeader.CallMethodLocally (System.Byte functionID) [0x000cf] in <b49ef5704cd64b5090e7799fcf031fb4>:0 
Failed to call remote method #0 on object 1331/#Dynamic ('<NULL>'). This should be fixed: Reason : Object reference not set to an instance of an object. 
Trace:   at UnityEngine.Bindings.ThrowHelper.ThrowNullReferenceException (System.Object obj) [0x00018] in <5eb0ffefd25a4604963f191f59bef3cc>:0 
  at UnityEngine.Component.get_transform () [0x00006] in <5eb0ffefd25a4604963f191f59bef3cc>:0 
  at Grass.RecvGrassState () [0x00000] in <b49ef5704cd64b5090e7799fcf031fb4>:0 
  at CRPCHeader.CallMethodLocally (System.Byte functionID) [0x000cf] in <b49ef5704cd64b5090e7799fcf031fb4>:0 
Failed to call remote method #0 on object 1066/#Dynamic ('<NULL>'). This should be fixed: Reason : Object reference not set to an instance of an object. 
Trace:   at UnityEngine.Bindings.ThrowHelper.ThrowNullReferenceException (System.Object obj) [0x00018] in <5eb0ffefd25a4604963f191f59bef3cc>:0 
  at UnityEngine.Component.get_transform () [0x00006] in <5eb0ffefd25a4604963f191f59bef3cc>:0 
  at Grass.RecvGrassState () [0x00000] in <b49ef5704cd64b5090e7799fcf031fb4>:0 
  at CRPCHeader.CallMethodLocally (System.Byte functionID) [0x000cf] in <b49ef5704cd64b5090e7799fcf031fb4>:0 
Failed to call remote method #0 on object 1065/#Dynamic ('<NULL>'). This should be fixed: Reason : Object reference not set to an instance of an object. 
Trace:   at UnityEngine.Bindings.ThrowHelper.ThrowNullReferenceException (System.Object obj) [0x00018] in <5eb0ffefd25a4604963f191f59bef3cc>:0 
  at UnityEngine.Component.get_transform () [0x00006] in <5eb0ffefd25a4604963f191f59bef3cc>:0 
  at Grass.RecvGrassState () [0x00000] in <b49ef5704cd64b5090e7799fcf031fb4>:0 
  at CRPCHeader.CallMethodLocally (System.Byte functionID) [0x000cf] in <b49ef5704cd64b5090e7799fcf031fb4>:0 
Failed to call remote method #0 on object 1322/#Dynamic ('<NULL>'). This should be fixed: Reason : Object reference not set to an instance of an object. 
Trace:   at UnityEngine.Bindings.ThrowHelper.ThrowNullReferenceException (System.Object obj) [0x00018] in <5eb0ffefd25a4604963f191f59bef3cc>:0 
  at UnityEngine.Component.get_transform () [0x00006] in <5eb0ffefd25a4604963f191f59bef3cc>:0 
  at Grass.RecvGrassState () [0x00000] in <b49ef5704cd64b5090e7799fcf031fb4>:0 
  at CRPCHeader.CallMethodLocally (System.Byte functionID) [0x000cf] in <b49ef5704cd64b5090e7799fcf031fb4>:0 
Failed to call remote method #0 on object 1320/#Dynamic ('<NULL>'). This should be fixed: Reason : Object reference not set to an instance of an object. 
Trace:   at UnityEngine.Bindings.ThrowHelper.ThrowNullReferenceException (System.Object obj) [0x00018] in <5eb0ffefd25a4604963f191f59bef3cc>:0 
  at UnityEngine.Component.get_transform () [0x00006] in <5eb0ffefd25a4604963f191f59bef3cc>:0 
  at Grass.RecvGrassState () [0x00000] in <b49ef5704cd64b5090e7799fcf031fb4>:0 
  at CRPCHeader.CallMethodLocally (System.Byte functionID) [0x000cf] in <b49ef5704cd64b5090e7799fcf031fb4>:0 
Failed to call remote method #18 on object 1359/#Dynamic ('<NULL>'). This should be fixed: Reason : Object reference not set to an instance of an object. 
Trace:   at UnityEngine.Bindings.ThrowHelper.ThrowNullReferenceException (System.Object obj) [0x00018] in <5eb0ffefd25a4604963f191f59bef3cc>:0 
  at UnityEngine.Animator.SetBoolID (System.Int32 id, System.Boolean value) [0x00006] in <05de2c0e854d4e60bfd6ad0aed87cccc>:0 
  at UnityEngine.Animator.SetBool (System.Int32 id, System.Boolean value) [0x00001] in <05de2c0e854d4e60bfd6ad0aed87cccc>:0 
  at Worker.SetAnimation (System.Int32 animCode) [0x00043] in <b49ef5704cd64b5090e7799fcf031fb4>:0 
  at AnimationSync.ReceiveAnimation () [0x00042] in <b49ef5704cd64b5090e7799fcf031fb4>:0 
  at CRPCHeader.CallMethodLocally (System.Byte functionID) [0x000cf] in <b49ef5704cd64b5090e7799fcf031fb4>:0 
Failed to call remote method #18 on object 1359/#Dynamic ('<NULL>'). This should be fixed: Reason : Object reference not set to an instance of an object. 
Trace:   at UnityEngine.Bindings.ThrowHelper.ThrowNullReferenceException (System.Object obj) [0x00018] in <5eb0ffefd25a4604963f191f59bef3cc>:0 
  at UnityEngine.Animator.SetBoolID (System.Int32 id, System.Boolean value) [0x00006] in <05de2c0e854d4e60bfd6ad0aed87cccc>:0 
  at UnityEngine.Animator.SetBool (System.Int32 id, System.Boolean value) [0x00001] in <05de2c0e854d4e60bfd6ad0aed87cccc>:0 
  at Worker.SetAnimation (System.Int32 animCode) [0x00043] in <b49ef5704cd64b5090e7799fcf031fb4>:0 
  at AnimationSync.ReceiveAnimation () [0x00042] in <b49ef5704cd64b5090e7799fcf031fb4>:0 
  at CRPCHeader.CallMethodLocally (System.Byte functionID) [0x000cf] in <b49ef5704cd64b5090e7799fcf031fb4>:0 
Failed to call remote method #0 on object 1353/#Dynamic ('<NULL>'). This should be fixed: Reason : Object reference not set to an instance of an object. 
Trace:   at UnityEngine.Bindings.ThrowHelper.ThrowNullReferenceException (System.Object obj) [0x00018] in <5eb0ffefd25a4604963f191f59bef3cc>:0 
  at UnityEngine.Component.get_transform () [0x00006] in <5eb0ffefd25a4604963f191f59bef3cc>:0 
  at Grass.RecvGrassState () [0x00000] in <b49ef5704cd64b5090e7799fcf031fb4>:0 
  at CRPCHeader.CallMethodLocally (System.Byte functionID) [0x000cf] in <b49ef5704cd64b5090e7799fcf031fb4>:0 
Failed to call remote method #18 on object 1360/#Dynamic ('<NULL>'). This should be fixed: Reason : Object reference not set to an instance of an object. 
Trace:   at UnityEngine.Bindings.ThrowHelper.ThrowNullReferenceException (System.Object obj) [0x00018] in <5eb0ffefd25a4604963f191f59bef3cc>:0 
  at UnityEngine.Animator.SetBoolID (System.Int32 id, System.Boolean value) [0x00006] in <05de2c0e854d4e60bfd6ad0aed87cccc>:0 
  at UnityEngine.Animator.SetBool (System.Int32 id, System.Boolean value) [0x00001] in <05de2c0e854d4e60bfd6ad0aed87cccc>:0 
  at Worker.SetAnimation (System.Int32 animCode) [0x00043] in <b49ef5704cd64b5090e7799fcf031fb4>:0 
  at AnimationSync.ReceiveAnimation () [0x00042] in <b49ef5704cd64b5090e7799fcf031fb4>:0 
  at CRPCHeader.CallMethodLocally (System.Byte functionID) [0x000cf] in <b49ef5704cd64b5090e7799fcf031fb4>:0 
Failed to call remote method #18 on object 1360/#Dynamic ('<NULL>'). This should be fixed: Reason : Object reference not set to an instance of an object. 
Trace:   at UnityEngine.Bindings.ThrowHelper.ThrowNullReferenceException (System.Object obj) [0x00018] in <5eb0ffefd25a4604963f191f59bef3cc>:0 
  at UnityEngine.Animator.SetBoolID (System.Int32 id, System.Boolean value) [0x00006] in <05de2c0e854d4e60bfd6ad0aed87cccc>:0 
  at UnityEngine.Animator.SetBool (System.Int32 id, System.Boolean value) [0x00001] in <05de2c0e854d4e60bfd6ad0aed87cccc>:0 
  at Worker.SetAnimation (System.Int32 animCode) [0x00043] in <b49ef5704cd64b5090e7799fcf031fb4>:0 
  at AnimationSync.ReceiveAnimation () [0x00042] in <b49ef5704cd64b5090e7799fcf031fb4>:0 
  at CRPCHeader.CallMethodLocally (System.Byte functionID) [0x000cf] in <b49ef5704cd64b5090e7799fcf031fb4>:0 
Failed to call remote method #0 on object 1361/#Dynamic ('<NULL>'). This should be fixed: Reason : Object reference not set to an instance of an object. 
Trace:   at UnityEngine.Bindings.ThrowHelper.ThrowNullReferenceException (System.Object obj) [0x00018] in <5eb0ffefd25a4604963f191f59bef3cc>:0 
  at UnityEngine.Component.get_transform () [0x00006] in <5eb0ffefd25a4604963f191f59bef3cc>:0 
  at Grass.RecvGrassState () [0x00000] in <b49ef5704cd64b5090e7799fcf031fb4>:0 
  at CRPCHeader.CallMethodLocally (System.Byte functionID) [0x000cf] in <b49ef5704cd64b5090e7799fcf031fb4>:0 
Failed to call remote method #0 on object 1350/#Dynamic ('<NULL>'). This should be fixed: Reason : Object reference not set to an instance of an object. 
Trace:   at UnityEngine.Bindings.ThrowHelper.ThrowNullReferenceException (System.Object obj) [0x00018] in <5eb0ffefd25a4604963f191f59bef3cc>:0 
  at UnityEngine.Component.get_transform () [0x00006] in <5eb0ffefd25a4604963f191f59bef3cc>:0 
  at Grass.RecvGrassState () [0x00000] in <b49ef5704cd64b5090e7799fcf031fb4>:0 
  at CRPCHeader.CallMethodLocally (System.Byte functionID) [0x000cf] in <b49ef5704cd64b5090e7799fcf031fb4>:0 
Failed to call remote method #0 on object 1354/#Dynamic ('<NULL>'). This should be fixed: Reason : Object reference not set to an instance of an object. 
Trace:   at UnityEngine.Bindings.ThrowHelper.ThrowNullReferenceException (System.Object obj) [0x00018] in <5eb0ffefd25a4604963f191f59bef3cc>:0 
  at UnityEngine.Component.get_transform () [0x00006] in <5eb0ffefd25a4604963f191f59bef3cc>:0 
  at Grass.RecvGrassState () [0x00000] in <b49ef5704cd64b5090e7799fcf031fb4>:0 
  at CRPCHeader.CallMethodLocally (System.Byte functionID) [0x000cf] in <b49ef5704cd64b5090e7799fcf031fb4>:0 
Failed to call remote method #0 on object 1369/#Dynamic ('<NULL>'). This should be fixed: Reason : Object reference not set to an instance of an object. 
Trace:   at UnityEngine.Bindings.ThrowHelper.ThrowNullReferenceException (System.Object obj) [0x00018] in <5eb0ffefd25a4604963f191f59bef3cc>:0 
  at UnityEngine.Component.get_transform () [0x00006] in <5eb0ffefd25a4604963f191f59bef3cc>:0 
  at Grass.RecvGrassState () [0x00000] in <b49ef5704cd64b5090e7799fcf031fb4>:0 
  at CRPCHeader.CallMethodLocally (System.Byte functionID) [0x000cf] in <b49ef5704cd64b5090e7799fcf031fb4>:0 
Failed to call remote method #0 on object 1364/#Dynamic ('<NULL>'). This should be fixed: Reason : Object reference not set to an instance of an object. 
Trace:   at UnityEngine.Bindings.ThrowHelper.ThrowNullReferenceException (System.Object obj) [0x00018] in <5eb0ffefd25a4604963f191f59bef3cc>:0 
  at UnityEngine.Component.get_transform () [0x00006] in <5eb0ffefd25a4604963f191f59bef3cc>:0 
  at Grass.RecvGrassState () [0x00000] in <b49ef5704cd64b5090e7799fcf031fb4>:0 
  at CRPCHeader.CallMethodLocally (System.Byte functionID) [0x000cf] in <b49ef5704cd64b5090e7799fcf031fb4>:0 
Failed to call remote method #0 on object 1366/#Dynamic ('<NULL>'). This should be fixed: Reason : Object reference not set to an instance of an object. 
Trace:   at UnityEngine.Bindings.ThrowHelper.ThrowNullReferenceException (System.Object obj) [0x00018] in <5eb0ffefd25a4604963f191f59bef3cc>:0 
  at UnityEngine.Component.get_transform () [0x00006] in <5eb0ffefd25a4604963f191f59bef3cc>:0 
  at Grass.RecvGrassState () [0x00000] in <b49ef5704cd64b5090e7799fcf031fb4>:0 
  at CRPCHeader.CallMethodLocally (System.Byte functionID) [0x000cf] in <b49ef5704cd64b5090e7799fcf031fb4>:0 
Failed to call remote method #0 on object 1373/#Dynamic ('<NULL>'). This should be fixed: Reason : Object reference not set to an instance of an object. 
Trace:   at UnityEngine.Bindings.ThrowHelper.ThrowNullReferenceException (System.Object obj) [0x00018] in <5eb0ffefd25a4604963f191f59bef3cc>:0 
  at UnityEngine.Component.get_transform () [0x00006] in <5eb0ffefd25a4604963f191f59bef3cc>:0 
  at Grass.RecvGrassState () [0x00000] in <b49ef5704cd64b5090e7799fcf031fb4>:0 
  at CRPCHeader.CallMethodLocally (System.Byte functionID) [0x000cf] in <b49ef5704cd64b5090e7799fcf031fb4>:0 
Failed to call remote method #0 on object 1374/#Dynamic ('<NULL>'). This should be fixed: Reason : Object reference not set to an instance of an object. 
Trace:   at UnityEngine.Bindings.ThrowHelper.ThrowNullReferenceException (System.Object obj) [0x00018] in <5eb0ffefd25a4604963f191f59bef3cc>:0 
  at UnityEngine.Component.get_transform () [0x00006] in <5eb0ffefd25a4604963f191f59bef3cc>:0 
  at Grass.RecvGrassState () [0x00000] in <b49ef5704cd64b5090e7799fcf031fb4>:0 
  at CRPCHeader.CallMethodLocally (System.Byte functionID) [0x000cf] in <b49ef5704cd64b5090e7799fcf031fb4>:0 
Failed to call remote method #0 on object 1372/#Dynamic ('<NULL>'). This should be fixed: Reason : Object reference not set to an instance of an object. 
Trace:   at UnityEngine.Bindings.ThrowHelper.ThrowNullReferenceException (System.Object obj) [0x00018] in <5eb0ffefd25a4604963f191f59bef3cc>:0 
  at UnityEngine.Component.get_transform () [0x00006] in <5eb0ffefd25a4604963f191f59bef3cc>:0 
  at Grass.RecvGrassState () [0x00000] in <b49ef5704cd64b5090e7799fcf031fb4>:0 
  at CRPCHeader.CallMethodLocally (System.Byte functionID) [0x000cf] in <b49ef5704cd64b5090e7799fcf031fb4>:0 
Failed to call remote method #0 on object 1362/#Dynamic ('<NULL>'). This should be fixed: Reason : Object reference not set to an instance of an object. 
Trace:   at UnityEngine.Bindings.ThrowHelper.ThrowNullReferenceException (System.Object obj) [0x00018] in <5eb0ffefd25a4604963f191f59bef3cc>:0 
  at UnityEngine.Component.get_transform () [0x00006] in <5eb0ffefd25a4604963f191f59bef3cc>:0 
  at Grass.RecvGrassState () [0x00000] in <b49ef5704cd64b5090e7799fcf031fb4>:0 
  at CRPCHeader.CallMethodLocally (System.Byte functionID) [0x000cf] in <b49ef5704cd64b5090e7799fcf031fb4>:0 
Failed to call remote method #0 on object 1377/#Dynamic ('<NULL>'). This should be fixed: Reason : Object reference not set to an instance of an object. 
Trace:   at UnityEngine.Bindings.ThrowHelper.ThrowNullReferenceException (System.Object obj) [0x00018] in <5eb0ffefd25a4604963f191f59bef3cc>:0 
  at UnityEngine.Component.get_transform () [0x00006] in <5eb0ffefd25a4604963f191f59bef3cc>:0 
  at Grass.RecvGrassState () [0x00000] in <b49ef5704cd64b5090e7799fcf031fb4>:0 
  at CRPCHeader.CallMethodLocally (System.Byte functionID) [0x000cf] in <b49ef5704cd64b5090e7799fcf031fb4>:0 
Failed to call remote method #0 on object 1365/#Dynamic ('<NULL>'). This should be fixed: Reason : Object reference not set to an instance of an object. 
Trace:   at UnityEngine.Bindings.ThrowHelper.ThrowNullReferenceException (System.Object obj) [0x00018] in <5eb0ffefd25a4604963f191f59bef3cc>:0 
  at UnityEngine.Component.get_transform () [0x00006] in <5eb0ffefd25a4604963f191f59bef3cc>:0 
  at Grass.RecvGrassState () [0x00000] in <b49ef5704cd64b5090e7799fcf031fb4>:0 
  at CRPCHeader.CallMethodLocally (System.Byte functionID) [0x000cf] in <b49ef5704cd64b5090e7799fcf031fb4>:0 
Failed to call remote method #0 on object 1371/#Dynamic ('<NULL>'). This should be fixed: Reason : Object reference not set to an instance of an object. 
Trace:   at UnityEngine.Bindings.ThrowHelper.ThrowNullReferenceException (System.Object obj) [0x00018] in <5eb0ffefd25a4604963f191f59bef3cc>:0 
  at UnityEngine.Component.get_transform () [0x00006] in <5eb0ffefd25a4604963f191f59bef3cc>:0 
  at Grass.RecvGrassState () [0x00000] in <b49ef5704cd64b5090e7799fcf031fb4>:0 
  at CRPCHeader.CallMethodLocally (System.Byte functionID) [0x000cf] in <b49ef5704cd64b5090e7799fcf031fb4>:0 
Failed to call remote method #0 on object 1376/#Dynamic ('<NULL>'). This should be fixed: Reason : Object reference not set to an instance of an object. 
Trace:   at UnityEngine.Bindings.ThrowHelper.ThrowNullReferenceException (System.Object obj) [0x00018] in <5eb0ffefd25a4604963f191f59bef3cc>:0 
  at UnityEngine.Component.get_transform () [0x00006] in <5eb0ffefd25a4604963f191f59bef3cc>:0 
  at Grass.RecvGrassState () [0x00000] in <b49ef5704cd64b5090e7799fcf031fb4>:0 
  at CRPCHeader.CallMethodLocally (System.Byte functionID) [0x000cf] in <b49ef5704cd64b5090e7799fcf031fb4>:0 
Failed to call remote method #0 on object 1378/#Dynamic ('<NULL>'). This should be fixed: Reason : Object reference not set to an instance of an object. 
Trace:   at UnityEngine.Bindings.ThrowHelper.ThrowNullReferenceException (System.Object obj) [0x00018] in <5eb0ffefd25a4604963f191f59bef3cc>:0 
  at UnityEngine.Component.get_transform () [0x00006] in <5eb0ffefd25a4604963f191f59bef3cc>:0 
  at Grass.RecvGrassState () [0x00000] in <b49ef5704cd64b5090e7799fcf031fb4>:0 
  at CRPCHeader.CallMethodLocally (System.Byte functionID) [0x000cf] in <b49ef5704cd64b5090e7799fcf031fb4>:0 
Failed to call remote method #0 on object 1379/#Dynamic ('<NULL>'). This should be fixed: Reason : Object reference not set to an instance of an object. 
Trace:   at UnityEngine.Bindings.ThrowHelper.ThrowNullReferenceException (System.Object obj) [0x00018] in <5eb0ffefd25a4604963f191f59bef3cc>:0 
  at UnityEngine.Component.get_transform () [0x00006] in <5eb0ffefd25a4604963f191f59bef3cc>:0 
  at Grass.RecvGrassState () [0x00000] in <b49ef5704cd64b5090e7799fcf031fb4>:0 
  at CRPCHeader.CallMethodLocally (System.Byte functionID) [0x000cf] in <b49ef5704cd64b5090e7799fcf031fb4>:0 
Failed to call remote method #0 on object 1380/#Dynamic ('<NULL>'). This should be fixed: Reason : Object reference not set to an instance of an object. 
Trace:   at UnityEngine.Bindings.ThrowHelper.ThrowNullReferenceException (System.Object obj) [0x00018] in <5eb0ffefd25a4604963f191f59bef3cc>:0 
  at UnityEngine.Component.get_transform () [0x00006] in <5eb0ffefd25a4604963f191f59bef3cc>:0 
  at Grass.RecvGrassState () [0x00000] in <b49ef5704cd64b5090e7799fcf031fb4>:0 
  at CRPCHeader.CallMethodLocally (System.Byte functionID) [0x000cf] in <b49ef5704cd64b5090e7799fcf031fb4>:0 
Failed to call remote method #0 on object 1381/#Dynamic ('<NULL>'). This should be fixed: Reason : Object reference not set to an instance of an object. 
Trace:   at UnityEngine.Bindings.ThrowHelper.ThrowNullReferenceException (System.Object obj) [0x00018] in <5eb0ffefd25a4604963f191f59bef3cc>:0 
  at UnityEngine.Component.get_transform () [0x00006] in <5eb0ffefd25a4604963f191f59bef3cc>:0 
  at Grass.RecvGrassState () [0x00000] in <b49ef5704cd64b5090e7799fcf031fb4>:0 
  at CRPCHeader.CallMethodLocally (System.Byte functionID) [0x000cf] in <b49ef5704cd64b5090e7799fcf031fb4>:0 
Failed to call remote method #0 on object 1367/#Dynamic ('<NULL>'). This should be fixed: Reason : Object reference not set to an instance of an object. 
Trace:   at UnityEngine.Bindings.ThrowHelper.ThrowNullReferenceException (System.Object obj) [0x00018] in <5eb0ffefd25a4604963f191f59bef3cc>:0 
  at UnityEngine.Component.get_transform () [0x00006] in <5eb0ffefd25a4604963f191f59bef3cc>:0 
  at Grass.RecvGrassState () [0x00000] in <b49ef5704cd64b5090e7799fcf031fb4>:0 
  at CRPCHeader.CallMethodLocally (System.Byte functionID) [0x000cf] in <b49ef5704cd64b5090e7799fcf031fb4>:0 
Failed to call remote method #0 on object 1352/#Dynamic ('<NULL>'). This should be fixed: Reason : Object reference not set to an instance of an object. 
Trace:   at UnityEngine.Bindings.ThrowHelper.ThrowNullReferenceException (System.Object obj) [0x00018] in <5eb0ffefd25a4604963f191f59bef3cc>:0 
  at UnityEngine.Component.get_transform () [0x00006] in <5eb0ffefd25a4604963f191f59bef3cc>:0 
  at Grass.RecvGrassState () [0x00000] in <b49ef5704cd64b5090e7799fcf031fb4>:0 
  at CRPCHeader.CallMethodLocally (System.Byte functionID) [0x000cf] in <b49ef5704cd64b5090e7799fcf031fb4>:0 
Failed to call remote method #0 on object 1383/#Dynamic ('<NULL>'). This should be fixed: Reason : Object reference not set to an instance of an object. 
Trace:   at UnityEngine.Bindings.ThrowHelper.ThrowNullReferenceException (System.Object obj) [0x00018] in <5eb0ffefd25a4604963f191f59bef3cc>:0 
  at UnityEngine.Component.get_transform () [0x00006] in <5eb0ffefd25a4604963f191f59bef3cc>:0 
  at Grass.RecvGrassState () [0x00000] in <b49ef5704cd64b5090e7799fcf031fb4>:0 
  at CRPCHeader.CallMethodLocally (System.Byte functionID) [0x000cf] in <b49ef5704cd64b5090e7799fcf031fb4>:0 
Failed to call remote method #0 on object 1385/#Dynamic ('<NULL>'). This should be fixed: Reason : Object reference not set to an instance of an object. 
Trace:   at UnityEngine.Bindings.ThrowHelper.ThrowNullReferenceException (System.Object obj) [0x00018] in <5eb0ffefd25a4604963f191f59bef3cc>:0 
  at UnityEngine.Component.get_transform () [0x00006] in <5eb0ffefd25a4604963f191f59bef3cc>:0 
  at Grass.RecvGrassState () [0x00000] in <b49ef5704cd64b5090e7799fcf031fb4>:0 
  at CRPCHeader.CallMethodLocally (System.Byte functionID) [0x000cf] in <b49ef5704cd64b5090e7799fcf031fb4>:0 
Failed to call remote method #0 on object 1382/#Dynamic ('<NULL>'). This should be fixed: Reason : Object reference not set to an instance of an object. 
Trace:   at UnityEngine.Bindings.ThrowHelper.ThrowNullReferenceException (System.Object obj) [0x00018] in <5eb0ffefd25a4604963f191f59bef3cc>:0 
  at UnityEngine.Component.get_transform () [0x00006] in <5eb0ffefd25a4604963f191f59bef3cc>:0 
  at Grass.RecvGrassState () [0x00000] in <b49ef5704cd64b5090e7799fcf031fb4>:0 
  at CRPCHeader.CallMethodLocally (System.Byte functionID) [0x000cf] in <b49ef5704cd64b5090e7799fcf031fb4>:0 
Failed to call remote method #18 on object 1390/#Dynamic ('<NULL>'). This should be fixed: Reason : Object reference not set to an instance of an object. 
Trace:   at UnityEngine.Bindings.ThrowHelper.ThrowNullReferenceException (System.Object obj) [0x00018] in <5eb0ffefd25a4604963f191f59bef3cc>:0 
  at UnityEngine.Animator.SetBoolID (System.Int32 id, System.Boolean value) [0x00006] in <05de2c0e854d4e60bfd6ad0aed87cccc>:0 
  at UnityEngine.Animator.SetBool (System.Int32 id, System.Boolean value) [0x00001] in <05de2c0e854d4e60bfd6ad0aed87cccc>:0 
  at Worker.SetAnimation (System.Int32 animCode) [0x00043] in <b49ef5704cd64b5090e7799fcf031fb4>:0 
  at AnimationSync.ReceiveAnimation () [0x00042] in <b49ef5704cd64b5090e7799fcf031fb4>:0 
  at CRPCHeader.CallMethodLocally (System.Byte functionID) [0x000cf] in <b49ef5704cd64b5090e7799fcf031fb4>:0 
Failed to call remote method #18 on object 1390/#Dynamic ('<NULL>'). This should be fixed: Reason : Object reference not set to an instance of an object. 
Trace:   at UnityEngine.Bindings.ThrowHelper.ThrowNullReferenceException (System.Object obj) [0x00018] in <5eb0ffefd25a4604963f191f59bef3cc>:0 
  at UnityEngine.Animator.SetBoolID (System.Int32 id, System.Boolean value) [0x00006] in <05de2c0e854d4e60bfd6ad0aed87cccc>:0 
  at UnityEngine.Animator.SetBool (System.Int32 id, System.Boolean value) [0x00001] in <05de2c0e854d4e60bfd6ad0aed87cccc>:0 
  at Worker.SetAnimation (System.Int32 animCode) [0x00043] in <b49ef5704cd64b5090e7799fcf031fb4>:0 
  at AnimationSync.ReceiveAnimation () [0x00042] in <b49ef5704cd64b5090e7799fcf031fb4>:0 
  at CRPCHeader.CallMethodLocally (System.Byte functionID) [0x000cf] in <b49ef5704cd64b5090e7799fcf031fb4>:0 
Failed to call remote method #18 on object 1391/#Dynamic ('<NULL>'). This should be fixed: Reason : Object reference not set to an instance of an object. 
Trace:   at UnityEngine.Bindings.ThrowHelper.ThrowNullReferenceException (System.Object obj) [0x00018] in <5eb0ffefd25a4604963f191f59bef3cc>:0 
  at UnityEngine.Animator.SetBoolID (System.Int32 id, System.Boolean value) [0x00006] in <05de2c0e854d4e60bfd6ad0aed87cccc>:0 
  at UnityEngine.Animator.SetBool (System.Int32 id, System.Boolean value) [0x00001] in <05de2c0e854d4e60bfd6ad0aed87cccc>:0 
  at Worker.SetAnimation (System.Int32 animCode) [0x00043] in <b49ef5704cd64b5090e7799fcf031fb4>:0 
  at AnimationSync.ReceiveAnimation () [0x00042] in <b49ef5704cd64b5090e7799fcf031fb4>:0 
  at CRPCHeader.CallMethodLocally (System.Byte functionID) [0x000cf] in <b49ef5704cd64b5090e7799fcf031fb4>:0 
Failed to call remote method #18 on object 1391/#Dynamic ('<NULL>'). This should be fixed: Reason : Object reference not set to an instance of an object. 
Trace:   at UnityEngine.Bindings.ThrowHelper.ThrowNullReferenceException (System.Object obj) [0x00018] in <5eb0ffefd25a4604963f191f59bef3cc>:0 
  at UnityEngine.Animator.SetBoolID (System.Int32 id, System.Boolean value) [0x00006] in <05de2c0e854d4e60bfd6ad0aed87cccc>:0 
  at UnityEngine.Animator.SetBool (System.Int32 id, System.Boolean value) [0x00001] in <05de2c0e854d4e60bfd6ad0aed87cccc>:0 
  at Worker.SetAnimation (System.Int32 animCode) [0x00043] in <b49ef5704cd64b5090e7799fcf031fb4>:0 
  at AnimationSync.ReceiveAnimation () [0x00042] in <b49ef5704cd64b5090e7799fcf031fb4>:0 
  at CRPCHeader.CallMethodLocally (System.Byte functionID) [0x000cf] in <b49ef5704cd64b5090e7799fcf031fb4>:0 
Failed to call remote method #0 on object 1387/#Dynamic ('<NULL>'). This should be fixed: Reason : Object reference not set to an instance of an object. 
Trace:   at UnityEngine.Bindings.ThrowHelper.ThrowNullReferenceException (System.Object obj) [0x00018] in <5eb0ffefd25a4604963f191f59bef3cc>:0 
  at UnityEngine.Component.get_transform () [0x00006] in <5eb0ffefd25a4604963f191f59bef3cc>:0 
  at Grass.RecvGrassState () [0x00000] in <b49ef5704cd64b5090e7799fcf031fb4>:0 
  at CRPCHeader.CallMethodLocally (System.Byte functionID) [0x000cf] in <b49ef5704cd64b5090e7799fcf031fb4>:0 
Failed to call remote method #0 on object 1393/#Dynamic ('<NULL>'). This should be fixed: Reason : Object reference not set to an instance of an object. 
Trace:   at UnityEngine.Bindings.ThrowHelper.ThrowNullReferenceException (System.Object obj) [0x00018] in <5eb0ffefd25a4604963f191f59bef3cc>:0 
  at UnityEngine.Component.get_transform () [0x00006] in <5eb0ffefd25a4604963f191f59bef3cc>:0 
  at Grass.RecvGrassState () [0x00000] in <b49ef5704cd64b5090e7799fcf031fb4>:0 
  at CRPCHeader.CallMethodLocally (System.Byte functionID) [0x000cf] in <b49ef5704cd64b5090e7799fcf031fb4>:0 
Failed to call remote method #0 on object 1396/#Dynamic ('<NULL>'). This should be fixed: Reason : Object reference not set to an instance of an object. 
Trace:   at UnityEngine.Bindings.ThrowHelper.ThrowNullReferenceException (System.Object obj) [0x00018] in <5eb0ffefd25a4604963f191f59bef3cc>:0 
  at UnityEngine.Component.get_transform () [0x00006] in <5eb0ffefd25a4604963f191f59bef3cc>:0 
  at Grass.RecvGrassState () [0x00000] in <b49ef5704cd64b5090e7799fcf031fb4>:0 
  at CRPCHeader.CallMethodLocally (System.Byte functionID) [0x000cf] in <b49ef5704cd64b5090e7799fcf031fb4>:0 
Failed to call remote method #0 on object 1394/#Dynamic ('<NULL>'). This should be fixed: Reason : Object reference not set to an instance of an object. 
Trace:   at UnityEngine.Bindings.ThrowHelper.ThrowNullReferenceException (System.Object obj) [0x00018] in <5eb0ffefd25a4604963f191f59bef3cc>:0 
  at UnityEngine.Component.get_transform () [0x00006] in <5eb0ffefd25a4604963f191f59bef3cc>:0 
  at Grass.RecvGrassState () [0x00000] in <b49ef5704cd64b5090e7799fcf031fb4>:0 
  at CRPCHeader.CallMethodLocally (System.Byte functionID) [0x000cf] in <b49ef5704cd64b5090e7799fcf031fb4>:0 
Failed to call remote method #0 on object 1397/#Dynamic ('<NULL>'). This should be fixed: Reason : Object reference not set to an instance of an object. 
Trace:   at UnityEngine.Bindings.ThrowHelper.ThrowNullReferenceException (System.Object obj) [0x00018] in <5eb0ffefd25a4604963f191f59bef3cc>:0 
  at UnityEngine.Component.get_transform () [0x00006] in <5eb0ffefd25a4604963f191f59bef3cc>:0 
  at Grass.RecvGrassState () [0x00000] in <b49ef5704cd64b5090e7799fcf031fb4>:0 
  at CRPCHeader.CallMethodLocally (System.Byte functionID) [0x000cf] in <b49ef5704cd64b5090e7799fcf031fb4>:0 
Failed to call remote method #0 on object 1384/#Dynamic ('<NULL>'). This should be fixed: Reason : Object reference not set to an instance of an object. 
Trace:   at UnityEngine.Bindings.ThrowHelper.ThrowNullReferenceException (System.Object obj) [0x00018] in <5eb0ffefd25a4604963f191f59bef3cc>:0 
  at UnityEngine.Component.get_transform () [0x00006] in <5eb0ffefd25a4604963f191f59bef3cc>:0 
  at Grass.RecvGrassState () [0x00000] in <b49ef5704cd64b5090e7799fcf031fb4>:0 
  at CRPCHeader.CallMethodLocally (System.Byte functionID) [0x000cf] in <b49ef5704cd64b5090e7799fcf031fb4>:0 
Failed to call remote method #0 on object 1400/#Dynamic ('<NULL>'). This should be fixed: Reason : Object reference not set to an instance of an object. 
Trace:   at UnityEngine.Bindings.ThrowHelper.ThrowNullReferenceException (System.Object obj) [0x00018] in <5eb0ffefd25a4604963f191f59bef3cc>:0 
  at UnityEngine.Component.get_transform () [0x00006] in <5eb0ffefd25a4604963f191f59bef3cc>:0 
  at Grass.RecvGrassState () [0x00000] in <b49ef5704cd64b5090e7799fcf031fb4>:0 
  at CRPCHeader.CallMethodLocally (System.Byte functionID) [0x000cf] in <b49ef5704cd64b5090e7799fcf031fb4>:0 
Failed to call remote method #0 on object 1395/#Dynamic ('<NULL>'). This should be fixed: Reason : Object reference not set to an instance of an object. 
Trace:   at UnityEngine.Bindings.ThrowHelper.ThrowNullReferenceException (System.Object obj) [0x00018] in <5eb0ffefd25a4604963f191f59bef3cc>:0 
  at UnityEngine.Component.get_transform () [0x00006] in <5eb0ffefd25a4604963f191f59bef3cc>:0 
  at Grass.RecvGrassState () [0x00000] in <b49ef5704cd64b5090e7799fcf031fb4>:0 
  at CRPCHeader.CallMethodLocally (System.Byte functionID) [0x000cf] in <b49ef5704cd64b5090e7799fcf031fb4>:0 
Failed to call remote method #0 on object 1398/#Dynamic ('<NULL>'). This should be fixed: Reason : Object reference not set to an instance of an object. 
Trace:   at UnityEngine.Bindings.ThrowHelper.ThrowNullReferenceException (System.Object obj) [0x00018] in <5eb0ffefd25a4604963f191f59bef3cc>:0 
  at UnityEngine.Component.get_transform () [0x00006] in <5eb0ffefd25a4604963f191f59bef3cc>:0 
  at Grass.RecvGrassState () [0x00000] in <b49ef5704cd64b5090e7799fcf031fb4>:0 
  at CRPCHeader.CallMethodLocally (System.Byte functionID) [0x000cf] in <b49ef5704cd64b5090e7799fcf031fb4>:0 
Failed to call remote method #0 on object 1399/#Dynamic ('<NULL>'). This should be fixed: Reason : Object reference not set to an instance of an object. 
Trace:   at UnityEngine.Bindings.ThrowHelper.ThrowNullReferenceException (System.Object obj) [0x00018] in <5eb0ffefd25a4604963f191f59bef3cc>:0 
  at UnityEngine.Component.get_transform () [0x00006] in <5eb0ffefd25a4604963f191f59bef3cc>:0 
  at Grass.RecvGrassState () [0x00000] in <b49ef5704cd64b5090e7799fcf031fb4>:0 
  at CRPCHeader.CallMethodLocally (System.Byte functionID) [0x000cf] in <b49ef5704cd64b5090e7799fcf031fb4>:0 
Failed to call remote method #0 on object 1401/#Dynamic ('<NULL>'). This should be fixed: Reason : Object reference not set to an instance of an object. 
Trace:   at UnityEngine.Bindings.ThrowHelper.ThrowNullReferenceException (System.Object obj) [0x00018] in <5eb0ffefd25a4604963f191f59bef3cc>:0 
  at UnityEngine.Component.get_transform () [0x00006] in <5eb0ffefd25a4604963f191f59bef3cc>:0 
  at Grass.RecvGrassState () [0x00000] in <b49ef5704cd64b5090e7799fcf031fb4>:0 
  at CRPCHeader.CallMethodLocally (System.Byte functionID) [0x000cf] in <b49ef5704cd64b5090e7799fcf031fb4>:0 
Failed to call remote method #0 on object 1403/#Dynamic ('<NULL>'). This should be fixed: Reason : Object reference not set to an instance of an object. 
Trace:   at UnityEngine.Bindings.ThrowHelper.ThrowNullReferenceException (System.Object obj) [0x00018] in <5eb0ffefd25a4604963f191f59bef3cc>:0 
  at UnityEngine.Component.get_transform () [0x00006] in <5eb0ffefd25a4604963f191f59bef3cc>:0 
  at Grass.RecvGrassState () [0x00000] in <b49ef5704cd64b5090e7799fcf031fb4>:0 
  at CRPCHeader.CallMethodLocally (System.Byte functionID) [0x000cf] in <b49ef5704cd64b5090e7799fcf031fb4>:0 
Failed to call remote method #0 on object 1402/#Dynamic ('<NULL>'). This should be fixed: Reason : Object reference not set to an instance of an object. 
Trace:   at UnityEngine.Bindings.ThrowHelper.ThrowNullReferenceException (System.Object obj) [0x00018] in <5eb0ffefd25a4604963f191f59bef3cc>:0 
  at UnityEngine.Component.get_transform () [0x00006] in <5eb0ffefd25a4604963f191f59bef3cc>:0 
  at Grass.RecvGrassState () [0x00000] in <b49ef5704cd64b5090e7799fcf031fb4>:0 
  at CRPCHeader.CallMethodLocally (System.Byte functionID) [0x000cf] in <b49ef5704cd64b5090e7799fcf031fb4>:0 
Failed to call remote method #0 on object 1404/#Dynamic ('<NULL>'). This should be fixed: Reason : Object reference not set to an instance of an object. 
Trace:   at UnityEngine.Bindings.ThrowHelper.ThrowNullReferenceException (System.Object obj) [0x00018] in <5eb0ffefd25a4604963f191f59bef3cc>:0 
  at UnityEngine.Component.get_transform () [0x00006] in <5eb0ffefd25a4604963f191f59bef3cc>:0 
  at Grass.RecvGrassState () [0x00000] in <b49ef5704cd64b5090e7799fcf031fb4>:0 
  at CRPCHeader.CallMethodLocally (System.Byte functionID) [0x000cf] in <b49ef5704cd64b5090e7799fcf031fb4>:0 
Failed to call remote method #0 on object 1408/#Dynamic ('<NULL>'). This should be fixed: Reason : Object reference not set to an instance of an object. 
Trace:   at UnityEngine.Bindings.ThrowHelper.ThrowNullReferenceException (System.Object obj) [0x00018] in <5eb0ffefd25a4604963f191f59bef3cc>:0 
  at UnityEngine.Component.get_transform () [0x00006] in <5eb0ffefd25a4604963f191f59bef3cc>:0 
  at Grass.RecvGrassState () [0x00000] in <b49ef5704cd64b5090e7799fcf031fb4>:0 
  at CRPCHeader.CallMethodLocally (System.Byte functionID) [0x000cf] in <b49ef5704cd64b5090e7799fcf031fb4>:0 
Failed to call remote method #0 on object 1409/#Dynamic ('<NULL>'). This should be fixed: Reason : Object reference not set to an instance of an object. 
Trace:   at UnityEngine.Bindings.ThrowHelper.ThrowNullReferenceException (System.Object obj) [0x00018] in <5eb0ffefd25a4604963f191f59bef3cc>:0 
  at UnityEngine.Component.get_transform () [0x00006] in <5eb0ffefd25a4604963f191f59bef3cc>:0 
  at Grass.RecvGrassState () [0x00000] in <b49ef5704cd64b5090e7799fcf031fb4>:0 
  at CRPCHeader.CallMethodLocally (System.Byte functionID) [0x000cf] in <b49ef5704cd64b5090e7799fcf031fb4>:0 
Failed to call remote method #0 on object 1410/#Dynamic ('<NULL>'). This should be fixed: Reason : Object reference not set to an instance of an object. 
Trace:   at UnityEngine.Bindings.ThrowHelper.ThrowNullReferenceException (System.Object obj) [0x00018] in <5eb0ffefd25a4604963f191f59bef3cc>:0 
  at UnityEngine.Component.get_transform () [0x00006] in <5eb0ffefd25a4604963f191f59bef3cc>:0 
  at Grass.RecvGrassState () [0x00000] in <b49ef5704cd64b5090e7799fcf031fb4>:0 
  at CRPCHeader.CallMethodLocally (System.Byte functionID) [0x000cf] in <b49ef5704cd64b5090e7799fcf031fb4>:0 
Failed to call remote method #0 on object 1411/#Dynamic ('<NULL>'). This should be fixed: Reason : Object reference not set to an instance of an object. 
Trace:   at UnityEngine.Bindings.ThrowHelper.ThrowNullReferenceException (System.Object obj) [0x00018] in <5eb0ffefd25a4604963f191f59bef3cc>:0 
  at UnityEngine.Component.get_transform () [0x00006] in <5eb0ffefd25a4604963f191f59bef3cc>:0 
  at Grass.RecvGrassState () [0x00000] in <b49ef5704cd64b5090e7799fcf031fb4>:0 
  at CRPCHeader.CallMethodLocally (System.Byte functionID) [0x000cf] in <b49ef5704cd64b5090e7799fcf031fb4>:0 
Failed to call remote method #0 on object 1414/#Dynamic ('<NULL>'). This should be fixed: Reason : Object reference not set to an instance of an object. 
Trace:   at UnityEngine.Bindings.ThrowHelper.ThrowNullReferenceException (System.Object obj) [0x00018] in <5eb0ffefd25a4604963f191f59bef3cc>:0 
  at UnityEngine.Component.get_transform () [0x00006] in <5eb0ffefd25a4604963f191f59bef3cc>:0 
  at Grass.RecvGrassState () [0x00000] in <b49ef5704cd64b5090e7799fcf031fb4>:0 
  at CRPCHeader.CallMethodLocally (System.Byte functionID) [0x000cf] in <b49ef5704cd64b5090e7799fcf031fb4>:0 
Failed to call remote method #0 on object 1413/#Dynamic ('<NULL>'). This should be fixed: Reason : Object reference not set to an instance of an object. 
Trace:   at UnityEngine.Bindings.ThrowHelper.ThrowNullReferenceException (System.Object obj) [0x00018] in <5eb0ffefd25a4604963f191f59bef3cc>:0 
  at UnityEngine.Component.get_transform () [0x00006] in <5eb0ffefd25a4604963f191f59bef3cc>:0 
  at Grass.RecvGrassState () [0x00000] in <b49ef5704cd64b5090e7799fcf031fb4>:0 
  at CRPCHeader.CallMethodLocally (System.Byte functionID) [0x000cf] in <b49ef5704cd64b5090e7799fcf031fb4>:0 
Failed to call remote method #0 on object 1407/#Dynamic ('<NULL>'). This should be fixed: Reason : Object reference not set to an instance of an object. 
Trace:   at UnityEngine.Bindings.ThrowHelper.ThrowNullReferenceException (System.Object obj) [0x00018] in <5eb0ffefd25a4604963f191f59bef3cc>:0 
  at UnityEngine.Component.get_transform () [0x00006] in <5eb0ffefd25a4604963f191f59bef3cc>:0 
  at Grass.RecvGrassState () [0x00000] in <b49ef5704cd64b5090e7799fcf031fb4>:0 
  at CRPCHeader.CallMethodLocally (System.Byte functionID) [0x000cf] in <b49ef5704cd64b5090e7799fcf031fb4>:0 
Failed to call remote method #0 on object 1412/#Dynamic ('<NULL>'). This should be fixed: Reason : Object reference not set to an instance of an object. 
Trace:   at UnityEngine.Bindings.ThrowHelper.ThrowNullReferenceException (System.Object obj) [0x00018] in <5eb0ffefd25a4604963f191f59bef3cc>:0 
  at UnityEngine.Component.get_transform () [0x00006] in <5eb0ffefd25a4604963f191f59bef3cc>:0 
  at Grass.RecvGrassState () [0x00000] in <b49ef5704cd64b5090e7799fcf031fb4>:0 
  at CRPCHeader.CallMethodLocally (System.Byte functionID) [0x000cf] in <b49ef5704cd64b5090e7799fcf031fb4>:0 
Failed to call remote method #0 on object 1405/#Dynamic ('<NULL>'). This should be fixed: Reason : Object reference not set to an instance of an object. 
Trace:   at UnityEngine.Bindings.ThrowHelper.ThrowNullReferenceException (System.Object obj) [0x00018] in <5eb0ffefd25a4604963f191f59bef3cc>:0 
  at UnityEngine.Component.get_transform () [0x00006] in <5eb0ffefd25a4604963f191f59bef3cc>:0 
  at Grass.RecvGrassState () [0x00000] in <b49ef5704cd64b5090e7799fcf031fb4>:0 
  at CRPCHeader.CallMethodLocally (System.Byte functionID) [0x000cf] in <b49ef5704cd64b5090e7799fcf031fb4>:0 
Failed to call remote method #0 on object 1406/#Dynamic ('<NULL>'). This should be fixed: Reason : Object reference not set to an instance of an object. 
Trace:   at UnityEngine.Bindings.ThrowHelper.ThrowNullReferenceException (System.Object obj) [0x00018] in <5eb0ffefd25a4604963f191f59bef3cc>:0 
  at UnityEngine.Component.get_transform () [0x00006] in <5eb0ffefd25a4604963f191f59bef3cc>:0 
  at Grass.RecvGrassState () [0x00000] in <b49ef5704cd64b5090e7799fcf031fb4>:0 
  at CRPCHeader.CallMethodLocally (System.Byte functionID) [0x000cf] in <b49ef5704cd64b5090e7799fcf031fb4>:0 
Failed to call remote method #0 on object 1415/#Dynamic ('<NULL>'). This should be fixed: Reason : Object reference not set to an instance of an object. 
Trace:   at UnityEngine.Bindings.ThrowHelper.ThrowNullReferenceException (System.Object obj) [0x00018] in <5eb0ffefd25a4604963f191f59bef3cc>:0 
  at UnityEngine.Component.get_transform () [0x00006] in <5eb0ffefd25a4604963f191f59bef3cc>:0 
  at Grass.RecvGrassState () [0x00000] in <b49ef5704cd64b5090e7799fcf031fb4>:0 
  at CRPCHeader.CallMethodLocally (System.Byte functionID) [0x000cf] in <b49ef5704cd64b5090e7799fcf031fb4>:0 
Failed to call remote method #0 on object 1417/#Dynamic ('<NULL>'). This should be fixed: Reason : Object reference not set to an instance of an object. 
Trace:   at UnityEngine.Bindings.ThrowHelper.ThrowNullReferenceException (System.Object obj) [0x00018] in <5eb0ffefd25a4604963f191f59bef3cc>:0 
  at UnityEngine.Component.get_transform () [0x00006] in <5eb0ffefd25a4604963f191f59bef3cc>:0 
  at Grass.RecvGrassState () [0x00000] in <b49ef5704cd64b5090e7799fcf031fb4>:0 
  at CRPCHeader.CallMethodLocally (System.Byte functionID) [0x000cf] in <b49ef5704cd64b5090e7799fcf031fb4>:0 
Failed to call remote method #0 on object 1418/#Dynamic ('<NULL>'). This should be fixed: Reason : Object reference not set to an instance of an object. 
Trace:   at UnityEngine.Bindings.ThrowHelper.ThrowNullReferenceException (System.Object obj) [0x00018] in <5eb0ffefd25a4604963f191f59bef3cc>:0 
  at UnityEngine.Component.get_transform () [0x00006] in <5eb0ffefd25a4604963f191f59bef3cc>:0 
  at Grass.RecvGrassState () [0x00000] in <b49ef5704cd64b5090e7799fcf031fb4>:0 
  at CRPCHeader.CallMethodLocally (System.Byte functionID) [0x000cf] in <b49ef5704cd64b5090e7799fcf031fb4>:0 
Failed to call remote method #0 on object 1420/#Dynamic ('<NULL>'). This should be fixed: Reason : Object reference not set to an instance of an object. 
Trace:   at UnityEngine.Bindings.ThrowHelper.ThrowNullReferenceException (System.Object obj) [0x00018] in <5eb0ffefd25a4604963f191f59bef3cc>:0 
  at UnityEngine.Component.get_transform () [0x00006] in <5eb0ffefd25a4604963f191f59bef3cc>:0 
  at Grass.RecvGrassState () [0x00000] in <b49ef5704cd64b5090e7799fcf031fb4>:0 
  at CRPCHeader.CallMethodLocally (System.Byte functionID) [0x000cf] in <b49ef5704cd64b5090e7799fcf031fb4>:0 
Failed to call remote method #0 on object 1419/#Dynamic ('<NULL>'). This should be fixed: Reason : Object reference not set to an instance of an object. 
Trace:   at UnityEngine.Bindings.ThrowHelper.ThrowNullReferenceException (System.Object obj) [0x00018] in <5eb0ffefd25a4604963f191f59bef3cc>:0 
  at UnityEngine.Component.get_transform () [0x00006] in <5eb0ffefd25a4604963f191f59bef3cc>:0 
  at Grass.RecvGrassState () [0x00000] in <b49ef5704cd64b5090e7799fcf031fb4>:0 
  at CRPCHeader.CallMethodLocally (System.Byte functionID) [0x000cf] in <b49ef5704cd64b5090e7799fcf031fb4>:0 
Failed to call remote method #0 on object 1416/#Dynamic ('<NULL>'). This should be fixed: Reason : Object reference not set to an instance of an object. 
Trace:   at UnityEngine.Bindings.ThrowHelper.ThrowNullReferenceException (System.Object obj) [0x00018] in <5eb0ffefd25a4604963f191f59bef3cc>:0 
  at UnityEngine.Component.get_transform () [0x00006] in <5eb0ffefd25a4604963f191f59bef3cc>:0 
  at Grass.RecvGrassState () [0x00000] in <b49ef5704cd64b5090e7799fcf031fb4>:0 
  at CRPCHeader.CallMethodLocally (System.Byte functionID) [0x000cf] in <b49ef5704cd64b5090e7799fcf031fb4>:0 
Failed to call remote method #0 on object 1422/#Dynamic ('<NULL>'). This should be fixed: Reason : Object reference not set to an instance of an object. 
Trace:   at UnityEngine.Bindings.ThrowHelper.ThrowNullReferenceException (System.Object obj) [0x00018] in <5eb0ffefd25a4604963f191f59bef3cc>:0 
  at UnityEngine.Component.get_transform () [0x00006] in <5eb0ffefd25a4604963f191f59bef3cc>:0 
  at Grass.RecvGrassState () [0x00000] in <b49ef5704cd64b5090e7799fcf031fb4>:0 
  at CRPCHeader.CallMethodLocally (System.Byte functionID) [0x000cf] in <b49ef5704cd64b5090e7799fcf031fb4>:0 
Failed to call remote method #0 on object 1424/#Dynamic ('<NULL>'). This should be fixed: Reason : Object reference not set to an instance of an object. 
Trace:   at UnityEngine.Bindings.ThrowHelper.ThrowNullReferenceException (System.Object obj) [0x00018] in <5eb0ffefd25a4604963f191f59bef3cc>:0 
  at UnityEngine.Component.get_transform () [0x00006] in <5eb0ffefd25a4604963f191f59bef3cc>:0 
  at Grass.RecvGrassState () [0x00000] in <b49ef5704cd64b5090e7799fcf031fb4>:0 
  at CRPCHeader.CallMethodLocally (System.Byte functionID) [0x000cf] in <b49ef5704cd64b5090e7799fcf031fb4>:0 
Failed to call remote method #0 on object 1423/#Dynamic ('<NULL>'). This should be fixed: Reason : Object reference not set to an instance of an object. 
Trace:   at UnityEngine.Bindings.ThrowHelper.ThrowNullReferenceException (System.Object obj) [0x00018] in <5eb0ffefd25a4604963f191f59bef3cc>:0 
  at UnityEngine.Component.get_transform () [0x00006] in <5eb0ffefd25a4604963f191f59bef3cc>:0 
  at Grass.RecvGrassState () [0x00000] in <b49ef5704cd64b5090e7799fcf031fb4>:0 
  at CRPCHeader.CallMethodLocally (System.Byte functionID) [0x000cf] in <b49ef5704cd64b5090e7799fcf031fb4>:0 
Failed to call remote method #0 on object 1426/#Dynamic ('<NULL>'). This should be fixed: Reason : Object reference not set to an instance of an object. 
Trace:   at UnityEngine.Bindings.ThrowHelper.ThrowNullReferenceException (System.Object obj) [0x00018] in <5eb0ffefd25a4604963f191f59bef3cc>:0 
  at UnityEngine.Component.get_transform () [0x00006] in <5eb0ffefd25a4604963f191f59bef3cc>:0 
  at Grass.RecvGrassState () [0x00000] in <b49ef5704cd64b5090e7799fcf031fb4>:0 
  at CRPCHeader.CallMethodLocally (System.Byte functionID) [0x000cf] in <b49ef5704cd64b5090e7799fcf031fb4>:0 
Failed to call remote method #0 on object 1429/#Dynamic ('<NULL>'). This should be fixed: Reason : Object reference not set to an instance of an object. 
Trace:   at UnityEngine.Bindings.ThrowHelper.ThrowNullReferenceException (System.Object obj) [0x00018] in <5eb0ffefd25a4604963f191f59bef3cc>:0 
  at UnityEngine.Component.get_transform () [0x00006] in <5eb0ffefd25a4604963f191f59bef3cc>:0 
  at Grass.RecvGrassState () [0x00000] in <b49ef5704cd64b5090e7799fcf031fb4>:0 
  at CRPCHeader.CallMethodLocally (System.Byte functionID) [0x000cf] in <b49ef5704cd64b5090e7799fcf031fb4>:0 
Failed to call remote method #0 on object 1432/#Dynamic ('<NULL>'). This should be fixed: Reason : Object reference not set to an instance of an object. 
Trace:   at UnityEngine.Bindings.ThrowHelper.ThrowNullReferenceException (System.Object obj) [0x00018] in <5eb0ffefd25a4604963f191f59bef3cc>:0 
  at UnityEngine.Component.get_transform () [0x00006] in <5eb0ffefd25a4604963f191f59bef3cc>:0 
  at Grass.RecvGrassState () [0x00000] in <b49ef5704cd64b5090e7799fcf031fb4>:0 
  at CRPCHeader.CallMethodLocally (System.Byte functionID) [0x000cf] in <b49ef5704cd64b5090e7799fcf031fb4>:0 
Failed to call remote method #0 on object 1431/#Dynamic ('<NULL>'). This should be fixed: Reason : Object reference not set to an instance of an object. 
Trace:   at UnityEngine.Bindings.ThrowHelper.ThrowNullReferenceException (System.Object obj) [0x00018] in <5eb0ffefd25a4604963f191f59bef3cc>:0 
  at UnityEngine.Component.get_transform () [0x00006] in <5eb0ffefd25a4604963f191f59bef3cc>:0 
  at Grass.RecvGrassState () [0x00000] in <b49ef5704cd64b5090e7799fcf031fb4>:0 
  at CRPCHeader.CallMethodLocally (System.Byte functionID) [0x000cf] in <b49ef5704cd64b5090e7799fcf031fb4>:0 
Failed to call remote method #0 on object 1433/#Dynamic ('<NULL>'). This should be fixed: Reason : Object reference not set to an instance of an object. 
Trace:   at UnityEngine.Bindings.ThrowHelper.ThrowNullReferenceException (System.Object obj) [0x00018] in <5eb0ffefd25a4604963f191f59bef3cc>:0 
  at UnityEngine.Component.get_transform () [0x00006] in <5eb0ffefd25a4604963f191f59bef3cc>:0 
  at Grass.RecvGrassState () [0x00000] in <b49ef5704cd64b5090e7799fcf031fb4>:0 
  at CRPCHeader.CallMethodLocally (System.Byte functionID) [0x000cf] in <b49ef5704cd64b5090e7799fcf031fb4>:0 
Failed to call remote method #0 on object 1437/#Dynamic ('<NULL>'). This should be fixed: Reason : Object reference not set to an instance of an object. 
Trace:   at UnityEngine.Bindings.ThrowHelper.ThrowNullReferenceException (System.Object obj) [0x00018] in <5eb0ffefd25a4604963f191f59bef3cc>:0 
  at UnityEngine.Component.get_transform () [0x00006] in <5eb0ffefd25a4604963f191f59bef3cc>:0 
  at Grass.RecvGrassState () [0x00000] in <b49ef5704cd64b5090e7799fcf031fb4>:0 
  at CRPCHeader.CallMethodLocally (System.Byte functionID) [0x000cf] in <b49ef5704cd64b5090e7799fcf031fb4>:0 
Failed to call remote method #0 on object 1435/#Dynamic ('<NULL>'). This should be fixed: Reason : Object reference not set to an instance of an object. 
Trace:   at UnityEngine.Bindings.ThrowHelper.ThrowNullReferenceException (System.Object obj) [0x00018] in <5eb0ffefd25a4604963f191f59bef3cc>:0 
  at UnityEngine.Component.get_transform () [0x00006] in <5eb0ffefd25a4604963f191f59bef3cc>:0 
  at Grass.RecvGrassState () [0x00000] in <b49ef5704cd64b5090e7799fcf031fb4>:0 
  at CRPCHeader.CallMethodLocally (System.Byte functionID) [0x000cf] in <b49ef5704cd64b5090e7799fcf031fb4>:0 
Failed to call remote method #0 on object 1434/#Dynamic ('<NULL>'). This should be fixed: Reason : Object reference not set to an instance of an object. 
Trace:   at UnityEngine.Bindings.ThrowHelper.ThrowNullReferenceException (System.Object obj) [0x00018] in <5eb0ffefd25a4604963f191f59bef3cc>:0 
  at UnityEngine.Component.get_transform () [0x00006] in <5eb0ffefd25a4604963f191f59bef3cc>:0 
  at Grass.RecvGrassState () [0x00000] in <b49ef5704cd64b5090e7799fcf031fb4>:0 
  at CRPCHeader.CallMethodLocally (System.Byte functionID) [0x000cf] in <b49ef5704cd64b5090e7799fcf031fb4>:0 
Failed to call remote method #0 on object 1439/#Dynamic ('<NULL>'). This should be fixed: Reason : Object reference not set to an instance of an object. 
Trace:   at UnityEngine.Bindings.ThrowHelper.ThrowNullReferenceException (System.Object obj) [0x00018] in <5eb0ffefd25a4604963f191f59bef3cc>:0 
  at UnityEngine.Component.get_transform () [0x00006] in <5eb0ffefd25a4604963f191f59bef3cc>:0 
  at Grass.RecvGrassState () [0x00000] in <b49ef5704cd64b5090e7799fcf031fb4>:0 
  at CRPCHeader.CallMethodLocally (System.Byte functionID) [0x000cf] in <b49ef5704cd64b5090e7799fcf031fb4>:0 
Failed to call remote method #0 on object 1440/#Dynamic ('<NULL>'). This should be fixed: Reason : Object reference not set to an instance of an object. 
Trace:   at UnityEngine.Bindings.ThrowHelper.ThrowNullReferenceException (System.Object obj) [0x00018] in <5eb0ffefd25a4604963f191f59bef3cc>:0 
  at UnityEngine.Component.get_transform () [0x00006] in <5eb0ffefd25a4604963f191f59bef3cc>:0 
  at Grass.RecvGrassState () [0x00000] in <b49ef5704cd64b5090e7799fcf031fb4>:0 
  at CRPCHeader.CallMethodLocally (System.Byte functionID) [0x000cf] in <b49ef5704cd64b5090e7799fcf031fb4>:0 
Failed to call remote method #0 on object 1442/#Dynamic ('<NULL>'). This should be fixed: Reason : Object reference not set to an instance of an object. 
Trace:   at UnityEngine.Bindings.ThrowHelper.ThrowNullReferenceException (System.Object obj) [0x00018] in <5eb0ffefd25a4604963f191f59bef3cc>:0 
  at UnityEngine.Component.get_transform () [0x00006] in <5eb0ffefd25a4604963f191f59bef3cc>:0 
  at Grass.RecvGrassState () [0x00000] in <b49ef5704cd64b5090e7799fcf031fb4>:0 
  at CRPCHeader.CallMethodLocally (System.Byte functionID) [0x000cf] in <b49ef5704cd64b5090e7799fcf031fb4>:0 
Failed to call remote method #0 on object 1443/#Dynamic ('<NULL>'). This should be fixed: Reason : Object reference not set to an instance of an object. 
Trace:   at UnityEngine.Bindings.ThrowHelper.ThrowNullReferenceException (System.Object obj) [0x00018] in <5eb0ffefd25a4604963f191f59bef3cc>:0 
  at UnityEngine.Component.get_transform () [0x00006] in <5eb0ffefd25a4604963f191f59bef3cc>:0 
  at Grass.RecvGrassState () [0x00000] in <b49ef5704cd64b5090e7799fcf031fb4>:0 
  at CRPCHeader.CallMethodLocally (System.Byte functionID) [0x000cf] in <b49ef5704cd64b5090e7799fcf031fb4>:0 
Failed to call remote method #0 on object 1002/#SemiStatic ('<NULL>'). This should be fixed: Reason : Object reference not set to an instance of an object. 
Trace:   at UnityEngine.Bindings.ThrowHelper.ThrowNullReferenceException (System.Object obj) [0x00018] in <5eb0ffefd25a4604963f191f59bef3cc>:0 
  at UnityEngine.Component.get_gameObject () [0x00006] in <5eb0ffefd25a4604963f191f59bef3cc>:0 
  at BeggarCamp.RecvDespawn () [0x00000] in <b49ef5704cd64b5090e7799fcf031fb4>:0 
  at CRPCHeader.CallMethodLocally (System.Byte functionID) [0x000cf] in <b49ef5704cd64b5090e7799fcf031fb4>:0 
Failed to call remote method #0 on object 1022/#SemiStatic ('<NULL>'). This should be fixed: Reason : Object reference not set to an instance of an object. 
Trace:   at UnityEngine.Bindings.ThrowHelper.ThrowNullReferenceException (System.Object obj) [0x00018] in <5eb0ffefd25a4604963f191f59bef3cc>:0 
  at UnityEngine.Component.get_gameObject () [0x00006] in <5eb0ffefd25a4604963f191f59bef3cc>:0 
  at BeggarCamp.RecvDespawn () [0x00000] in <b49ef5704cd64b5090e7799fcf031fb4>:0 
  at CRPCHeader.CallMethodLocally (System.Byte functionID) [0x000cf] in <b49ef5704cd64b5090e7799fcf031fb4>:0 
Received CRPC update for Dynamic obj with ID 1207 and functionID 0, but no object with that ID was registered!
Received CRPC update for Dynamic obj with ID 1202 and functionID 0, but no object with that ID was registered!
Received CRPC update for Dynamic obj with ID 1202 and functionID 0, but no object with that ID was registered!
Received CRPC update for Dynamic obj with ID 1202 and functionID 0, but no object with that ID was registered!
Received CRPC update for Dynamic obj with ID 1203 and functionID 0, but no object with that ID was registered!
Received CRPC update for Dynamic obj with ID 1203 and functionID 0, but no object with that ID was registered!
Received CRPC update for Dynamic obj with ID 1203 and functionID 0, but no object with that ID was registered!
Received CRPC update for Dynamic obj with ID 1203 and functionID 0, but no object with that ID was registered!
Received CRPC update for Dynamic obj with ID 1203 and functionID 0, but no object with that ID was registered!
Received CRPC update for Dynamic obj with ID 1207 and functionID 0, but no object with that ID was registered!
Received CRPC update for Dynamic obj with ID 1207 and functionID 0, but no object with that ID was registered!
Received CRPC update for Dynamic obj with ID 1207 and functionID 0, but no object with that ID was registered!
Received CRPC update for Dynamic obj with ID 1208 and functionID 0, but no object with that ID was registered!
Received CRPC update for Dynamic obj with ID 1208 and functionID 0, but no object with that ID was registered!
Received CRPC update for Dynamic obj with ID 1208 and functionID 0, but no object with that ID was registered!
Failed to call remote method #2 on object 1263/#Dynamic ('<NULL>'). This should be fixed: Reason : Object reference not set to an instance of an object. 
Trace:   at UnityEngine.Bindings.ThrowHelper.ThrowNullReferenceException (System.Object obj) [0x00018] in <5eb0ffefd25a4604963f191f59bef3cc>:0 
  at UnityEngine.Component.get_gameObject () [0x00006] in <5eb0ffefd25a4604963f191f59bef3cc>:0 
  at Require.Component[T] (UnityEngine.Component target) [0x00000] in <b49ef5704cd64b5090e7799fcf031fb4>:0 
  at SpriteRendererFX.get_Renderer () [0x0000e] in <b49ef5704cd64b5090e7799fcf031fb4>:0 
  at SpriteRendererFX.set_recolorA (UnityEngine.Color value) [0x0000e] in <b49ef5704cd64b5090e7799fcf031fb4>:0 
  at Character.set_outfitColor (UnityEngine.Color value) [0x0001c] in <b49ef5704cd64b5090e7799fcf031fb4>:0 
  at Character.ReceiveCharacterColours () [0x0003b] in <b49ef5704cd64b5090e7799fcf031fb4>:0 
  at CRPCHeader.CallMethodLocally (System.Byte functionID) [0x000cf] in <b49ef5704cd64b5090e7799fcf031fb4>:0 
Failed to call remote method #4 on object 1263/#Dynamic ('<NULL>'). This should be fixed: Reason : Object reference not set to an instance of an object. 
Trace:   at UnityEngine.Bindings.ThrowHelper.ThrowNullReferenceException (System.Object obj) [0x00018] in <5eb0ffefd25a4604963f191f59bef3cc>:0 
  at UnityEngine.Animator.set_runtimeAnimatorController (UnityEngine.RuntimeAnimatorController value) [0x00006] in <05de2c0e854d4e60bfd6ad0aed87cccc>:0 
  at Archer.ConvertToHunter () [0x00046] in <b49ef5704cd64b5090e7799fcf031fb4>:0 
  at Archer.ReceiveGuardState () [0x0003d] in <b49ef5704cd64b5090e7799fcf031fb4>:0 
  at CRPCHeader.CallMethodLocally (System.Byte functionID) [0x000cf] in <b49ef5704cd64b5090e7799fcf031fb4>:0 
Failed to call remote method #21 on object 1263/#Dynamic ('<NULL>'). This should be fixed: Reason : Object reference not set to an instance of an object. 
Trace:   at UnityEngine.Bindings.ThrowHelper.ThrowNullReferenceException (System.Object obj) [0x00018] in <5eb0ffefd25a4604963f191f59bef3cc>:0 
  at UnityEngine.Animator.ResetTriggerID (System.Int32 id) [0x00006] in <05de2c0e854d4e60bfd6ad0aed87cccc>:0 
  at UnityEngine.Animator.ResetTrigger (System.Int32 id) [0x00001] in <05de2c0e854d4e60bfd6ad0aed87cccc>:0 
  at Archer.SetAnimation (System.Int32 animCode) [0x0000a] in <b49ef5704cd64b5090e7799fcf031fb4>:0 
  at AnimationSync.ReceiveAnimation () [0x00042] in <b49ef5704cd64b5090e7799fcf031fb4>:0 
  at CRPCHeader.CallMethodLocally (System.Byte functionID) [0x000cf] in <b49ef5704cd64b5090e7799fcf031fb4>:0 
Failed to call remote method #21 on object 1263/#Dynamic ('<NULL>'). This should be fixed: Reason : Object reference not set to an instance of an object. 
Trace:   at UnityEngine.Bindings.ThrowHelper.ThrowNullReferenceException (System.Object obj) [0x00018] in <5eb0ffefd25a4604963f191f59bef3cc>:0 
  at UnityEngine.Animator.ResetTriggerID (System.Int32 id) [0x00006] in <05de2c0e854d4e60bfd6ad0aed87cccc>:0 
  at UnityEngine.Animator.ResetTrigger (System.Int32 id) [0x00001] in <05de2c0e854d4e60bfd6ad0aed87cccc>:0 
  at Archer.SetAnimation (System.Int32 animCode) [0x0000a] in <b49ef5704cd64b5090e7799fcf031fb4>:0 
  at AnimationSync.ReceiveAnimation () [0x00042] in <b49ef5704cd64b5090e7799fcf031fb4>:0 
  at CRPCHeader.CallMethodLocally (System.Byte functionID) [0x000cf] in <b49ef5704cd64b5090e7799fcf031fb4>:0 
Failed to call remote method #19 on object 1263/#Dynamic ('<NULL>'). This should be fixed: Reason : Object reference not set to an instance of an object. 
Trace:   at UnityEngine.Bindings.ThrowHelper.ThrowNullReferenceException (System.Object obj) [0x00018] in <5eb0ffefd25a4604963f191f59bef3cc>:0 
  at UnityEngine.Component.get_transform () [0x00006] in <5eb0ffefd25a4604963f191f59bef3cc>:0 
  at PositionSync.RecvFullPos () [0x0001f] in <b49ef5704cd64b5090e7799fcf031fb4>:0 
  at CRPCHeader.CallMethodLocally (System.Byte functionID) [0x000cf] in <b49ef5704cd64b5090e7799fcf031fb4>:0 
Failed to call remote method #12 on object 1263/#Dynamic ('<NULL>'). This should be fixed: Reason : Object reference not set to an instance of an object. 
Trace:   at UnityEngine.Bindings.ThrowHelper.ThrowNullReferenceException (System.Object obj) [0x00018] in <5eb0ffefd25a4604963f191f59bef3cc>:0 
  at UnityEngine.Component.get_transform () [0x00006] in <5eb0ffefd25a4604963f191f59bef3cc>:0 
  at FixedTransform.Fix () [0x00094] in <b49ef5704cd64b5090e7799fcf031fb4>:0 
  at FixedTransform.RecvPosition () [0x0000b] in <b49ef5704cd64b5090e7799fcf031fb4>:0 
  at CRPCHeader.CallMethodLocally (System.Byte functionID) [0x000cf] in <b49ef5704cd64b5090e7799fcf031fb4>:0 
Received CRPC update for Dynamic obj with ID 1202 and functionID 0, but no object with that ID was registered!
Received CRPC update for Dynamic obj with ID 1202 and functionID 0, but no object with that ID was registered!
Received CRPC update for Dynamic obj with ID 1203 and functionID 0, but no object with that ID was registered!
Received CRPC update for Dynamic obj with ID 1203 and functionID 0, but no object with that ID was registered!
Received CRPC update for Dynamic obj with ID 1207 and functionID 0, but no object with that ID was registered!
Received CRPC update for Dynamic obj with ID 1208 and functionID 0, but no object with that ID was registered!
Received CRPC update for Dynamic obj with ID 1202 and functionID 0, but no object with that ID was registered!
Received CRPC update for Dynamic obj with ID 1202 and functionID 0, but no object with that ID was registered!
Received CRPC update for Dynamic obj with ID 1203 and functionID 0, but no object with that ID was registered!
Received CRPC update for Dynamic obj with ID 1203 and functionID 0, but no object with that ID was registered!
Received CRPC update for Dynamic obj with ID 1207 and functionID 0, but no object with that ID was registered!
Received CRPC update for Dynamic obj with ID 1207 and functionID 0, but no object with that ID was registered!
Received CRPC update for Dynamic obj with ID 1208 and functionID 0, but no object with that ID was registered!
Received CRPC update for Dynamic obj with ID 1208 and functionID 0, but no object with that ID was registered!
Received CRPC update for Dynamic obj with ID 1202 and functionID 0, but no object with that ID was registered!
Received CRPC update for Dynamic obj with ID 1202 and functionID 0, but no object with that ID was registered!
Received CRPC update for Dynamic obj with ID 1203 and functionID 0, but no object with that ID was registered!
Received CRPC update for Dynamic obj with ID 1203 and functionID 0, but no object with that ID was registered!
Received CRPC update for Dynamic obj with ID 1207 and functionID 0, but no object with that ID was registered!
Received CRPC update for Dynamic obj with ID 1207 and functionID 0, but no object with that ID was registered!
Received CRPC update for Dynamic obj with ID 1208 and functionID 0, but no object with that ID was registered!
Received CRPC update for Dynamic obj with ID 1208 and functionID 0, but no object with that ID was registered!
Received CRPC update for Dynamic obj with ID 1208 and functionID 0, but no object with that ID was registered!
Received CRPC update for Dynamic obj with ID 1202 and functionID 0, but no object with that ID was registered!
Received CRPC update for Dynamic obj with ID 1203 and functionID 0, but no object with that ID was registered!
Received CRPC update for Dynamic obj with ID 1207 and functionID 0, but no object with that ID was registered!
Received CRPC update for Dynamic obj with ID 1207 and functionID 0, but no object with that ID was registered!
Received CRPC update for Dynamic obj with ID 1202 and functionID 0, but no object with that ID was registered!
Received CRPC update for Dynamic obj with ID 1203 and functionID 0, but no object with that ID was registered!
Received CRPC update for Dynamic obj with ID 1203 and functionID 0, but no object with that ID was registered!
Received CRPC update for Dynamic obj with ID 1207 and functionID 0, but no object with that ID was registered!
Received CRPC update for Dynamic obj with ID 1207 and functionID 0, but no object with that ID was registered!
Setting biome to 0
Joining Game 04 - Loading Main Scene
Managers.Inst.InitAll() 143924
TOUCH . 0 DPI. Deadzone 10-30 pixels (capped 1.0). Res 1920x1080
[ECM] [SEND] Request Sync unlocked crowns
Game created. Version: 2.4.0 Revision: 23488 Hash: a436110bb9 Branch: origin/twocrowns/spring-edict
Setting render size to 1920x1080 (Camera 1)
Setting water size to 960x540
Setting render size to 1920x1080 (Camera 0)
Setting water size to 960x540
Joining Game 05 - Requesting World Sync
[ECM] [RECV] Sync unlocked crowns: (0) []
Asked to move P2's position, but P2 isn't registered yet
Successfully received world sync data from host, creating land ..
Unloading 5 Unused Serialized files (Serialized files now loaded: 0)
[CAVE] Deserializing cave state None
[CAVE] New cave state: None
[Player 1 SetCrownType: [Regular] -> [Regular]
Deserialise new hint index: -1
[Player 2 SetCrownType: [Regular] -> [Regular]
[RP]Setting rich presence: InMenu
Unloading 3836 unused Assets to reduce memory usage. Loaded Objects now: 109063.
Total: 25.932121 ms (FindLiveObjects: 4.447482 ms CreateObjectMapping: 2.116219 ms MarkObjects: 13.767470 ms  DeleteObjects: 5.600669 ms)

Unloading 1 Unused Serialized files (Serialized files now loaded: 0)
Unloading 0 unused Assets to reduce memory usage. Loaded Objects now: 109100.
Total: 21.022715 ms (FindLiveObjects: 4.583006 ms CreateObjectMapping: 3.002548 ms MarkObjects: 13.369595 ms  DeleteObjects: 0.067235 ms)

Program Director: JoiningGame called Loader.Inst.Hide.Call()
Activated clientside boot listener
Successfully caught up to host!
Attempting to change currency bag from Bag to Bag for P2.
Updating coin bag from Bag to Bag for Player2.
Merchant spawn state: NotSpawned
Receiving shopRemoteCounterpart shop 'Bow' with id: 1275
Receiving shopRemoteCounterpart shop 'Hammer' with id: 1276
Received CRPC update for Dynamic obj with ID 902 and functionID 7, but no object with that ID was registered!
Construction project 'ShopBow(Clone)' completed!
Construction project 'ShopHammer(Clone)' completed!
Playing track twilight at time 9.268586
Construction project 'Wall1(Clone)' completed!
Construction project 'Tower1(Clone)' completed!
Construction project 'Wall1(Clone)' completed!
Playing track zephyr at time 20.08854
Playing track skippingstone at time 5.546629
Construction project 'Wall2(Clone)' completed!
Construction project 'Wall2(Clone)' completed!
Playing track wurlihigh2 (victory) at time 7.501567
Construction project 'Quarry(Clone)' completed!
Construction project 'Tower1(Clone)' completed!
Construction project 'Wall1(Clone)' completed!
Receiving shopRemoteCounterpart shop 'Scythe' with id: 1287
Construction project 'ShopScythe(Clone)' completed!
Playing track frombloom at time 7.84395
Construction project 'Farmhouse1(Clone)' completed!
Construction project 'Keep' completed!
Construction project 'Farmhouse2(Clone)' completed!
Construction project 'Tower1(Clone)' completed!
Construction project 'Wall2(Clone)' completed!
Finalize Emerge
Construction project 'Farmhouse1(Clone)' completed!
Construction project 'Farmhouse2(Clone)' completed!
Construction project 'Wall3(Clone)' completed!
Object 'TrollMask P1's parent is now 'Head'
Construction project 'Tower2(Clone)' completed!
Playing track blood (bloodmoon) at time 22.50165
Construction project 'Tower2(Clone)' completed!
Object 'TrollMask P1's parent is now 'GameLayer'
Construction project 'Wall3(Clone)' completed!
Finalize Emerge
Construction project 'Tower2(Clone)' completed!
Playing track carousel2 at time 7.769438
Construction project 'Wall3(Clone)' completed!
Construction project 'Tower1(Clone)' completed!
Construction project 'Wall1(Clone)' completed!
Receiving shopRemoteCounterpart shop 'PikeLeft' with id: 1304
Construction project 'ShopPike(Clone)' completed!
Construction project 'Keep' completed!
Construction project 'Wall2(Clone)' completed!
Finalize Emerge
Construction project 'Tower2(Clone)' completed!
Playing track stag at time 11.02469
Object 'TrollMask P1's parent is now 'Head'
Construction project 'Wall3(Clone)' completed!
Object 'TrollMask P2's parent is now 'Head'
Object 'TrollMask P2's parent is now 'GameLayer'
Object 'TrollMask P1's parent is now 'GameLayer'
Finalize Emerge
Construction project 'Wall4(Clone)' completed!
Receiving shopRemoteCounterpart shop 'Scythe' with id: 1312
Construction project 'ShopScythe(Clone)' completed!
Construction project 'Wall4(Clone)' completed!
Receiving shopRemoteCounterpart shop 'PikeRight' with id: 1313
Construction project 'ShopPike(Clone)' completed!
Object 'TrollMask P1's parent is now 'Head'
Client camera told to track 'Crown P1'
Client camera told to track player
Playing track nightsparkles at time 21.66514
Object 'TrollMask P2's parent is now 'Head'
Object 'TrollMask P1's parent is now 'GameLayer'
Object 'TrollMask P2's parent is now 'GameLayer'
Finalize Emerge
Playing track Alchemy at time 8.05211
Object 'TrollMask P2's parent is now 'Head'
Object 'TrollMask P1's parent is now 'Head'
Object 'TrollMask P1's parent is now 'GameLayer'
Clientside] Queueing weather event 'Fresh', on day 19 (Season Summer)
Clientside] Queueing weather event 'Cloudy', on day 20 (Season Summer)
Clientside] Queueing weather event 'Dusty', on day 21 (Season Summer)
Clientside] Queueing weather event 'Overcast', on day 22 (Season Summer)
Clientside] Queueing weather event 'Foggy', on day 23 (Season Summer)
Clientside] Queueing weather event 'Precipitation', on day 24 (Season Summer)
Clientside] Queueing weather event 'Overcast', on day 25 (Season Summer)
Clientside] Queueing weather event 'HeavyPrecipitation', on day 26 (Season Summer)
Clientside] Queueing weather event 'Overcast', on day 27 (Season Summer)
Clientside] Queueing weather event 'Overcast', on day 28 (Season Summer)
Object 'TrollMask P2's parent is now 'GameLayer'
[CAVE] Player collided with portal
Finalize Emerge
P2 Receiving hint with index: 32 Got hint: HermitHorseP2 (GhostHintData)
Playing track Spacey at time 5.859732
Got recv hermit: 0
Got recv hermit: 0
Got recv hermit: 0
Got recv hermit: 0
Got recv hermit: 0
P2 Receiving hint with index: 32 Got hint: HermitHorseP2 (GhostHintData)
Got recv hermit: 0
P2 Receiving hint with index: -1 Got hint: 
Construction project 'FarmhouseStable(Clone)' completed!
Object 'TrollMask P2's parent is now 'Head'
Object 'TrollMask P1's parent is now 'Head'
Object 'TrollMask P2's parent is now 'GameLayer'
Playing track Driftwood at time 4.701054
Finalize Emerge
Object 'TrollMask P2's parent is now 'Head'
Object 'TrollMask P2's parent is now 'GameLayer'
Object 'TrollMask P2's parent is now 'Head'
Object 'TrollMask P2's parent is now 'GameLayer'
Object 'TrollMask P2's parent is now 'Head'
Object 'TrollMask P2's parent is now 'GameLayer'
Object 'TrollMask P1's parent is now 'Head'
Object 'TrollMask P2's parent is now 'Head'
Object 'TrollMask P2's parent is now 'GameLayer'
Object 'TrollMask P2's parent is now 'Head'
Object 'TrollMask P2's parent is now 'GameLayer'
Object 'TrollMask P2's parent is now 'Head'
Object 'TrollMask P2's parent is now 'GameLayer'
Object 'TrollMask P2's parent is now 'Head'
Object 'TrollMask P2's parent is now 'GameLayer'
Object 'TrollMask P2's parent is now 'Head'
Object 'TrollMask P2's parent is now 'GameLayer'
Object 'TrollMask P2's parent is now 'Head'
Object 'TrollMask P2's parent is now 'GameLayer'
Object 'TrollMask P3's parent is now 'Head'
Object 'TrollMask P3's parent is now 'GameLayer'
Object 'TrollMask P2's parent is now 'Head'
Object 'TrollMask P2's parent is now 'GameLayer'
Object 'TrollMask P2's parent is now 'Head'
Object 'TrollMask P2's parent is now 'GameLayer'
Object 'TrollMask P2's parent is now 'Head'
Object 'TrollMask P2's parent is now 'GameLayer'
Object 'TrollMask P2's parent is now 'Head'
Object 'TrollMask P2's parent is now 'GameLayer'
Object 'TrollMask P2's parent is now 'Head'
Object 'TrollMask P2's parent is now 'GameLayer'
Object 'TrollMask P2's parent is now 'Head'
Object 'TrollMask P2's parent is now 'GameLayer'
Object 'TrollMask P2's parent is now 'Head'
Object 'TrollMask P2's parent is now 'GameLayer'
Object 'TrollMask P2's parent is now 'Head'
Object 'TrollMask P2's parent is now 'GameLayer'
Object 'TrollMask P2's parent is now 'Head'
Object 'TrollMask P1's parent is now 'GameLayer'
Object 'TrollMask P2's parent is now 'GameLayer'
Object 'TrollMask P3's parent is now 'Head'
Object 'TrollMask P3's parent is now 'GameLayer'
Object 'TrollMask P3's parent is now 'Head'
Object 'TrollMask P3's parent is now 'GameLayer'
Finalize Emerge
Object 'TrollMask P3's parent is now 'Head'
Object 'TrollMask P3's parent is now 'GameLayer'
Object 'TrollMask P3's parent is now 'Head'
Object 'TrollMask P3's parent is now 'GameLayer'
Object 'TrollMask P3's parent is now 'Head'
Object 'TrollMask P3's parent is now 'GameLayer'
Object 'TrollMask P3's parent is now 'Head'
Object 'TrollMask P3's parent is now 'GameLayer'
Object 'TrollMask P3's parent is now 'Head'
Object 'TrollMask P3's parent is now 'GameLayer'
Object 'TrollMask P3's parent is now 'Head'
Object 'TrollMask P3's parent is now 'GameLayer'
Object 'TrollMask P3's parent is now 'Head'
Object 'TrollMask P3's parent is now 'GameLayer'
Finalize Emerge
Construction project 'Tower3(Clone)' completed!
Object 'TrollMask P3's parent is now 'Head'
Got recv hermit: 0
Construction project 'FarmhouseStable(Clone)' completed!
Object 'TrollMask P1's parent is now 'Head'
Playing track wurlihigh at time 22.32597
Construction project 'Tower3(Clone)' completed!
Object 'TrollMask P3's parent is now 'GameLayer'
Object 'TrollMask P1's parent is now 'GameLayer'
Finalize Emerge
LOBBY DATA CHANGED
A client has disconnected from the UNET server
Left lobby.
Handling disconnect as Client
Stopping Client
Closed Steam P2P connection with 76561199194034537
Closing Lobby
Setting Remote User Panel State
[RP]Setting rich presence: LandTwo
Set Result: Disconnected (Game:1565
Game result: Disconnected
Joining Game 08
NetworkBigBoss reported that client activity has ceased.
Joining Game 13
Looping audio Cliff Portal Ambience(Clone) is playing on destroy, did you forget to clean up? If this is on client it could be that OnDisable isnt called because the script is disabled
Looping audio Lighthouse Greed Ambience(Clone) is playing on destroy, did you forget to clean up? If this is on client it could be that OnDisable isnt called because the script is disabled
Couldn't find object with ID 902/Dynamic, ignoring deregister request.
Couldn't find object with ID 934/Dynamic, ignoring deregister request.
Couldn't find object with ID 935/Dynamic, ignoring deregister request.
Couldn't find object with ID 903/Dynamic, ignoring deregister request.
IgnoreReturnToSP: False
Joining Game 16
ProgramDirector begun LoadingGlobalSaveData
Found SystemLanguage English (10): 2
GlobalSaveData Load, Failure, MissingData
Found SystemLanguage English (10): 2
ProgramDirector begun LoadingIslandSaveData
IslandSaveData Load, Failure, MissingData
ProgramDirector begun ShowingSplash
BIOME SELECT
SteamPlatformManager.CheckIfDlcIsAvailable. AppId_t:1708680, isAvailable:True.
SteamPlatformManager.CheckIfDlcIsAvailable. AppId_t:2736340, isAvailable:False.
SteamPlatformManager.CheckIfDlcIsAvailable. AppId_t:3062350, isAvailable:False.
SteamPlatformManager.CheckIfDlcIsAvailable. AppId_t:3062360, isAvailable:False.
SteamPlatformManager.CheckIfDlcIsAvailable. AppId_t:3939430, isAvailable:False.
SteamPlatformManager.CheckIfDlcIsAvailable. AppId_t:2736340, isAvailable:False.
[Physics::Module] Cleanup current backned.
[Physics::Module] Id: 0xf2b8ea05
Input System module state changed to: ShutdownInProgress.
Input System polling thread exited.
Input System module state changed to: Shutdown.
GarbageCollector disposing of ComputeBuffer. Please use ComputeBuffer.Release() or .Dispose() to manually release the buffer.
