The selected window backend is x11 
Mono path[0] = '/home/sebbie/.local/share/Steam/steamapps/common/Kingdom Two Crowns/KingdomTwoCrowns_Data/Managed'
Mono config path = '/home/sebbie/.local/share/Steam/steamapps/common/Kingdom Two Crowns/KingdomTwoCrowns_Data/MonoBleedingEdge/etc'
Input System module state changed to: Initialized.
Display 0 'DP-2 24"': 1920x1080 (primary device).
[Physics::Module] Initialized fallback backend.
[Physics::Module] Id: 0xdecafbad
Desktop is 1920 x 1080 @ 60 Hz
Initialize engine version: 6000.0.61f1 (74a0adb02c31)
[Subsystems] Discovering subsystems at path /home/sebbie/.local/share/Steam/steamapps/common/Kingdom Two Crowns/KingdomTwoCrowns_Data/UnitySubsystems
GfxDevice: creating device client; kGfxThreadingModeThreaded
Renderer: AMD Radeon RX 9070 XT (radeonsi, gfx1201, ACO, DRM 3.64, 7.1.8-arch1-3)
Vendor:   AMD
Version:  4.6 (Core Profile) Mesa 26.1.8-arch1.1
GLES:     0
 GL_AMD_conservative_depth GL_AMD_depth_clamp_separate GL_AMD_draw_buffers_blend GL_AMD_gpu_shader_int64 GL_AMD_multi_draw_indirect GL_AMD_pinned_memory GL_AMD_query_buffer_object GL_AMD_seamless_cubemap_per_texture GL_AMD_shader_stencil_export GL_AMD_shader_trinary_minmax GL_AMD_texture_texture4 GL_AMD_vertex_shader_layer GL_AMD_vertex_shader_viewport_index GL_ANGLE_texture_compression_dxt3 GL_ANGLE_texture_compression_dxt5 GL_ARB_ES2_compatibility GL_ARB_ES3_1_compatibility GL_ARB_ES3_2_compatibility GL_ARB_ES3_compatibility GL_ARB_arrays_of_arrays GL_ARB_base_instance GL_ARB_bindless_texture GL_ARB_blend_func_extended GL_ARB_buffer_storage GL_ARB_clear_buffer_object GL_ARB_clear_texture GL_ARB_clip_control GL_ARB_color_buffer_float GL_ARB_compressed_texture_pixel_storage GL_ARB_compute_shader GL_ARB_compute_variable_group_size GL_ARB_conditional_render_inverted GL_ARB_conservative_depth GL_ARB_copy_buffer GL_ARB_copy_image GL_ARB_cull_distance GL_ARB_debug_output GL_ARB_depth_buffer_float GL_ARB_depth_cla
mp GL_ARB_derivative_control GL_ARB_direct_state_access GL_ARB_draw_buffers GL_ARB_draw_buffers_blend GL_ARB_draw_elements_base_vertex GL_ARB_draw_indirect GL_ARB_draw_instanced GL_ARB_enhanced_layouts GL_ARB_explicit_attrib_location GL_ARB_explicit_uniform_location GL_ARB_fragment_coord_conventions GL_ARB_fragment_layer_viewport GL_ARB_fragment_shader GL_ARB_framebuffer_no_attachments GL_ARB_framebuffer_object GL_ARB_framebuffer_sRGB GL_ARB_get_program_binary GL_ARB_get_texture_sub_image GL_ARB_gl_spirv GL_ARB_gpu_shader5 GL_ARB_gpu_shader_fp64 GL_ARB_gpu_shader_int64 GL_ARB_half_float_pixel GL_ARB_half_float_vertex GL_ARB_indirect_parameters GL_ARB_instanced_arrays GL_ARB_internalformat_query GL_ARB_internalformat_query2 GL_ARB_invalidate_subdata GL_ARB_map_buffer_alignment GL_ARB_map_buffer_range GL_ARB_multi_bind GL_ARB_multi_draw_indirect GL_ARB_occlusion_query2 GL_ARB_parallel_shader_compile GL_ARB_pipeline_statistics_query GL_ARB_pixel_buffer_object GL_ARB_point_sprite GL_ARB_polygon_offset_clamp GL_A
RB_post_depth_coverage GL_ARB_program_interface_query GL_ARB_provoking_vertex GL_ARB_query_buffer_object GL_ARB_robust_buffer_access_behavior GL_ARB_robustness GL_ARB_sample_shading GL_ARB_sampler_objects GL_ARB_seamless_cube_map GL_ARB_seamless_cubemap_per_texture GL_ARB_separate_shader_objects GL_ARB_shader_atomic_counter_ops GL_ARB_shader_atomic_counters GL_ARB_shader_ballot GL_ARB_shader_bit_encoding GL_ARB_shader_clock GL_ARB_shader_draw_parameters GL_ARB_shader_group_vote GL_ARB_shader_image_load_store GL_ARB_shader_image_size GL_ARB_shader_objects GL_ARB_shader_precision GL_ARB_shader_stencil_export GL_ARB_shader_storage_buffer_object GL_ARB_shader_subroutine GL_ARB_shader_texture_image_samples GL_ARB_shader_texture_lod GL_ARB_shader_viewport_layer_array GL_ARB_shading_language_420pack GL_ARB_shading_language_include GL_ARB_shading_language_packing GL_ARB_sparse_buffer GL_ARB_sparse_texture GL_ARB_sparse_texture2 GL_ARB_sparse_texture_clamp GL_ARB_spirv_extensions GL_ARB_stencil_texturing GL_ARB_sync 
GL_ARB_tessellation_shader GL_ARB_texture_barrier GL_ARB_texture_border_clamp GL_ARB_texture_buffer_object GL_ARB_texture_buffer_object_rgb32 GL_ARB_texture_buffer_range GL_ARB_texture_compression_bptc GL_ARB_texture_compression_rgtc GL_ARB_texture_cube_map_array GL_ARB_texture_filter_anisotropic GL_ARB_texture_filter_minmax GL_ARB_texture_float GL_ARB_texture_gather GL_ARB_texture_mirror_clamp_to_edge GL_ARB_texture_multisample GL_ARB_texture_non_power_of_two GL_ARB_texture_query_levels GL_ARB_texture_query_lod GL_ARB_texture_rectangle GL_ARB_texture_rg GL_ARB_texture_rgb10_a2ui GL_ARB_texture_stencil8 GL_ARB_texture_storage GL_ARB_texture_storage_multisample GL_ARB_texture_swizzle GL_ARB_texture_view GL_ARB_timer_query GL_ARB_transform_feedback2 GL_ARB_transform_feedback3 GL_ARB_transform_feedback_instanced GL_ARB_transform_feedback_overflow_query GL_ARB_uniform_buffer_object GL_ARB_vertex_array_bgra GL_ARB_vertex_array_object GL_ARB_vertex_attrib_64bit GL_ARB_vertex_attrib_binding GL_ARB_vertex_buffer_obj
ect GL_ARB_vertex_shader GL_ARB_vertex_type_10f_11f_11f_rev GL_ARB_vertex_type_2_10_10_10_rev GL_ARB_viewport_array GL_ATI_blend_equation_separate GL_ATI_meminfo GL_ATI_texture_float GL_ATI_texture_mirror_once GL_EXT_EGL_image_storage GL_EXT_EGL_image_storage_compression GL_EXT_EGL_sync GL_EXT_abgr GL_EXT_blend_equation_separate GL_EXT_debug_label GL_EXT_demote_to_helper_invocation GL_EXT_depth_bounds_test GL_EXT_draw_buffers2 GL_EXT_draw_instanced GL_EXT_framebuffer_blit GL_EXT_framebuffer_multisample GL_EXT_framebuffer_multisample_blit_scaled GL_EXT_framebuffer_object GL_EXT_framebuffer_sRGB GL_EXT_memory_object GL_EXT_memory_object_fd GL_EXT_mesh_shader GL_EXT_packed_depth_stencil GL_EXT_packed_float GL_EXT_pixel_buffer_object GL_EXT_polygon_offset_clamp GL_EXT_provoking_vertex GL_EXT_semaphore GL_EXT_semaphore_fd GL_EXT_shader_clock GL_EXT_shader_image_load_formatted GL_EXT_shader_image_load_store GL_EXT_shader_integer_mix GL_EXT_texture_array GL_EXT_texture_compression_dxt1 GL_EXT_texture_compression_rg
tc GL_EXT_texture_compression_s3tc GL_EXT_texture_filter_anisotropic GL_EXT_texture_filter_minmax GL_EXT_texture_integer GL_EXT_texture_mirror_clamp GL_EXT_texture_sRGB GL_EXT_texture_sRGB_R8 GL_EXT_texture_sRGB_RG8 GL_EXT_texture_sRGB_decode GL_EXT_texture_shadow_lod GL_EXT_texture_shared_exponent GL_EXT_texture_snorm GL_EXT_texture_storage GL_EXT_texture_swizzle GL_EXT_timer_query GL_EXT_transform_feedback GL_EXT_vertex_array_bgra GL_EXT_vertex_attrib_64bit GL_EXT_window_rectangles GL_IBM_multimode_draw_arrays GL_INTEL_blackhole_render GL_KHR_blend_equation_advanced GL_KHR_context_flush_control GL_KHR_debug GL_KHR_no_error GL_KHR_parallel_shader_compile GL_KHR_robust_buffer_access_behavior GL_KHR_robustness GL_KHR_shader_subgroup GL_KHR_texture_compression_astc_ldr GL_KHR_texture_compression_astc_sliced_3d GL_MESA_framebuffer_flip_y GL_MESA_pack_invert GL_MESA_shader_integer_functions GL_MESA_texture_const_bandwidth GL_MESA_texture_signed_rgba GL_NVX_gpu_memory_info GL_NV_alpha_to_coverage_dither_control G
L_NV_compute_shader_derivatives GL_NV_conditional_render GL_NV_copy_image GL_NV_depth_clamp GL_NV_packed_depth_stencil GL_NV_shader_atomic_int64 GL_NV_texture_barrier GL_NV_timeline_semaphore GL_OES_EGL_image GL_S3_s3tc
OPENGL LOG: Creating OpenGL 4.6 graphics device ; Context level  <OpenGL 4.5> ; Context handle 441750464
Begin MonoManager ReloadAssembly
- Loaded All Assemblies, in  0.107 seconds
- Finished resetting the current domain, in  0.001 seconds
[Physics::Module] Selected backend.
[Physics::Module] Name: PhysX
[Physics::Module] Id: 0xf2b8ea05
[Physics::Module] SDK Version: 4.1.2
[Physics::Module] Integration Version: 1.0.0
[Physics::Module] Threading Mode: Multi-Threaded
Default vsync count 1
requesting resize 1920 x 1080
Using native desktop resolution 1920 x 1080
requesting fullscreen 1920 x 1080 at 0/1 Hz
Desktop is 1920 x 1080 @ 60 Hz
The referenced script (Unknown) on this Behaviour is missing!
The referenced script on this Behaviour (Game Object 'PlayFabMultiplayerManager') is missing!
UnloadTime: 0.137607 ms
Successfully Loaded Haglet Assemblies
Found SystemLanguage English (10): 2
[S_API] SteamAPI_Init(): Loaded '/home/sebbie/.local/share/Steam/linux64/steamclient.so' OK.
Setting breakpad minidump AppID = 701160
SteamInternal_SetMinidumpSteamID:  Caching Steam ID:  76561198220306181 [API loaded no]
Got AppID: 701160
Steam: Logged in as: cookie_mage
ProgramDirector begun Preload
SteamPlatformManager.CheckIfDlcIsAvailable. AppId_t:1708680, isAvailable:True.
SteamPlatformManager.CheckIfDlcIsAvailable. AppId_t:2736340, isAvailable:False.
SteamPlatformManager.CheckIfDlcIsAvailable. AppId_t:3062350, isAvailable:False.
SteamPlatformManager.CheckIfDlcIsAvailable. AppId_t:3062360, isAvailable:False.
SteamPlatformManager.CheckIfDlcIsAvailable. AppId_t:3939430, isAvailable:False.
SteamPlatformManager.CheckIfDlcIsAvailable. AppId_t:1708680, isAvailable:True.
SteamPlatformManager.CheckIfDlcIsAvailable. AppId_t:2736340, isAvailable:False.
SteamPlatformManager.CheckIfDlcIsAvailable. AppId_t:3062350, isAvailable:False.
SteamPlatformManager.CheckIfDlcIsAvailable. AppId_t:3062360, isAvailable:False.
SteamPlatformManager.CheckIfDlcIsAvailable. AppId_t:3939430, isAvailable:False.
UNet Router setup
ProgramDirector begun LoadingLoaderScene
ProgramDirector begun Engagement
ProgramDirector begun InitialisingFiler
ProgramDirector begun ShowSaveWarningScreen
ProgramDirector begun PlayfabLogin
SeasonalEventManager: setup started.
PlayfabAnalytics: setup started.
ProgramDirector begun LoadingGlobalSaveData
Found SystemLanguage English (10): 2
GlobalSaveData Load, Failure, MissingData
Found SystemLanguage English (10): 2
ProgramDirector begun LoadingIslandSaveData
IslandSaveData Load, Failure, MissingData
ProgramDirector begun ShowingSplash
[Analytics] PlayFab.ClientModels.LoginResult
Steam: Overlay ON
BIOME SELECT
SteamPlatformManager.CheckIfDlcIsAvailable. AppId_t:1708680, isAvailable:True.
SteamPlatformManager.CheckIfDlcIsAvailable. AppId_t:2736340, isAvailable:False.
SteamPlatformManager.CheckIfDlcIsAvailable. AppId_t:3062350, isAvailable:False.
SteamPlatformManager.CheckIfDlcIsAvailable. AppId_t:3062360, isAvailable:False.
SteamPlatformManager.CheckIfDlcIsAvailable. AppId_t:3939430, isAvailable:False.
SetControls: Keyboard
SteamPlatformManager.CheckIfDlcIsAvailable. AppId_t:2736340, isAvailable:False.
LOBBY INVITE RECEIVED
LOBBY INVITED ACCEPTED - JOINING LOBBY
Joined a lobby: 109775243316864925
ProgramDirector begun JoiningGame
Joining Game 01 - Connecting
Set Curtain: ACTIVE
Set Curtain Text: Finding remote host...
Waiting for connection success...
LOBBY DATA CHANGED
Starting P2P request
Sending packet to request P2P connection
Waiting for P2P acceptance message
Steam: Overlay OFF
Received P2P packet
P2P connection established
Connecting to UNET server
Client: Host has connected.
Triggering connection complete
Set Curtain: ACTIVE
Set Curtain Text: Connecting...
Joining Game 02 - Checking Connection Results
NetworkBigBoss reported that connection has completed.
Joining Game 03 - Client Handshake
Received a static rpc call on code '1058', but no static rpc was registered on that code!
LoadBiome called which means the Biome wasnt loaded when accessed, the biome data should be loaded before hand using LoadBiomeAsync!
Loading Biome Data: Biome/OakAndBirch
Setting biome to 0
Joining Game 04 - Loading Main Scene
Managers.Inst.InitAll() 1797
TOUCH . 0 DPI. Deadzone 10-30 pixels (capped 1.0). Res 1920x1080
[ECM] [SEND] Request Sync unlocked crowns
Game created. Version: 2.4.0 Revision: 23488 Hash: a436110bb9 Branch: origin/twocrowns/spring-edict
Setting render size to 1920x1080 (Camera 1)
Setting water size to 960x540
Setting render size to 1920x1080 (Camera 0)
Setting water size to 960x540
Joining Game 05 - Requesting World Sync
[ECM] [RECV] Sync unlocked crowns: (0) []
Successfully received world sync data from host, creating land ..
Unloading 6 Unused Serialized files (Serialized files now loaded: 0)
Construction project 'Keep' completed!
[CAVE] Deserializing cave state None
[CAVE] New cave state: None
[Player 1 SetCrownType: [Regular] -> [Regular]
Deserialise new hint index: -1
[Player 2 SetCrownType: [Regular] -> [Regular]
Construction project 'ShopHammer(Clone)' completed!
Deserialise new hint index: -1
Construction project 'ShopBow(Clone)' completed!
Construction project 'Quarry(Clone)' completed!
Construction project 'Wall4(Clone)' completed!
Construction project 'Wall3(Clone)' completed!
Construction project 'Wall4(Clone)' completed!
Construction project 'Wall3(Clone)' completed!
Construction project 'Tower2(Clone)' completed!
Construction project 'Tower2(Clone)' completed!
Construction project 'ShopScythe(Clone)' completed!
Construction project 'ShopPike(Clone)' completed!
Construction project 'Tower3(Clone)' completed!
Construction project 'Tower3(Clone)' completed!
Construction project 'FarmhouseStable(Clone)' completed!
Construction project 'FarmhouseStable(Clone)' completed!
[RP]Setting rich presence: InMenu
Unloading 863 unused Assets to reduce memory usage. Loaded Objects now: 107824.
Total: 23.126865 ms (FindLiveObjects: 4.518808 ms CreateObjectMapping: 2.467659 ms MarkObjects: 15.760568 ms  DeleteObjects: 0.379580 ms)

Unloading 1 Unused Serialized files (Serialized files now loaded: 0)
Unloading 0 unused Assets to reduce memory usage. Loaded Objects now: 107904.
Total: 20.408808 ms (FindLiveObjects: 4.479764 ms CreateObjectMapping: 2.571784 ms MarkObjects: 13.311474 ms  DeleteObjects: 0.045164 ms)

Program Director: JoiningGame called Loader.Inst.Hide.Call()
Activated clientside boot listener
Successfully caught up to host!
Attempting to change currency bag from Bag to Bag for P2.
Updating coin bag from Bag to Bag for Player2.
Merchant spawn state: Spawned
Object 'TrollMask P1's parent is now 'Head'
Object 'TrollMask P2's parent is now 'Head'
Playing track Paulmemorycloud at time 21.9939
Object 'TrollMask P2's parent is now 'GameLayer'
Object 'TrollMask P1's parent is now 'GameLayer'
Finalize Emerge
Playing track brokenwurli2 at time 14.89136
Object 'TrollMask P1's parent is now 'Head'
Trying to despawn object(Coin P12 (UnityEngine.GameObject)) that is already in pool
Object 'TrollMask P2's parent is now 'Head'
Object 'TrollMask P1's parent is now 'GameLayer'
Construction project 'Teleporter(Clone)' completed!
Object 'TrollMask P2's parent is now 'GameLayer'
Finalize Emerge
Object 'TrollMask P2's parent is now 'Head'
Object 'TrollMask P2's parent is now 'GameLayer'
Object 'TrollMask P2's parent is now 'Head'
Object 'TrollMask P2's parent is now 'GameLayer'
Object 'TrollMask P2's parent is now 'Head'
Object 'TrollMask P2's parent is now 'GameLayer'
Playing track kodamapiano at time 9.271674
Object 'TrollMask P2's parent is now 'Head'
Object 'TrollMask P2's parent is now 'GameLayer'
Object 'TrollMask P2's parent is now 'Head'
Object 'TrollMask P2's parent is now 'GameLayer'
Object 'TrollMask P2's parent is now 'Head'
Object 'TrollMask P2's parent is now 'GameLayer'
Object 'TrollMask P2's parent is now 'Head'
Object 'TrollMask P2's parent is now 'GameLayer'
Object 'TrollMask P2's parent is now 'Head'
Object 'TrollMask P2's parent is now 'GameLayer'
Object 'TrollMask P2's parent is now 'Head'
Object 'TrollMask P2's parent is now 'GameLayer'
Object 'TrollMask P2's parent is now 'Head'
Object 'TrollMask P2's parent is now 'GameLayer'
Object 'TrollMask P2's parent is now 'Head'
Object 'TrollMask P2's parent is now 'GameLayer'
Object 'TrollMask P1's parent is now 'Head'
Object 'TrollMask P1's parent is now 'GameLayer'
Object 'TrollMask P1's parent is now 'Head'
Object 'TrollMask P1's parent is now 'GameLayer'
Object 'TrollMask P1's parent is now 'Head'
Object 'TrollMask P1's parent is now 'GameLayer'
Object 'TrollMask P2's parent is now 'Head'
Object 'TrollMask P1's parent is now 'Head'
Object 'TrollMask P1's parent is now 'GameLayer'
Object 'TrollMask P1's parent is now 'Head'
Object 'TrollMask P1's parent is now 'GameLayer'
Object 'TrollMask P1's parent is now 'Head'
Object 'TrollMask P1's parent is now 'GameLayer'
Object 'TrollMask P1's parent is now 'Head'
Object 'TrollMask P1's parent is now 'GameLayer'
Object 'TrollMask P1's parent is now 'Head'
Object 'TrollMask P1's parent is now 'GameLayer'
Object 'TrollMask P1's parent is now 'Head'
Object 'TrollMask P1's parent is now 'GameLayer'
Object 'TrollMask P1's parent is now 'Head'
Object 'TrollMask P1's parent is now 'GameLayer'
Object 'TrollMask P1's parent is now 'Head'
Object 'TrollMask P1's parent is now 'GameLayer'
Object 'TrollMask P1's parent is now 'Head'
Object 'TrollMask P1's parent is now 'GameLayer'
Object 'TrollMask P1's parent is now 'Head'
Object 'TrollMask P1's parent is now 'GameLayer'
Object 'TrollMask P1's parent is now 'Head'
Object 'TrollMask P1's parent is now 'GameLayer'
Object 'TrollMask P2's parent is now 'GameLayer'
Object 'TrollMask P2's parent is now 'Head'
Object 'TrollMask P2's parent is now 'GameLayer'
Object 'TrollMask P2's parent is now 'Head'
Object 'TrollMask P2's parent is now 'GameLayer'
Object 'TrollMask P2's parent is now 'Head'
Object 'TrollMask P2's parent is now 'GameLayer'
Object 'TrollMask P2's parent is now 'Head'
Object 'TrollMask P2's parent is now 'GameLayer'
Finalize Emerge
[CAVE] Player collided with portal
Object 'TrollMask P2's parent is now 'Head'
Playing track thelastcolorofland at time 18.41162
Received CRPC update for Dynamic obj with ID 925 and functionID 0, but no object with that ID was registered!
P1 Receiving hint with index: 19 Got hint: Rulers Unite (GhostHintData)
P1 Receiving hint with index: -1 Got hint: 
Object 'TrollMask P2's parent is now 'GameLayer'
Finalize Emerge
Object 'TrollMask P2's parent is now 'Head'
Playing track settingout at time 17.72254
Object 'TrollMask P2's parent is now 'GameLayer'
Object 'TrollMask P2's parent is now 'Head'
Object 'TrollMask P2's parent is now 'GameLayer'
Object 'TrollMask P2's parent is now 'Head'
Object 'TrollMask P2's parent is now 'GameLayer'
Object 'TrollMask P2's parent is now 'Head'
Object 'TrollMask P2's parent is now 'GameLayer'
Object 'TrollMask P2's parent is now 'Head'
Object 'TrollMask P2's parent is now 'GameLayer'
Object 'TrollMask P2's parent is now 'Head'
Object 'TrollMask P2's parent is now 'GameLayer'
Object 'TrollMask P2's parent is now 'Head'
Object 'TrollMask P2's parent is now 'GameLayer'
Object 'TrollMask P2's parent is now 'Head'
Object 'TrollMask P2's parent is now 'GameLayer'
Finalize Emerge
Construction project 'Teleporter(Clone)' completed!
Object 'TrollMask P2's parent is now 'Head'
Object 'TrollMask P2's parent is now 'GameLayer'
Object 'TrollMask P2's parent is now 'Head'
Object 'TrollMask P2's parent is now 'GameLayer'
Object 'TrollMask P2's parent is now 'Head'
Object 'TrollMask P2's parent is now 'GameLayer'
Object 'TrollMask P2's parent is now 'Head'
Object 'TrollMask P2's parent is now 'GameLayer'
Object 'TrollMask P2's parent is now 'Head'
Object 'TrollMask P2's parent is now 'GameLayer'
Object 'TrollMask P2's parent is now 'Head'
Object 'TrollMask P2's parent is now 'GameLayer'
Object 'TrollMask P2's parent is now 'Head'
Object 'TrollMask P2's parent is now 'GameLayer'
Object 'TrollMask P2's parent is now 'Head'
Object 'TrollMask P2's parent is now 'GameLayer'
Object 'TrollMask P2's parent is now 'Head'
Playing track guang at time 12.05188
Object 'TrollMask P2's parent is now 'GameLayer'
Finalize Emerge
DOTWEEN :: An error inside a tween callback was silently taken care of > Index was outside the bounds of the array.

  at TeleporterExit+<>c__DisplayClass40_0.<FadeOutAndDestroy>b__5 () [0x00000] in <b49ef5704cd64b5090e7799fcf031fb4>:0 
  at DG.Tweening.Tween.OnTweenCallback (DG.Tweening.TweenCallback callback) [0x00007] in <b7ea4e17152644eab00e0f80d68c43dc>:0 

DOTWEEN :: An error inside a tween callback was silently taken care of > Index was outside the bounds of the array.

  at TeleporterExit+<>c__DisplayClass40_0.<FadeOutAndDestroy>b__5 () [0x00000] in <b49ef5704cd64b5090e7799fcf031fb4>:0 
  at DG.Tweening.Tween.OnTweenCallback (DG.Tweening.TweenCallback callback) [0x00007] in <b7ea4e17152644eab00e0f80d68c43dc>:0 

DOTWEEN :: An error inside a tween callback was silently taken care of > Index was outside the bounds of the array.

  at TeleporterExit+<>c__DisplayClass40_0.<FadeOutAndDestroy>b__5 () [0x00000] in <b49ef5704cd64b5090e7799fcf031fb4>:0 
  at DG.Tweening.Tween.OnTweenCallback (DG.Tweening.TweenCallback callback) [0x00007] in <b7ea4e17152644eab00e0f80d68c43dc>:0 

DOTWEEN :: An error inside a tween callback was silently taken care of > Index was outside the bounds of the array.

  at TeleporterExit+<>c__DisplayClass40_0.<FadeOutAndDestroy>b__5 () [0x00000] in <b49ef5704cd64b5090e7799fcf031fb4>:0 
  at DG.Tweening.Tween.OnTweenCallback (DG.Tweening.TweenCallback callback) [0x00007] in <b7ea4e17152644eab00e0f80d68c43dc>:0 

DOTWEEN :: An error inside a tween callback was silently taken care of > Index was outside the bounds of the array.

  at TeleporterExit+<>c__DisplayClass40_0.<FadeOutAndDestroy>b__5 () [0x00000] in <b49ef5704cd64b5090e7799fcf031fb4>:0 
  at DG.Tweening.Tween.OnTweenCallback (DG.Tweening.TweenCallback callback) [0x00007] in <b7ea4e17152644eab00e0f80d68c43dc>:0 

DOTWEEN :: An error inside a tween callback was silently taken care of > Index was outside the bounds of the array.

  at TeleporterExit+<>c__DisplayClass40_0.<FadeOutAndDestroy>b__5 () [0x00000] in <b49ef5704cd64b5090e7799fcf031fb4>:0 
  at DG.Tweening.Tween.OnTweenCallback (DG.Tweening.TweenCallback callback) [0x00007] in <b7ea4e17152644eab00e0f80d68c43dc>:0 

Construction project 'Teleporter(Clone)' completed!
P2 Receiving hint with index: 20 Got hint: Rulers Unite P2 (GhostHintData)
Finalize Emerge
Playing track outasong at time 6.890027
P2 Receiving hint with index: -1 Got hint: 
P1 Receiving hint with index: 19 Got hint: Rulers Unite (GhostHintData)
P1 Receiving hint with index: -1 Got hint: 
Game result: HostChangedLand
[EMB] Can't find slots for Archer units on Boat(Clone) (Embarkable)!
[EMB] Can't find slots for Archer units on Boat(Clone) (Embarkable)!
[EMB] Can't find slots for Archer units on Boat(Clone) (Embarkable)!
[EMB] Can't find slots for Archer units on Boat(Clone) (Embarkable)!
[EMB] Can't find slots for Worker units on Boat(Clone) (Embarkable)!
[EMB] Can't find slots for Worker units on Boat(Clone) (Embarkable)!
[EMB] Can't find slots for Worker units on Boat(Clone) (Embarkable)!
[EMB] Can't find slots for Knight units on Boat(Clone) (Embarkable)!
[EMB] Can't find slots for Knight units on Boat(Clone) (Embarkable)!
[EMB] Can't find slots for Knight units on Boat(Clone) (Embarkable)!
Looping audio Cliff Portal Ambience(Clone) is playing on destroy, did you forget to clean up? If this is on client it could be that OnDisable isnt called because the script is disabled
Failed to call remote method #5 on object 1376/#Dynamic ('<NULL>'). This should be fixed: Reason : Object reference not set to an instance of an object. 
Trace:   at UnityEngine.Bindings.ThrowHelper.ThrowNullReferenceException (System.Object obj) [0x00018] in <5eb0ffefd25a4604963f191f59bef3cc>:0 
  at UnityEngine.Behaviour.get_isActiveAndEnabled () [0x00006] in <5eb0ffefd25a4604963f191f59bef3cc>:0 
  at PositionSync.ReceivePositionUpdate () [0x00008] in <b49ef5704cd64b5090e7799fcf031fb4>:0 
  at CRPCHeader.CallMethodLocally (System.Byte functionID) [0x000cf] in <b49ef5704cd64b5090e7799fcf031fb4>:0 
Failed to call remote method #5 on object 1582/#Dynamic ('<NULL>'). This should be fixed: Reason : Object reference not set to an instance of an object. 
Trace:   at UnityEngine.Bindings.ThrowHelper.ThrowNullReferenceException (System.Object obj) [0x00018] in <5eb0ffefd25a4604963f191f59bef3cc>:0 
  at UnityEngine.Behaviour.get_isActiveAndEnabled () [0x00006] in <5eb0ffefd25a4604963f191f59bef3cc>:0 
  at PositionSync.ReceivePositionUpdate () [0x00008] in <b49ef5704cd64b5090e7799fcf031fb4>:0 
  at CRPCHeader.CallMethodLocally (System.Byte functionID) [0x000cf] in <b49ef5704cd64b5090e7799fcf031fb4>:0 
Failed to call remote method #6 on object 1350/#Dynamic ('<NULL>'). This should be fixed: Reason : Object reference not set to an instance of an object. 
Trace:   at UnityEngine.Bindings.ThrowHelper.ThrowNullReferenceException (System.Object obj) [0x00018] in <5eb0ffefd25a4604963f191f59bef3cc>:0 
  at UnityEngine.Behaviour.get_isActiveAndEnabled () [0x00006] in <5eb0ffefd25a4604963f191f59bef3cc>:0 
  at PositionSync.ReceivePositionUpdate () [0x00008] in <b49ef5704cd64b5090e7799fcf031fb4>:0 
  at CRPCHeader.CallMethodLocally (System.Byte functionID) [0x000cf] in <b49ef5704cd64b5090e7799fcf031fb4>:0 
Failed to call remote method #5 on object 1364/#Dynamic ('<NULL>'). This should be fixed: Reason : Object reference not set to an instance of an object. 
Trace:   at UnityEngine.Bindings.ThrowHelper.ThrowNullReferenceException (System.Object obj) [0x00018] in <5eb0ffefd25a4604963f191f59bef3cc>:0 
  at UnityEngine.Behaviour.get_isActiveAndEnabled () [0x00006] in <5eb0ffefd25a4604963f191f59bef3cc>:0 
  at PositionSync.ReceivePositionUpdate () [0x00008] in <b49ef5704cd64b5090e7799fcf031fb4>:0 
  at CRPCHeader.CallMethodLocally (System.Byte functionID) [0x000cf] in <b49ef5704cd64b5090e7799fcf031fb4>:0 
Failed to call remote method #5 on object 1556/#Dynamic ('<NULL>'). This should be fixed: Reason : Object reference not set to an instance of an object. 
Trace:   at UnityEngine.Bindings.ThrowHelper.ThrowNullReferenceException (System.Object obj) [0x00018] in <5eb0ffefd25a4604963f191f59bef3cc>:0 
  at UnityEngine.Behaviour.get_isActiveAndEnabled () [0x00006] in <5eb0ffefd25a4604963f191f59bef3cc>:0 
  at PositionSync.ReceivePositionUpdate () [0x00008] in <b49ef5704cd64b5090e7799fcf031fb4>:0 
  at CRPCHeader.CallMethodLocally (System.Byte functionID) [0x000cf] in <b49ef5704cd64b5090e7799fcf031fb4>:0 
Failed to call remote method #5 on object 1413/#Dynamic ('<NULL>'). This should be fixed: Reason : Object reference not set to an instance of an object. 
Trace:   at UnityEngine.Bindings.ThrowHelper.ThrowNullReferenceException (System.Object obj) [0x00018] in <5eb0ffefd25a4604963f191f59bef3cc>:0 
  at UnityEngine.Behaviour.get_isActiveAndEnabled () [0x00006] in <5eb0ffefd25a4604963f191f59bef3cc>:0 
  at PositionSync.ReceivePositionUpdate () [0x00008] in <b49ef5704cd64b5090e7799fcf031fb4>:0 
  at CRPCHeader.CallMethodLocally (System.Byte functionID) [0x000cf] in <b49ef5704cd64b5090e7799fcf031fb4>:0 
Failed to call remote method #5 on object 1577/#Dynamic ('<NULL>'). This should be fixed: Reason : Object reference not set to an instance of an object. 
Trace:   at UnityEngine.Bindings.ThrowHelper.ThrowNullReferenceException (System.Object obj) [0x00018] in <5eb0ffefd25a4604963f191f59bef3cc>:0 
  at UnityEngine.Behaviour.get_isActiveAndEnabled () [0x00006] in <5eb0ffefd25a4604963f191f59bef3cc>:0 
  at PositionSync.ReceivePositionUpdate () [0x00008] in <b49ef5704cd64b5090e7799fcf031fb4>:0 
  at CRPCHeader.CallMethodLocally (System.Byte functionID) [0x000cf] in <b49ef5704cd64b5090e7799fcf031fb4>:0 
Failed to call remote method #6 on object 1353/#Dynamic ('<NULL>'). This should be fixed: Reason : Object reference not set to an instance of an object. 
Trace:   at UnityEngine.Bindings.ThrowHelper.ThrowNullReferenceException (System.Object obj) [0x00018] in <5eb0ffefd25a4604963f191f59bef3cc>:0 
  at UnityEngine.Behaviour.get_isActiveAndEnabled () [0x00006] in <5eb0ffefd25a4604963f191f59bef3cc>:0 
  at PositionSync.ReceivePositionUpdate () [0x00008] in <b49ef5704cd64b5090e7799fcf031fb4>:0 
  at CRPCHeader.CallMethodLocally (System.Byte functionID) [0x000cf] in <b49ef5704cd64b5090e7799fcf031fb4>:0 
Failed to call remote method #11 on object 1409/#Dynamic ('<NULL>'). This should be fixed: Reason : Object reference not set to an instance of an object. 
Trace:   at UnityEngine.Bindings.ThrowHelper.ThrowNullReferenceException (System.Object obj) [0x00018] in <5eb0ffefd25a4604963f191f59bef3cc>:0 
  at UnityEngine.Behaviour.get_isActiveAndEnabled () [0x00006] in <5eb0ffefd25a4604963f191f59bef3cc>:0 
  at PositionSync.ReceivePositionUpdate () [0x00008] in <b49ef5704cd64b5090e7799fcf031fb4>:0 
  at CRPCHeader.CallMethodLocally (System.Byte functionID) [0x000cf] in <b49ef5704cd64b5090e7799fcf031fb4>:0 
Failed to call remote method #5 on object 1559/#Dynamic ('<NULL>'). This should be fixed: Reason : Object reference not set to an instance of an object. 
Trace:   at UnityEngine.Bindings.ThrowHelper.ThrowNullReferenceException (System.Object obj) [0x00018] in <5eb0ffefd25a4604963f191f59bef3cc>:0 
  at UnityEngine.Behaviour.get_isActiveAndEnabled () [0x00006] in <5eb0ffefd25a4604963f191f59bef3cc>:0 
  at PositionSync.ReceivePositionUpdate () [0x00008] in <b49ef5704cd64b5090e7799fcf031fb4>:0 
  at CRPCHeader.CallMethodLocally (System.Byte functionID) [0x000cf] in <b49ef5704cd64b5090e7799fcf031fb4>:0 
Failed to call remote method #11 on object 1222/#Dynamic ('<NULL>'). This should be fixed: Reason : Object reference not set to an instance of an object. 
Trace:   at UnityEngine.Bindings.ThrowHelper.ThrowNullReferenceException (System.Object obj) [0x00018] in <5eb0ffefd25a4604963f191f59bef3cc>:0 
  at UnityEngine.Behaviour.get_isActiveAndEnabled () [0x00006] in <5eb0ffefd25a4604963f191f59bef3cc>:0 
  at PositionSync.ReceivePositionUpdate () [0x00008] in <b49ef5704cd64b5090e7799fcf031fb4>:0 
  at CRPCHeader.CallMethodLocally (System.Byte functionID) [0x000cf] in <b49ef5704cd64b5090e7799fcf031fb4>:0 
Failed to call remote method #5 on object 1366/#Dynamic ('<NULL>'). This should be fixed: Reason : Object reference not set to an instance of an object. 
Trace:   at UnityEngine.Bindings.ThrowHelper.ThrowNullReferenceException (System.Object obj) [0x00018] in <5eb0ffefd25a4604963f191f59bef3cc>:0 
  at UnityEngine.Behaviour.get_isActiveAndEnabled () [0x00006] in <5eb0ffefd25a4604963f191f59bef3cc>:0 
  at PositionSync.ReceivePositionUpdate () [0x00008] in <b49ef5704cd64b5090e7799fcf031fb4>:0 
  at CRPCHeader.CallMethodLocally (System.Byte functionID) [0x000cf] in <b49ef5704cd64b5090e7799fcf031fb4>:0 
Failed to call remote method #5 on object 1371/#Dynamic ('<NULL>'). This should be fixed: Reason : Object reference not set to an instance of an object. 
Trace:   at UnityEngine.Bindings.ThrowHelper.ThrowNullReferenceException (System.Object obj) [0x00018] in <5eb0ffefd25a4604963f191f59bef3cc>:0 
  at UnityEngine.Behaviour.get_isActiveAndEnabled () [0x00006] in <5eb0ffefd25a4604963f191f59bef3cc>:0 
  at PositionSync.ReceivePositionUpdate () [0x00008] in <b49ef5704cd64b5090e7799fcf031fb4>:0 
  at CRPCHeader.CallMethodLocally (System.Byte functionID) [0x000cf] in <b49ef5704cd64b5090e7799fcf031fb4>:0 
Failed to call remote method #5 on object 1386/#Dynamic ('<NULL>'). This should be fixed: Reason : Object reference not set to an instance of an object. 
Trace:   at UnityEngine.Bindings.ThrowHelper.ThrowNullReferenceException (System.Object obj) [0x00018] in <5eb0ffefd25a4604963f191f59bef3cc>:0 
  at UnityEngine.Behaviour.get_isActiveAndEnabled () [0x00006] in <5eb0ffefd25a4604963f191f59bef3cc>:0 
  at PositionSync.ReceivePositionUpdate () [0x00008] in <b49ef5704cd64b5090e7799fcf031fb4>:0 
  at CRPCHeader.CallMethodLocally (System.Byte functionID) [0x000cf] in <b49ef5704cd64b5090e7799fcf031fb4>:0 
Failed to call remote method #5 on object 1388/#Dynamic ('<NULL>'). This should be fixed: Reason : Object reference not set to an instance of an object. 
Trace:   at UnityEngine.Bindings.ThrowHelper.ThrowNullReferenceException (System.Object obj) [0x00018] in <5eb0ffefd25a4604963f191f59bef3cc>:0 
  at UnityEngine.Behaviour.get_isActiveAndEnabled () [0x00006] in <5eb0ffefd25a4604963f191f59bef3cc>:0 
  at PositionSync.ReceivePositionUpdate () [0x00008] in <b49ef5704cd64b5090e7799fcf031fb4>:0 
  at CRPCHeader.CallMethodLocally (System.Byte functionID) [0x000cf] in <b49ef5704cd64b5090e7799fcf031fb4>:0 
Failed to call remote method #5 on object 1572/#Dynamic ('<NULL>'). This should be fixed: Reason : Object reference not set to an instance of an object. 
Trace:   at UnityEngine.Bindings.ThrowHelper.ThrowNullReferenceException (System.Object obj) [0x00018] in <5eb0ffefd25a4604963f191f59bef3cc>:0 
  at UnityEngine.Behaviour.get_isActiveAndEnabled () [0x00006] in <5eb0ffefd25a4604963f191f59bef3cc>:0 
  at PositionSync.ReceivePositionUpdate () [0x00008] in <b49ef5704cd64b5090e7799fcf031fb4>:0 
  at CRPCHeader.CallMethodLocally (System.Byte functionID) [0x000cf] in <b49ef5704cd64b5090e7799fcf031fb4>:0 
Failed to call remote method #5 on object 1543/#Dynamic ('<NULL>'). This should be fixed: Reason : Object reference not set to an instance of an object. 
Trace:   at UnityEngine.Bindings.ThrowHelper.ThrowNullReferenceException (System.Object obj) [0x00018] in <5eb0ffefd25a4604963f191f59bef3cc>:0 
  at UnityEngine.Behaviour.get_isActiveAndEnabled () [0x00006] in <5eb0ffefd25a4604963f191f59bef3cc>:0 
  at PositionSync.ReceivePositionUpdate () [0x00008] in <b49ef5704cd64b5090e7799fcf031fb4>:0 
  at CRPCHeader.CallMethodLocally (System.Byte functionID) [0x000cf] in <b49ef5704cd64b5090e7799fcf031fb4>:0 
Failed to call remote method #7 on object 924/#Dynamic ('<NULL>'). This should be fixed: Reason : Object reference not set to an instance of an object. 
Trace:   at UnityEngine.Bindings.ThrowHelper.ThrowNullReferenceException (System.Object obj) [0x00018] in <5eb0ffefd25a4604963f191f59bef3cc>:0 
  at UnityEngine.Behaviour.get_isActiveAndEnabled () [0x00006] in <5eb0ffefd25a4604963f191f59bef3cc>:0 
  at PositionSync.ReceivePositionUpdate () [0x00008] in <b49ef5704cd64b5090e7799fcf031fb4>:0 
  at CRPCHeader.CallMethodLocally (System.Byte functionID) [0x000cf] in <b49ef5704cd64b5090e7799fcf031fb4>:0 
Failed to call remote method #5 on object 1358/#Dynamic ('<NULL>'). This should be fixed: Reason : Object reference not set to an instance of an object. 
Trace:   at UnityEngine.Bindings.ThrowHelper.ThrowNullReferenceException (System.Object obj) [0x00018] in <5eb0ffefd25a4604963f191f59bef3cc>:0 
  at UnityEngine.Behaviour.get_isActiveAndEnabled () [0x00006] in <5eb0ffefd25a4604963f191f59bef3cc>:0 
  at PositionSync.ReceivePositionUpdate () [0x00008] in <b49ef5704cd64b5090e7799fcf031fb4>:0 
  at CRPCHeader.CallMethodLocally (System.Byte functionID) [0x000cf] in <b49ef5704cd64b5090e7799fcf031fb4>:0 
Failed to call remote method #5 on object 1579/#Dynamic ('<NULL>'). This should be fixed: Reason : Object reference not set to an instance of an object. 
Trace:   at UnityEngine.Bindings.ThrowHelper.ThrowNullReferenceException (System.Object obj) [0x00018] in <5eb0ffefd25a4604963f191f59bef3cc>:0 
  at UnityEngine.Behaviour.get_isActiveAndEnabled () [0x00006] in <5eb0ffefd25a4604963f191f59bef3cc>:0 
  at PositionSync.ReceivePositionUpdate () [0x00008] in <b49ef5704cd64b5090e7799fcf031fb4>:0 
  at CRPCHeader.CallMethodLocally (System.Byte functionID) [0x000cf] in <b49ef5704cd64b5090e7799fcf031fb4>:0 
Failed to call remote method #5 on object 1389/#Dynamic ('<NULL>'). This should be fixed: Reason : Object reference not set to an instance of an object. 
Trace:   at UnityEngine.Bindings.ThrowHelper.ThrowNullReferenceException (System.Object obj) [0x00018] in <5eb0ffefd25a4604963f191f59bef3cc>:0 
  at UnityEngine.Behaviour.get_isActiveAndEnabled () [0x00006] in <5eb0ffefd25a4604963f191f59bef3cc>:0 
  at PositionSync.ReceivePositionUpdate () [0x00008] in <b49ef5704cd64b5090e7799fcf031fb4>:0 
  at CRPCHeader.CallMethodLocally (System.Byte functionID) [0x000cf] in <b49ef5704cd64b5090e7799fcf031fb4>:0 
Failed to call remote method #5 on object 1373/#Dynamic ('<NULL>'). This should be fixed: Reason : Object reference not set to an instance of an object. 
Trace:   at UnityEngine.Bindings.ThrowHelper.ThrowNullReferenceException (System.Object obj) [0x00018] in <5eb0ffefd25a4604963f191f59bef3cc>:0 
  at UnityEngine.Behaviour.get_isActiveAndEnabled () [0x00006] in <5eb0ffefd25a4604963f191f59bef3cc>:0 
  at PositionSync.ReceivePositionUpdate () [0x00008] in <b49ef5704cd64b5090e7799fcf031fb4>:0 
  at CRPCHeader.CallMethodLocally (System.Byte functionID) [0x000cf] in <b49ef5704cd64b5090e7799fcf031fb4>:0 
Failed to call remote method #14 on object 1124/#Dynamic ('<NULL>'). This should be fixed: Reason : Object reference not set to an instance of an object. 
Trace:   at UnityEngine.Bindings.ThrowHelper.ThrowNullReferenceException (System.Object obj) [0x00018] in <5eb0ffefd25a4604963f191f59bef3cc>:0 
  at UnityEngine.Behaviour.get_isActiveAndEnabled () [0x00006] in <5eb0ffefd25a4604963f191f59bef3cc>:0 
  at PositionSync.ReceivePositionUpdate () [0x00008] in <b49ef5704cd64b5090e7799fcf031fb4>:0 
  at CRPCHeader.CallMethodLocally (System.Byte functionID) [0x000cf] in <b49ef5704cd64b5090e7799fcf031fb4>:0 
Received CRPC update for Dynamic obj with ID 903 and functionID 5, but no object with that ID was registered!
Failed to call remote method #14 on object 1456/#Dynamic ('<NULL>'). This should be fixed: Reason : Object reference not set to an instance of an object. 
Trace:   at UnityEngine.Bindings.ThrowHelper.ThrowNullReferenceException (System.Object obj) [0x00018] in <5eb0ffefd25a4604963f191f59bef3cc>:0 
  at UnityEngine.Behaviour.get_isActiveAndEnabled () [0x00006] in <5eb0ffefd25a4604963f191f59bef3cc>:0 
  at PositionSync.ReceivePositionUpdate () [0x00008] in <b49ef5704cd64b5090e7799fcf031fb4>:0 
  at CRPCHeader.CallMethodLocally (System.Byte functionID) [0x000cf] in <b49ef5704cd64b5090e7799fcf031fb4>:0 
Failed to call remote method #17 on object 1554/#Dynamic ('<NULL>'). This should be fixed: Reason : Object reference not set to an instance of an object. 
Trace:   at UnityEngine.Bindings.ThrowHelper.ThrowNullReferenceException (System.Object obj) [0x00018] in <5eb0ffefd25a4604963f191f59bef3cc>:0 
  at UnityEngine.Behaviour.get_isActiveAndEnabled () [0x00006] in <5eb0ffefd25a4604963f191f59bef3cc>:0 
  at PositionSync.ReceivePositionUpdate () [0x00008] in <b49ef5704cd64b5090e7799fcf031fb4>:0 
  at CRPCHeader.CallMethodLocally (System.Byte functionID) [0x000cf] in <b49ef5704cd64b5090e7799fcf031fb4>:0 
Failed to call remote method #4 on object 925/#Dynamic ('<NULL>'). This should be fixed: Reason : Object reference not set to an instance of an object. 
Trace:   at UnityEngine.Bindings.ThrowHelper.ThrowNullReferenceException (System.Object obj) [0x00018] in <5eb0ffefd25a4604963f191f59bef3cc>:0 
  at UnityEngine.Behaviour.get_isActiveAndEnabled () [0x00006] in <5eb0ffefd25a4604963f191f59bef3cc>:0 
  at PositionSync.ReceivePositionUpdate () [0x00008] in <b49ef5704cd64b5090e7799fcf031fb4>:0 
  at CRPCHeader.CallMethodLocally (System.Byte functionID) [0x000cf] in <b49ef5704cd64b5090e7799fcf031fb4>:0 
Failed to call remote method #5 on object 1375/#Dynamic ('<NULL>'). This should be fixed: Reason : Object reference not set to an instance of an object. 
Trace:   at UnityEngine.Bindings.ThrowHelper.ThrowNullReferenceException (System.Object obj) [0x00018] in <5eb0ffefd25a4604963f191f59bef3cc>:0 
  at UnityEngine.Behaviour.get_isActiveAndEnabled () [0x00006] in <5eb0ffefd25a4604963f191f59bef3cc>:0 
  at PositionSync.ReceivePositionUpdate () [0x00008] in <b49ef5704cd64b5090e7799fcf031fb4>:0 
  at CRPCHeader.CallMethodLocally (System.Byte functionID) [0x000cf] in <b49ef5704cd64b5090e7799fcf031fb4>:0 
Failed to call remote method #5 on object 1362/#Dynamic ('<NULL>'). This should be fixed: Reason : Object reference not set to an instance of an object. 
Trace:   at UnityEngine.Bindings.ThrowHelper.ThrowNullReferenceException (System.Object obj) [0x00018] in <5eb0ffefd25a4604963f191f59bef3cc>:0 
  at UnityEngine.Behaviour.get_isActiveAndEnabled () [0x00006] in <5eb0ffefd25a4604963f191f59bef3cc>:0 
  at PositionSync.ReceivePositionUpdate () [0x00008] in <b49ef5704cd64b5090e7799fcf031fb4>:0 
  at CRPCHeader.CallMethodLocally (System.Byte functionID) [0x000cf] in <b49ef5704cd64b5090e7799fcf031fb4>:0 
Failed to call remote method #11 on object 1232/#Dynamic ('<NULL>'). This should be fixed: Reason : Object reference not set to an instance of an object. 
Trace:   at UnityEngine.Bindings.ThrowHelper.ThrowNullReferenceException (System.Object obj) [0x00018] in <5eb0ffefd25a4604963f191f59bef3cc>:0 
  at UnityEngine.Behaviour.get_isActiveAndEnabled () [0x00006] in <5eb0ffefd25a4604963f191f59bef3cc>:0 
  at PositionSync.ReceivePositionUpdate () [0x00008] in <b49ef5704cd64b5090e7799fcf031fb4>:0 
  at CRPCHeader.CallMethodLocally (System.Byte functionID) [0x000cf] in <b49ef5704cd64b5090e7799fcf031fb4>:0 
Received CRPC update for Dynamic obj with ID 908 and functionID 14, but no object with that ID was registered!
Failed to call remote method #11 on object 1269/#Dynamic ('<NULL>'). This should be fixed: Reason : Object reference not set to an instance of an object. 
Trace:   at UnityEngine.Bindings.ThrowHelper.ThrowNullReferenceException (System.Object obj) [0x00018] in <5eb0ffefd25a4604963f191f59bef3cc>:0 
  at UnityEngine.Behaviour.get_isActiveAndEnabled () [0x00006] in <5eb0ffefd25a4604963f191f59bef3cc>:0 
  at PositionSync.ReceivePositionUpdate () [0x00008] in <b49ef5704cd64b5090e7799fcf031fb4>:0 
  at CRPCHeader.CallMethodLocally (System.Byte functionID) [0x000cf] in <b49ef5704cd64b5090e7799fcf031fb4>:0 
Failed to call remote method #5 on object 1360/#Dynamic ('<NULL>'). This should be fixed: Reason : Object reference not set to an instance of an object. 
Trace:   at UnityEngine.Bindings.ThrowHelper.ThrowNullReferenceException (System.Object obj) [0x00018] in <5eb0ffefd25a4604963f191f59bef3cc>:0 
  at UnityEngine.Behaviour.get_isActiveAndEnabled () [0x00006] in <5eb0ffefd25a4604963f191f59bef3cc>:0 
  at PositionSync.ReceivePositionUpdate () [0x00008] in <b49ef5704cd64b5090e7799fcf031fb4>:0 
  at CRPCHeader.CallMethodLocally (System.Byte functionID) [0x000cf] in <b49ef5704cd64b5090e7799fcf031fb4>:0 
Failed to call remote method #5 on object 1542/#Dynamic ('<NULL>'). This should be fixed: Reason : Object reference not set to an instance of an object. 
Trace:   at UnityEngine.Bindings.ThrowHelper.ThrowNullReferenceException (System.Object obj) [0x00018] in <5eb0ffefd25a4604963f191f59bef3cc>:0 
  at UnityEngine.Behaviour.get_isActiveAndEnabled () [0x00006] in <5eb0ffefd25a4604963f191f59bef3cc>:0 
  at PositionSync.ReceivePositionUpdate () [0x00008] in <b49ef5704cd64b5090e7799fcf031fb4>:0 
  at CRPCHeader.CallMethodLocally (System.Byte functionID) [0x000cf] in <b49ef5704cd64b5090e7799fcf031fb4>:0 
Failed to call remote method #5 on object 1580/#Dynamic ('<NULL>'). This should be fixed: Reason : Object reference not set to an instance of an object. 
Trace:   at UnityEngine.Bindings.ThrowHelper.ThrowNullReferenceException (System.Object obj) [0x00018] in <5eb0ffefd25a4604963f191f59bef3cc>:0 
  at UnityEngine.Behaviour.get_isActiveAndEnabled () [0x00006] in <5eb0ffefd25a4604963f191f59bef3cc>:0 
  at PositionSync.ReceivePositionUpdate () [0x00008] in <b49ef5704cd64b5090e7799fcf031fb4>:0 
  at CRPCHeader.CallMethodLocally (System.Byte functionID) [0x000cf] in <b49ef5704cd64b5090e7799fcf031fb4>:0 
Failed to call remote method #5 on object 1357/#Dynamic ('<NULL>'). This should be fixed: Reason : Object reference not set to an instance of an object. 
Trace:   at UnityEngine.Bindings.ThrowHelper.ThrowNullReferenceException (System.Object obj) [0x00018] in <5eb0ffefd25a4604963f191f59bef3cc>:0 
  at UnityEngine.Behaviour.get_isActiveAndEnabled () [0x00006] in <5eb0ffefd25a4604963f191f59bef3cc>:0 
  at PositionSync.ReceivePositionUpdate () [0x00008] in <b49ef5704cd64b5090e7799fcf031fb4>:0 
  at CRPCHeader.CallMethodLocally (System.Byte functionID) [0x000cf] in <b49ef5704cd64b5090e7799fcf031fb4>:0 
Failed to call remote method #5 on object 1553/#Dynamic ('<NULL>'). This should be fixed: Reason : Object reference not set to an instance of an object. 
Trace:   at UnityEngine.Bindings.ThrowHelper.ThrowNullReferenceException (System.Object obj) [0x00018] in <5eb0ffefd25a4604963f191f59bef3cc>:0 
  at UnityEngine.Behaviour.get_isActiveAndEnabled () [0x00006] in <5eb0ffefd25a4604963f191f59bef3cc>:0 
  at PositionSync.ReceivePositionUpdate () [0x00008] in <b49ef5704cd64b5090e7799fcf031fb4>:0 
  at CRPCHeader.CallMethodLocally (System.Byte functionID) [0x000cf] in <b49ef5704cd64b5090e7799fcf031fb4>:0 
Received CRPC update for Dynamic obj with ID 902 and functionID 7, but no object with that ID was registered!
Failed to call remote method #11 on object 1178/#Dynamic ('<NULL>'). This should be fixed: Reason : Object reference not set to an instance of an object. 
Trace:   at UnityEngine.Bindings.ThrowHelper.ThrowNullReferenceException (System.Object obj) [0x00018] in <5eb0ffefd25a4604963f191f59bef3cc>:0 
  at UnityEngine.Behaviour.get_isActiveAndEnabled () [0x00006] in <5eb0ffefd25a4604963f191f59bef3cc>:0 
  at PositionSync.ReceivePositionUpdate () [0x00008] in <b49ef5704cd64b5090e7799fcf031fb4>:0 
  at CRPCHeader.CallMethodLocally (System.Byte functionID) [0x000cf] in <b49ef5704cd64b5090e7799fcf031fb4>:0 
Failed to call remote method #11 on object 1229/#Dynamic ('<NULL>'). This should be fixed: Reason : Object reference not set to an instance of an object. 
Trace:   at UnityEngine.Bindings.ThrowHelper.ThrowNullReferenceException (System.Object obj) [0x00018] in <5eb0ffefd25a4604963f191f59bef3cc>:0 
  at UnityEngine.Behaviour.get_isActiveAndEnabled () [0x00006] in <5eb0ffefd25a4604963f191f59bef3cc>:0 
  at PositionSync.ReceivePositionUpdate () [0x00008] in <b49ef5704cd64b5090e7799fcf031fb4>:0 
  at CRPCHeader.CallMethodLocally (System.Byte functionID) [0x000cf] in <b49ef5704cd64b5090e7799fcf031fb4>:0 
Failed to call remote method #17 on object 1246/#Dynamic ('<NULL>'). This should be fixed: Reason : Object reference not set to an instance of an object. 
Trace:   at UnityEngine.Bindings.ThrowHelper.ThrowNullReferenceException (System.Object obj) [0x00018] in <5eb0ffefd25a4604963f191f59bef3cc>:0 
  at UnityEngine.Behaviour.get_isActiveAndEnabled () [0x00006] in <5eb0ffefd25a4604963f191f59bef3cc>:0 
  at PositionSync.ReceivePositionUpdate () [0x00008] in <b49ef5704cd64b5090e7799fcf031fb4>:0 
  at CRPCHeader.CallMethodLocally (System.Byte functionID) [0x000cf] in <b49ef5704cd64b5090e7799fcf031fb4>:0 
Failed to call remote method #11 on object 1248/#Dynamic ('<NULL>'). This should be fixed: Reason : Object reference not set to an instance of an object. 
Trace:   at UnityEngine.Bindings.ThrowHelper.ThrowNullReferenceException (System.Object obj) [0x00018] in <5eb0ffefd25a4604963f191f59bef3cc>:0 
  at UnityEngine.Behaviour.get_isActiveAndEnabled () [0x00006] in <5eb0ffefd25a4604963f191f59bef3cc>:0 
  at PositionSync.ReceivePositionUpdate () [0x00008] in <b49ef5704cd64b5090e7799fcf031fb4>:0 
  at CRPCHeader.CallMethodLocally (System.Byte functionID) [0x000cf] in <b49ef5704cd64b5090e7799fcf031fb4>:0 
Failed to call remote method #17 on object 1589/#Dynamic ('<NULL>'). This should be fixed: Reason : Object reference not set to an instance of an object. 
Trace:   at UnityEngine.Bindings.ThrowHelper.ThrowNullReferenceException (System.Object obj) [0x00018] in <5eb0ffefd25a4604963f191f59bef3cc>:0 
  at UnityEngine.Behaviour.get_isActiveAndEnabled () [0x00006] in <5eb0ffefd25a4604963f191f59bef3cc>:0 
  at PositionSync.ReceivePositionUpdate () [0x00008] in <b49ef5704cd64b5090e7799fcf031fb4>:0 
  at CRPCHeader.CallMethodLocally (System.Byte functionID) [0x000cf] in <b49ef5704cd64b5090e7799fcf031fb4>:0 
Failed to call remote method #5 on object 1376/#Dynamic ('<NULL>'). This should be fixed: Reason : Object reference not set to an instance of an object. 
Trace:   at UnityEngine.Bindings.ThrowHelper.ThrowNullReferenceException (System.Object obj) [0x00018] in <5eb0ffefd25a4604963f191f59bef3cc>:0 
  at UnityEngine.Behaviour.get_isActiveAndEnabled () [0x00006] in <5eb0ffefd25a4604963f191f59bef3cc>:0 
  at PositionSync.ReceivePositionUpdate () [0x00008] in <b49ef5704cd64b5090e7799fcf031fb4>:0 
  at CRPCHeader.CallMethodLocally (System.Byte functionID) [0x000cf] in <b49ef5704cd64b5090e7799fcf031fb4>:0 
Failed to call remote method #5 on object 1361/#Dynamic ('<NULL>'). This should be fixed: Reason : Object reference not set to an instance of an object. 
Trace:   at UnityEngine.Bindings.ThrowHelper.ThrowNullReferenceException (System.Object obj) [0x00018] in <5eb0ffefd25a4604963f191f59bef3cc>:0 
  at UnityEngine.Behaviour.get_isActiveAndEnabled () [0x00006] in <5eb0ffefd25a4604963f191f59bef3cc>:0 
  at PositionSync.ReceivePositionUpdate () [0x00008] in <b49ef5704cd64b5090e7799fcf031fb4>:0 
  at CRPCHeader.CallMethodLocally (System.Byte functionID) [0x000cf] in <b49ef5704cd64b5090e7799fcf031fb4>:0 
Failed to call remote method #5 on object 1556/#Dynamic ('<NULL>'). This should be fixed: Reason : Object reference not set to an instance of an object. 
Trace:   at UnityEngine.Bindings.ThrowHelper.ThrowNullReferenceException (System.Object obj) [0x00018] in <5eb0ffefd25a4604963f191f59bef3cc>:0 
  at UnityEngine.Behaviour.get_isActiveAndEnabled () [0x00006] in <5eb0ffefd25a4604963f191f59bef3cc>:0 
  at PositionSync.ReceivePositionUpdate () [0x00008] in <b49ef5704cd64b5090e7799fcf031fb4>:0 
  at CRPCHeader.CallMethodLocally (System.Byte functionID) [0x000cf] in <b49ef5704cd64b5090e7799fcf031fb4>:0 
Failed to call remote method #5 on object 1582/#Dynamic ('<NULL>'). This should be fixed: Reason : Object reference not set to an instance of an object. 
Trace:   at UnityEngine.Bindings.ThrowHelper.ThrowNullReferenceException (System.Object obj) [0x00018] in <5eb0ffefd25a4604963f191f59bef3cc>:0 
  at UnityEngine.Behaviour.get_isActiveAndEnabled () [0x00006] in <5eb0ffefd25a4604963f191f59bef3cc>:0 
  at PositionSync.ReceivePositionUpdate () [0x00008] in <b49ef5704cd64b5090e7799fcf031fb4>:0 
  at CRPCHeader.CallMethodLocally (System.Byte functionID) [0x000cf] in <b49ef5704cd64b5090e7799fcf031fb4>:0 
Failed to call remote method #5 on object 1364/#Dynamic ('<NULL>'). This should be fixed: Reason : Object reference not set to an instance of an object. 
Trace:   at UnityEngine.Bindings.ThrowHelper.ThrowNullReferenceException (System.Object obj) [0x00018] in <5eb0ffefd25a4604963f191f59bef3cc>:0 
  at UnityEngine.Behaviour.get_isActiveAndEnabled () [0x00006] in <5eb0ffefd25a4604963f191f59bef3cc>:0 
  at PositionSync.ReceivePositionUpdate () [0x00008] in <b49ef5704cd64b5090e7799fcf031fb4>:0 
  at CRPCHeader.CallMethodLocally (System.Byte functionID) [0x000cf] in <b49ef5704cd64b5090e7799fcf031fb4>:0 
Failed to call remote method #5 on object 1374/#Dynamic ('<NULL>'). This should be fixed: Reason : Object reference not set to an instance of an object. 
Trace:   at UnityEngine.Bindings.ThrowHelper.ThrowNullReferenceException (System.Object obj) [0x00018] in <5eb0ffefd25a4604963f191f59bef3cc>:0 
  at UnityEngine.Behaviour.get_isActiveAndEnabled () [0x00006] in <5eb0ffefd25a4604963f191f59bef3cc>:0 
  at PositionSync.ReceivePositionUpdate () [0x00008] in <b49ef5704cd64b5090e7799fcf031fb4>:0 
  at CRPCHeader.CallMethodLocally (System.Byte functionID) [0x000cf] in <b49ef5704cd64b5090e7799fcf031fb4>:0 
Failed to call remote method #5 on object 1384/#Dynamic ('<NULL>'). This should be fixed: Reason : Object reference not set to an instance of an object. 
Trace:   at UnityEngine.Bindings.ThrowHelper.ThrowNullReferenceException (System.Object obj) [0x00018] in <5eb0ffefd25a4604963f191f59bef3cc>:0 
  at UnityEngine.Behaviour.get_isActiveAndEnabled () [0x00006] in <5eb0ffefd25a4604963f191f59bef3cc>:0 
  at PositionSync.ReceivePositionUpdate () [0x00008] in <b49ef5704cd64b5090e7799fcf031fb4>:0 
  at CRPCHeader.CallMethodLocally (System.Byte functionID) [0x000cf] in <b49ef5704cd64b5090e7799fcf031fb4>:0 
Failed to call remote method #5 on object 1546/#Dynamic ('<NULL>'). This should be fixed: Reason : Object reference not set to an instance of an object. 
Trace:   at UnityEngine.Bindings.ThrowHelper.ThrowNullReferenceException (System.Object obj) [0x00018] in <5eb0ffefd25a4604963f191f59bef3cc>:0 
  at UnityEngine.Behaviour.get_isActiveAndEnabled () [0x00006] in <5eb0ffefd25a4604963f191f59bef3cc>:0 
  at PositionSync.ReceivePositionUpdate () [0x00008] in <b49ef5704cd64b5090e7799fcf031fb4>:0 
  at CRPCHeader.CallMethodLocally (System.Byte functionID) [0x000cf] in <b49ef5704cd64b5090e7799fcf031fb4>:0 
Failed to call remote method #11 on object 1409/#Dynamic ('<NULL>'). This should be fixed: Reason : Object reference not set to an instance of an object. 
Trace:   at UnityEngine.Bindings.ThrowHelper.ThrowNullReferenceException (System.Object obj) [0x00018] in <5eb0ffefd25a4604963f191f59bef3cc>:0 
  at UnityEngine.Behaviour.get_isActiveAndEnabled () [0x00006] in <5eb0ffefd25a4604963f191f59bef3cc>:0 
  at PositionSync.ReceivePositionUpdate () [0x00008] in <b49ef5704cd64b5090e7799fcf031fb4>:0 
  at CRPCHeader.CallMethodLocally (System.Byte functionID) [0x000cf] in <b49ef5704cd64b5090e7799fcf031fb4>:0 
Failed to call remote method #7 on object 924/#Dynamic ('<NULL>'). This should be fixed: Reason : Object reference not set to an instance of an object. 
Trace:   at UnityEngine.Bindings.ThrowHelper.ThrowNullReferenceException (System.Object obj) [0x00018] in <5eb0ffefd25a4604963f191f59bef3cc>:0 
  at UnityEngine.Behaviour.get_isActiveAndEnabled () [0x00006] in <5eb0ffefd25a4604963f191f59bef3cc>:0 
  at PositionSync.ReceivePositionUpdate () [0x00008] in <b49ef5704cd64b5090e7799fcf031fb4>:0 
  at CRPCHeader.CallMethodLocally (System.Byte functionID) [0x000cf] in <b49ef5704cd64b5090e7799fcf031fb4>:0 
Failed to call remote method #5 on object 1550/#Dynamic ('<NULL>'). This should be fixed: Reason : Object reference not set to an instance of an object. 
Trace:   at UnityEngine.Bindings.ThrowHelper.ThrowNullReferenceException (System.Object obj) [0x00018] in <5eb0ffefd25a4604963f191f59bef3cc>:0 
  at UnityEngine.Behaviour.get_isActiveAndEnabled () [0x00006] in <5eb0ffefd25a4604963f191f59bef3cc>:0 
  at PositionSync.ReceivePositionUpdate () [0x00008] in <b49ef5704cd64b5090e7799fcf031fb4>:0 
  at CRPCHeader.CallMethodLocally (System.Byte functionID) [0x000cf] in <b49ef5704cd64b5090e7799fcf031fb4>:0 
Failed to call remote method #5 on object 1577/#Dynamic ('<NULL>'). This should be fixed: Reason : Object reference not set to an instance of an object. 
Trace:   at UnityEngine.Bindings.ThrowHelper.ThrowNullReferenceException (System.Object obj) [0x00018] in <5eb0ffefd25a4604963f191f59bef3cc>:0 
  at UnityEngine.Behaviour.get_isActiveAndEnabled () [0x00006] in <5eb0ffefd25a4604963f191f59bef3cc>:0 
  at PositionSync.ReceivePositionUpdate () [0x00008] in <b49ef5704cd64b5090e7799fcf031fb4>:0 
  at CRPCHeader.CallMethodLocally (System.Byte functionID) [0x000cf] in <b49ef5704cd64b5090e7799fcf031fb4>:0 
Failed to call remote method #4 on object 925/#Dynamic ('<NULL>'). This should be fixed: Reason : Object reference not set to an instance of an object. 
Trace:   at UnityEngine.Bindings.ThrowHelper.ThrowNullReferenceException (System.Object obj) [0x00018] in <5eb0ffefd25a4604963f191f59bef3cc>:0 
  at UnityEngine.Behaviour.get_isActiveAndEnabled () [0x00006] in <5eb0ffefd25a4604963f191f59bef3cc>:0 
  at PositionSync.ReceivePositionUpdate () [0x00008] in <b49ef5704cd64b5090e7799fcf031fb4>:0 
  at CRPCHeader.CallMethodLocally (System.Byte functionID) [0x000cf] in <b49ef5704cd64b5090e7799fcf031fb4>:0 
Failed to call remote method #5 on object 1371/#Dynamic ('<NULL>'). This should be fixed: Reason : Object reference not set to an instance of an object. 
Trace:   at UnityEngine.Bindings.ThrowHelper.ThrowNullReferenceException (System.Object obj) [0x00018] in <5eb0ffefd25a4604963f191f59bef3cc>:0 
  at UnityEngine.Behaviour.get_isActiveAndEnabled () [0x00006] in <5eb0ffefd25a4604963f191f59bef3cc>:0 
  at PositionSync.ReceivePositionUpdate () [0x00008] in <b49ef5704cd64b5090e7799fcf031fb4>:0 
  at CRPCHeader.CallMethodLocally (System.Byte functionID) [0x000cf] in <b49ef5704cd64b5090e7799fcf031fb4>:0 
Failed to call remote method #5 on object 1543/#Dynamic ('<NULL>'). This should be fixed: Reason : Object reference not set to an instance of an object. 
Trace:   at UnityEngine.Bindings.ThrowHelper.ThrowNullReferenceException (System.Object obj) [0x00018] in <5eb0ffefd25a4604963f191f59bef3cc>:0 
  at UnityEngine.Behaviour.get_isActiveAndEnabled () [0x00006] in <5eb0ffefd25a4604963f191f59bef3cc>:0 
  at PositionSync.ReceivePositionUpdate () [0x00008] in <b49ef5704cd64b5090e7799fcf031fb4>:0 
  at CRPCHeader.CallMethodLocally (System.Byte functionID) [0x000cf] in <b49ef5704cd64b5090e7799fcf031fb4>:0 
Failed to call remote method #5 on object 1413/#Dynamic ('<NULL>'). This should be fixed: Reason : Object reference not set to an instance of an object. 
Trace:   at UnityEngine.Bindings.ThrowHelper.ThrowNullReferenceException (System.Object obj) [0x00018] in <5eb0ffefd25a4604963f191f59bef3cc>:0 
  at UnityEngine.Behaviour.get_isActiveAndEnabled () [0x00006] in <5eb0ffefd25a4604963f191f59bef3cc>:0 
  at PositionSync.ReceivePositionUpdate () [0x00008] in <b49ef5704cd64b5090e7799fcf031fb4>:0 
  at CRPCHeader.CallMethodLocally (System.Byte functionID) [0x000cf] in <b49ef5704cd64b5090e7799fcf031fb4>:0 
Failed to call remote method #5 on object 1559/#Dynamic ('<NULL>'). This should be fixed: Reason : Object reference not set to an instance of an object. 
Trace:   at UnityEngine.Bindings.ThrowHelper.ThrowNullReferenceException (System.Object obj) [0x00018] in <5eb0ffefd25a4604963f191f59bef3cc>:0 
  at UnityEngine.Behaviour.get_isActiveAndEnabled () [0x00006] in <5eb0ffefd25a4604963f191f59bef3cc>:0 
  at PositionSync.ReceivePositionUpdate () [0x00008] in <b49ef5704cd64b5090e7799fcf031fb4>:0 
  at CRPCHeader.CallMethodLocally (System.Byte functionID) [0x000cf] in <b49ef5704cd64b5090e7799fcf031fb4>:0 
Failed to call remote method #5 on object 1575/#Dynamic ('<NULL>'). This should be fixed: Reason : Object reference not set to an instance of an object. 
Trace:   at UnityEngine.Bindings.ThrowHelper.ThrowNullReferenceException (System.Object obj) [0x00018] in <5eb0ffefd25a4604963f191f59bef3cc>:0 
  at UnityEngine.Behaviour.get_isActiveAndEnabled () [0x00006] in <5eb0ffefd25a4604963f191f59bef3cc>:0 
  at PositionSync.ReceivePositionUpdate () [0x00008] in <b49ef5704cd64b5090e7799fcf031fb4>:0 
  at CRPCHeader.CallMethodLocally (System.Byte functionID) [0x000cf] in <b49ef5704cd64b5090e7799fcf031fb4>:0 
Received CRPC update for Dynamic obj with ID 908 and functionID 14, but no object with that ID was registered!
Failed to call remote method #6 on object 1350/#Dynamic ('<NULL>'). This should be fixed: Reason : Object reference not set to an instance of an object. 
Trace:   at UnityEngine.Bindings.ThrowHelper.ThrowNullReferenceException (System.Object obj) [0x00018] in <5eb0ffefd25a4604963f191f59bef3cc>:0 
  at UnityEngine.Behaviour.get_isActiveAndEnabled () [0x00006] in <5eb0ffefd25a4604963f191f59bef3cc>:0 
  at PositionSync.ReceivePositionUpdate () [0x00008] in <b49ef5704cd64b5090e7799fcf031fb4>:0 
  at CRPCHeader.CallMethodLocally (System.Byte functionID) [0x000cf] in <b49ef5704cd64b5090e7799fcf031fb4>:0 
Failed to call remote method #6 on object 1353/#Dynamic ('<NULL>'). This should be fixed: Reason : Object reference not set to an instance of an object. 
Trace:   at UnityEngine.Bindings.ThrowHelper.ThrowNullReferenceException (System.Object obj) [0x00018] in <5eb0ffefd25a4604963f191f59bef3cc>:0 
  at UnityEngine.Behaviour.get_isActiveAndEnabled () [0x00006] in <5eb0ffefd25a4604963f191f59bef3cc>:0 
  at PositionSync.ReceivePositionUpdate () [0x00008] in <b49ef5704cd64b5090e7799fcf031fb4>:0 
  at CRPCHeader.CallMethodLocally (System.Byte functionID) [0x000cf] in <b49ef5704cd64b5090e7799fcf031fb4>:0 
Failed to call remote method #5 on object 1386/#Dynamic ('<NULL>'). This should be fixed: Reason : Object reference not set to an instance of an object. 
Trace:   at UnityEngine.Bindings.ThrowHelper.ThrowNullReferenceException (System.Object obj) [0x00018] in <5eb0ffefd25a4604963f191f59bef3cc>:0 
  at UnityEngine.Behaviour.get_isActiveAndEnabled () [0x00006] in <5eb0ffefd25a4604963f191f59bef3cc>:0 
  at PositionSync.ReceivePositionUpdate () [0x00008] in <b49ef5704cd64b5090e7799fcf031fb4>:0 
  at CRPCHeader.CallMethodLocally (System.Byte functionID) [0x000cf] in <b49ef5704cd64b5090e7799fcf031fb4>:0 
Failed to call remote method #5 on object 1388/#Dynamic ('<NULL>'). This should be fixed: Reason : Object reference not set to an instance of an object. 
Trace:   at UnityEngine.Bindings.ThrowHelper.ThrowNullReferenceException (System.Object obj) [0x00018] in <5eb0ffefd25a4604963f191f59bef3cc>:0 
  at UnityEngine.Behaviour.get_isActiveAndEnabled () [0x00006] in <5eb0ffefd25a4604963f191f59bef3cc>:0 
  at PositionSync.ReceivePositionUpdate () [0x00008] in <b49ef5704cd64b5090e7799fcf031fb4>:0 
  at CRPCHeader.CallMethodLocally (System.Byte functionID) [0x000cf] in <b49ef5704cd64b5090e7799fcf031fb4>:0 
Failed to call remote method #5 on object 1572/#Dynamic ('<NULL>'). This should be fixed: Reason : Object reference not set to an instance of an object. 
Trace:   at UnityEngine.Bindings.ThrowHelper.ThrowNullReferenceException (System.Object obj) [0x00018] in <5eb0ffefd25a4604963f191f59bef3cc>:0 
  at UnityEngine.Behaviour.get_isActiveAndEnabled () [0x00006] in <5eb0ffefd25a4604963f191f59bef3cc>:0 
  at PositionSync.ReceivePositionUpdate () [0x00008] in <b49ef5704cd64b5090e7799fcf031fb4>:0 
  at CRPCHeader.CallMethodLocally (System.Byte functionID) [0x000cf] in <b49ef5704cd64b5090e7799fcf031fb4>:0 
Failed to call remote method #5 on object 1358/#Dynamic ('<NULL>'). This should be fixed: Reason : Object reference not set to an instance of an object. 
Trace:   at UnityEngine.Bindings.ThrowHelper.ThrowNullReferenceException (System.Object obj) [0x00018] in <5eb0ffefd25a4604963f191f59bef3cc>:0 
  at UnityEngine.Behaviour.get_isActiveAndEnabled () [0x00006] in <5eb0ffefd25a4604963f191f59bef3cc>:0 
  at PositionSync.ReceivePositionUpdate () [0x00008] in <b49ef5704cd64b5090e7799fcf031fb4>:0 
  at CRPCHeader.CallMethodLocally (System.Byte functionID) [0x000cf] in <b49ef5704cd64b5090e7799fcf031fb4>:0 
Failed to call remote method #11 on object 1232/#Dynamic ('<NULL>'). This should be fixed: Reason : Object reference not set to an instance of an object. 
Trace:   at UnityEngine.Bindings.ThrowHelper.ThrowNullReferenceException (System.Object obj) [0x00018] in <5eb0ffefd25a4604963f191f59bef3cc>:0 
  at UnityEngine.Behaviour.get_isActiveAndEnabled () [0x00006] in <5eb0ffefd25a4604963f191f59bef3cc>:0 
  at PositionSync.ReceivePositionUpdate () [0x00008] in <b49ef5704cd64b5090e7799fcf031fb4>:0 
  at CRPCHeader.CallMethodLocally (System.Byte functionID) [0x000cf] in <b49ef5704cd64b5090e7799fcf031fb4>:0 
Failed to call remote method #14 on object 1124/#Dynamic ('<NULL>'). This should be fixed: Reason : Object reference not set to an instance of an object. 
Trace:   at UnityEngine.Bindings.ThrowHelper.ThrowNullReferenceException (System.Object obj) [0x00018] in <5eb0ffefd25a4604963f191f59bef3cc>:0 
  at UnityEngine.Behaviour.get_isActiveAndEnabled () [0x00006] in <5eb0ffefd25a4604963f191f59bef3cc>:0 
  at PositionSync.ReceivePositionUpdate () [0x00008] in <b49ef5704cd64b5090e7799fcf031fb4>:0 
  at CRPCHeader.CallMethodLocally (System.Byte functionID) [0x000cf] in <b49ef5704cd64b5090e7799fcf031fb4>:0 
Received CRPC update for Dynamic obj with ID 903 and functionID 5, but no object with that ID was registered!
Failed to call remote method #14 on object 1456/#Dynamic ('<NULL>'). This should be fixed: Reason : Object reference not set to an instance of an object. 
Trace:   at UnityEngine.Bindings.ThrowHelper.ThrowNullReferenceException (System.Object obj) [0x00018] in <5eb0ffefd25a4604963f191f59bef3cc>:0 
  at UnityEngine.Behaviour.get_isActiveAndEnabled () [0x00006] in <5eb0ffefd25a4604963f191f59bef3cc>:0 
  at PositionSync.ReceivePositionUpdate () [0x00008] in <b49ef5704cd64b5090e7799fcf031fb4>:0 
  at CRPCHeader.CallMethodLocally (System.Byte functionID) [0x000cf] in <b49ef5704cd64b5090e7799fcf031fb4>:0 
Failed to call remote method #17 on object 1554/#Dynamic ('<NULL>'). This should be fixed: Reason : Object reference not set to an instance of an object. 
Trace:   at UnityEngine.Bindings.ThrowHelper.ThrowNullReferenceException (System.Object obj) [0x00018] in <5eb0ffefd25a4604963f191f59bef3cc>:0 
  at UnityEngine.Behaviour.get_isActiveAndEnabled () [0x00006] in <5eb0ffefd25a4604963f191f59bef3cc>:0 
  at PositionSync.ReceivePositionUpdate () [0x00008] in <b49ef5704cd64b5090e7799fcf031fb4>:0 
  at CRPCHeader.CallMethodLocally (System.Byte functionID) [0x000cf] in <b49ef5704cd64b5090e7799fcf031fb4>:0 
Failed to call remote method #5 on object 1373/#Dynamic ('<NULL>'). This should be fixed: Reason : Object reference not set to an instance of an object. 
Trace:   at UnityEngine.Bindings.ThrowHelper.ThrowNullReferenceException (System.Object obj) [0x00018] in <5eb0ffefd25a4604963f191f59bef3cc>:0 
  at UnityEngine.Behaviour.get_isActiveAndEnabled () [0x00006] in <5eb0ffefd25a4604963f191f59bef3cc>:0 
  at PositionSync.ReceivePositionUpdate () [0x00008] in <b49ef5704cd64b5090e7799fcf031fb4>:0 
  at CRPCHeader.CallMethodLocally (System.Byte functionID) [0x000cf] in <b49ef5704cd64b5090e7799fcf031fb4>:0 
Failed to call remote method #5 on object 1579/#Dynamic ('<NULL>'). This should be fixed: Reason : Object reference not set to an instance of an object. 
Trace:   at UnityEngine.Bindings.ThrowHelper.ThrowNullReferenceException (System.Object obj) [0x00018] in <5eb0ffefd25a4604963f191f59bef3cc>:0 
  at UnityEngine.Behaviour.get_isActiveAndEnabled () [0x00006] in <5eb0ffefd25a4604963f191f59bef3cc>:0 
  at PositionSync.ReceivePositionUpdate () [0x00008] in <b49ef5704cd64b5090e7799fcf031fb4>:0 
  at CRPCHeader.CallMethodLocally (System.Byte functionID) [0x000cf] in <b49ef5704cd64b5090e7799fcf031fb4>:0 
Failed to call remote method #11 on object 1222/#Dynamic ('<NULL>'). This should be fixed: Reason : Object reference not set to an instance of an object. 
Trace:   at UnityEngine.Bindings.ThrowHelper.ThrowNullReferenceException (System.Object obj) [0x00018] in <5eb0ffefd25a4604963f191f59bef3cc>:0 
  at UnityEngine.Behaviour.get_isActiveAndEnabled () [0x00006] in <5eb0ffefd25a4604963f191f59bef3cc>:0 
  at PositionSync.ReceivePositionUpdate () [0x00008] in <b49ef5704cd64b5090e7799fcf031fb4>:0 
  at CRPCHeader.CallMethodLocally (System.Byte functionID) [0x000cf] in <b49ef5704cd64b5090e7799fcf031fb4>:0 
Received CRPC update for Dynamic obj with ID 902 and functionID 7, but no object with that ID was registered!
Failed to call remote method #5 on object 1375/#Dynamic ('<NULL>'). This should be fixed: Reason : Object reference not set to an instance of an object. 
Trace:   at UnityEngine.Bindings.ThrowHelper.ThrowNullReferenceException (System.Object obj) [0x00018] in <5eb0ffefd25a4604963f191f59bef3cc>:0 
  at UnityEngine.Behaviour.get_isActiveAndEnabled () [0x00006] in <5eb0ffefd25a4604963f191f59bef3cc>:0 
  at PositionSync.ReceivePositionUpdate () [0x00008] in <b49ef5704cd64b5090e7799fcf031fb4>:0 
  at CRPCHeader.CallMethodLocally (System.Byte functionID) [0x000cf] in <b49ef5704cd64b5090e7799fcf031fb4>:0 
Failed to call remote method #5 on object 1362/#Dynamic ('<NULL>'). This should be fixed: Reason : Object reference not set to an instance of an object. 
Trace:   at UnityEngine.Bindings.ThrowHelper.ThrowNullReferenceException (System.Object obj) [0x00018] in <5eb0ffefd25a4604963f191f59bef3cc>:0 
  at UnityEngine.Behaviour.get_isActiveAndEnabled () [0x00006] in <5eb0ffefd25a4604963f191f59bef3cc>:0 
  at PositionSync.ReceivePositionUpdate () [0x00008] in <b49ef5704cd64b5090e7799fcf031fb4>:0 
  at CRPCHeader.CallMethodLocally (System.Byte functionID) [0x000cf] in <b49ef5704cd64b5090e7799fcf031fb4>:0 
Failed to call remote method #11 on object 1269/#Dynamic ('<NULL>'). This should be fixed: Reason : Object reference not set to an instance of an object. 
Trace:   at UnityEngine.Bindings.ThrowHelper.ThrowNullReferenceException (System.Object obj) [0x00018] in <5eb0ffefd25a4604963f191f59bef3cc>:0 
  at UnityEngine.Behaviour.get_isActiveAndEnabled () [0x00006] in <5eb0ffefd25a4604963f191f59bef3cc>:0 
  at PositionSync.ReceivePositionUpdate () [0x00008] in <b49ef5704cd64b5090e7799fcf031fb4>:0 
  at CRPCHeader.CallMethodLocally (System.Byte functionID) [0x000cf] in <b49ef5704cd64b5090e7799fcf031fb4>:0 
Failed to call remote method #5 on object 1360/#Dynamic ('<NULL>'). This should be fixed: Reason : Object reference not set to an instance of an object. 
Trace:   at UnityEngine.Bindings.ThrowHelper.ThrowNullReferenceException (System.Object obj) [0x00018] in <5eb0ffefd25a4604963f191f59bef3cc>:0 
  at UnityEngine.Behaviour.get_isActiveAndEnabled () [0x00006] in <5eb0ffefd25a4604963f191f59bef3cc>:0 
  at PositionSync.ReceivePositionUpdate () [0x00008] in <b49ef5704cd64b5090e7799fcf031fb4>:0 
  at CRPCHeader.CallMethodLocally (System.Byte functionID) [0x000cf] in <b49ef5704cd64b5090e7799fcf031fb4>:0 
Failed to call remote method #11 on object 1178/#Dynamic ('<NULL>'). This should be fixed: Reason : Object reference not set to an instance of an object. 
Trace:   at UnityEngine.Bindings.ThrowHelper.ThrowNullReferenceException (System.Object obj) [0x00018] in <5eb0ffefd25a4604963f191f59bef3cc>:0 
  at UnityEngine.Behaviour.get_isActiveAndEnabled () [0x00006] in <5eb0ffefd25a4604963f191f59bef3cc>:0 
  at PositionSync.ReceivePositionUpdate () [0x00008] in <b49ef5704cd64b5090e7799fcf031fb4>:0 
  at CRPCHeader.CallMethodLocally (System.Byte functionID) [0x000cf] in <b49ef5704cd64b5090e7799fcf031fb4>:0 
Failed to call remote method #11 on object 1229/#Dynamic ('<NULL>'). This should be fixed: Reason : Object reference not set to an instance of an object. 
Trace:   at UnityEngine.Bindings.ThrowHelper.ThrowNullReferenceException (System.Object obj) [0x00018] in <5eb0ffefd25a4604963f191f59bef3cc>:0 
  at UnityEngine.Behaviour.get_isActiveAndEnabled () [0x00006] in <5eb0ffefd25a4604963f191f59bef3cc>:0 
  at PositionSync.ReceivePositionUpdate () [0x00008] in <b49ef5704cd64b5090e7799fcf031fb4>:0 
  at CRPCHeader.CallMethodLocally (System.Byte functionID) [0x000cf] in <b49ef5704cd64b5090e7799fcf031fb4>:0 
Failed to call remote method #5 on object 1580/#Dynamic ('<NULL>'). This should be fixed: Reason : Object reference not set to an instance of an object. 
Trace:   at UnityEngine.Bindings.ThrowHelper.ThrowNullReferenceException (System.Object obj) [0x00018] in <5eb0ffefd25a4604963f191f59bef3cc>:0 
  at UnityEngine.Behaviour.get_isActiveAndEnabled () [0x00006] in <5eb0ffefd25a4604963f191f59bef3cc>:0 
  at PositionSync.ReceivePositionUpdate () [0x00008] in <b49ef5704cd64b5090e7799fcf031fb4>:0 
  at CRPCHeader.CallMethodLocally (System.Byte functionID) [0x000cf] in <b49ef5704cd64b5090e7799fcf031fb4>:0 
Failed to call remote method #5 on object 1357/#Dynamic ('<NULL>'). This should be fixed: Reason : Object reference not set to an instance of an object. 
Trace:   at UnityEngine.Bindings.ThrowHelper.ThrowNullReferenceException (System.Object obj) [0x00018] in <5eb0ffefd25a4604963f191f59bef3cc>:0 
  at UnityEngine.Behaviour.get_isActiveAndEnabled () [0x00006] in <5eb0ffefd25a4604963f191f59bef3cc>:0 
  at PositionSync.ReceivePositionUpdate () [0x00008] in <b49ef5704cd64b5090e7799fcf031fb4>:0 
  at CRPCHeader.CallMethodLocally (System.Byte functionID) [0x000cf] in <b49ef5704cd64b5090e7799fcf031fb4>:0 
Failed to call remote method #5 on object 1542/#Dynamic ('<NULL>'). This should be fixed: Reason : Object reference not set to an instance of an object. 
Trace:   at UnityEngine.Bindings.ThrowHelper.ThrowNullReferenceException (System.Object obj) [0x00018] in <5eb0ffefd25a4604963f191f59bef3cc>:0 
  at UnityEngine.Behaviour.get_isActiveAndEnabled () [0x00006] in <5eb0ffefd25a4604963f191f59bef3cc>:0 
  at PositionSync.ReceivePositionUpdate () [0x00008] in <b49ef5704cd64b5090e7799fcf031fb4>:0 
  at CRPCHeader.CallMethodLocally (System.Byte functionID) [0x000cf] in <b49ef5704cd64b5090e7799fcf031fb4>:0 
Failed to call remote method #17 on object 1246/#Dynamic ('<NULL>'). This should be fixed: Reason : Object reference not set to an instance of an object. 
Trace:   at UnityEngine.Bindings.ThrowHelper.ThrowNullReferenceException (System.Object obj) [0x00018] in <5eb0ffefd25a4604963f191f59bef3cc>:0 
  at UnityEngine.Behaviour.get_isActiveAndEnabled () [0x00006] in <5eb0ffefd25a4604963f191f59bef3cc>:0 
  at PositionSync.ReceivePositionUpdate () [0x00008] in <b49ef5704cd64b5090e7799fcf031fb4>:0 
  at CRPCHeader.CallMethodLocally (System.Byte functionID) [0x000cf] in <b49ef5704cd64b5090e7799fcf031fb4>:0 
Failed to call remote method #11 on object 1248/#Dynamic ('<NULL>'). This should be fixed: Reason : Object reference not set to an instance of an object. 
Trace:   at UnityEngine.Bindings.ThrowHelper.ThrowNullReferenceException (System.Object obj) [0x00018] in <5eb0ffefd25a4604963f191f59bef3cc>:0 
  at UnityEngine.Behaviour.get_isActiveAndEnabled () [0x00006] in <5eb0ffefd25a4604963f191f59bef3cc>:0 
  at PositionSync.ReceivePositionUpdate () [0x00008] in <b49ef5704cd64b5090e7799fcf031fb4>:0 
  at CRPCHeader.CallMethodLocally (System.Byte functionID) [0x000cf] in <b49ef5704cd64b5090e7799fcf031fb4>:0 
Failed to call remote method #17 on object 1589/#Dynamic ('<NULL>'). This should be fixed: Reason : Object reference not set to an instance of an object. 
Trace:   at UnityEngine.Bindings.ThrowHelper.ThrowNullReferenceException (System.Object obj) [0x00018] in <5eb0ffefd25a4604963f191f59bef3cc>:0 
  at UnityEngine.Behaviour.get_isActiveAndEnabled () [0x00006] in <5eb0ffefd25a4604963f191f59bef3cc>:0 
  at PositionSync.ReceivePositionUpdate () [0x00008] in <b49ef5704cd64b5090e7799fcf031fb4>:0 
  at CRPCHeader.CallMethodLocally (System.Byte functionID) [0x000cf] in <b49ef5704cd64b5090e7799fcf031fb4>:0 
Failed to call remote method #7 on object 924/#Dynamic ('<NULL>'). This should be fixed: Reason : Object reference not set to an instance of an object. 
Trace:   at UnityEngine.Bindings.ThrowHelper.ThrowNullReferenceException (System.Object obj) [0x00018] in <5eb0ffefd25a4604963f191f59bef3cc>:0 
  at UnityEngine.Behaviour.get_isActiveAndEnabled () [0x00006] in <5eb0ffefd25a4604963f191f59bef3cc>:0 
  at PositionSync.ReceivePositionUpdate () [0x00008] in <b49ef5704cd64b5090e7799fcf031fb4>:0 
  at CRPCHeader.CallMethodLocally (System.Byte functionID) [0x000cf] in <b49ef5704cd64b5090e7799fcf031fb4>:0 
Failed to call remote method #5 on object 1366/#Dynamic ('<NULL>'). This should be fixed: Reason : Object reference not set to an instance of an object. 
Trace:   at UnityEngine.Bindings.ThrowHelper.ThrowNullReferenceException (System.Object obj) [0x00018] in <5eb0ffefd25a4604963f191f59bef3cc>:0 
  at UnityEngine.Behaviour.get_isActiveAndEnabled () [0x00006] in <5eb0ffefd25a4604963f191f59bef3cc>:0 
  at PositionSync.ReceivePositionUpdate () [0x00008] in <b49ef5704cd64b5090e7799fcf031fb4>:0 
  at CRPCHeader.CallMethodLocally (System.Byte functionID) [0x000cf] in <b49ef5704cd64b5090e7799fcf031fb4>:0 
Failed to call remote method #5 on object 1553/#Dynamic ('<NULL>'). This should be fixed: Reason : Object reference not set to an instance of an object. 
Trace:   at UnityEngine.Bindings.ThrowHelper.ThrowNullReferenceException (System.Object obj) [0x00018] in <5eb0ffefd25a4604963f191f59bef3cc>:0 
  at UnityEngine.Behaviour.get_isActiveAndEnabled () [0x00006] in <5eb0ffefd25a4604963f191f59bef3cc>:0 
  at PositionSync.ReceivePositionUpdate () [0x00008] in <b49ef5704cd64b5090e7799fcf031fb4>:0 
  at CRPCHeader.CallMethodLocally (System.Byte functionID) [0x000cf] in <b49ef5704cd64b5090e7799fcf031fb4>:0 
Failed to call remote method #4 on object 925/#Dynamic ('<NULL>'). This should be fixed: Reason : Object reference not set to an instance of an object. 
Trace:   at UnityEngine.Bindings.ThrowHelper.ThrowNullReferenceException (System.Object obj) [0x00018] in <5eb0ffefd25a4604963f191f59bef3cc>:0 
  at UnityEngine.Behaviour.get_isActiveAndEnabled () [0x00006] in <5eb0ffefd25a4604963f191f59bef3cc>:0 
  at PositionSync.ReceivePositionUpdate () [0x00008] in <b49ef5704cd64b5090e7799fcf031fb4>:0 
  at CRPCHeader.CallMethodLocally (System.Byte functionID) [0x000cf] in <b49ef5704cd64b5090e7799fcf031fb4>:0 
Failed to call remote method #5 on object 1376/#Dynamic ('<NULL>'). This should be fixed: Reason : Object reference not set to an instance of an object. 
Trace:   at UnityEngine.Bindings.ThrowHelper.ThrowNullReferenceException (System.Object obj) [0x00018] in <5eb0ffefd25a4604963f191f59bef3cc>:0 
  at UnityEngine.Behaviour.get_isActiveAndEnabled () [0x00006] in <5eb0ffefd25a4604963f191f59bef3cc>:0 
  at PositionSync.ReceivePositionUpdate () [0x00008] in <b49ef5704cd64b5090e7799fcf031fb4>:0 
  at CRPCHeader.CallMethodLocally (System.Byte functionID) [0x000cf] in <b49ef5704cd64b5090e7799fcf031fb4>:0 
Failed to call remote method #5 on object 1556/#Dynamic ('<NULL>'). This should be fixed: Reason : Object reference not set to an instance of an object. 
Trace:   at UnityEngine.Bindings.ThrowHelper.ThrowNullReferenceException (System.Object obj) [0x00018] in <5eb0ffefd25a4604963f191f59bef3cc>:0 
  at UnityEngine.Behaviour.get_isActiveAndEnabled () [0x00006] in <5eb0ffefd25a4604963f191f59bef3cc>:0 
  at PositionSync.ReceivePositionUpdate () [0x00008] in <b49ef5704cd64b5090e7799fcf031fb4>:0 
  at CRPCHeader.CallMethodLocally (System.Byte functionID) [0x000cf] in <b49ef5704cd64b5090e7799fcf031fb4>:0 
Failed to call remote method #5 on object 1582/#Dynamic ('<NULL>'). This should be fixed: Reason : Object reference not set to an instance of an object. 
Trace:   at UnityEngine.Bindings.ThrowHelper.ThrowNullReferenceException (System.Object obj) [0x00018] in <5eb0ffefd25a4604963f191f59bef3cc>:0 
  at UnityEngine.Behaviour.get_isActiveAndEnabled () [0x00006] in <5eb0ffefd25a4604963f191f59bef3cc>:0 
  at PositionSync.ReceivePositionUpdate () [0x00008] in <b49ef5704cd64b5090e7799fcf031fb4>:0 
  at CRPCHeader.CallMethodLocally (System.Byte functionID) [0x000cf] in <b49ef5704cd64b5090e7799fcf031fb4>:0 
Received CRPC update for Dynamic obj with ID 908 and functionID 14, but no object with that ID was registered!
Failed to call remote method #5 on object 1361/#Dynamic ('<NULL>'). This should be fixed: Reason : Object reference not set to an instance of an object. 
Trace:   at UnityEngine.Bindings.ThrowHelper.ThrowNullReferenceException (System.Object obj) [0x00018] in <5eb0ffefd25a4604963f191f59bef3cc>:0 
  at UnityEngine.Behaviour.get_isActiveAndEnabled () [0x00006] in <5eb0ffefd25a4604963f191f59bef3cc>:0 
  at PositionSync.ReceivePositionUpdate () [0x00008] in <b49ef5704cd64b5090e7799fcf031fb4>:0 
  at CRPCHeader.CallMethodLocally (System.Byte functionID) [0x000cf] in <b49ef5704cd64b5090e7799fcf031fb4>:0 
Failed to call remote method #5 on object 1364/#Dynamic ('<NULL>'). This should be fixed: Reason : Object reference not set to an instance of an object. 
Trace:   at UnityEngine.Bindings.ThrowHelper.ThrowNullReferenceException (System.Object obj) [0x00018] in <5eb0ffefd25a4604963f191f59bef3cc>:0 
  at UnityEngine.Behaviour.get_isActiveAndEnabled () [0x00006] in <5eb0ffefd25a4604963f191f59bef3cc>:0 
  at PositionSync.ReceivePositionUpdate () [0x00008] in <b49ef5704cd64b5090e7799fcf031fb4>:0 
  at CRPCHeader.CallMethodLocally (System.Byte functionID) [0x000cf] in <b49ef5704cd64b5090e7799fcf031fb4>:0 
Failed to call remote method #5 on object 1389/#Dynamic ('<NULL>'). This should be fixed: Reason : Object reference not set to an instance of an object. 
Trace:   at UnityEngine.Bindings.ThrowHelper.ThrowNullReferenceException (System.Object obj) [0x00018] in <5eb0ffefd25a4604963f191f59bef3cc>:0 
  at UnityEngine.Behaviour.get_isActiveAndEnabled () [0x00006] in <5eb0ffefd25a4604963f191f59bef3cc>:0 
  at PositionSync.ReceivePositionUpdate () [0x00008] in <b49ef5704cd64b5090e7799fcf031fb4>:0 
  at CRPCHeader.CallMethodLocally (System.Byte functionID) [0x000cf] in <b49ef5704cd64b5090e7799fcf031fb4>:0 
Failed to call remote method #5 on object 1577/#Dynamic ('<NULL>'). This should be fixed: Reason : Object reference not set to an instance of an object. 
Trace:   at UnityEngine.Bindings.ThrowHelper.ThrowNullReferenceException (System.Object obj) [0x00018] in <5eb0ffefd25a4604963f191f59bef3cc>:0 
  at UnityEngine.Behaviour.get_isActiveAndEnabled () [0x00006] in <5eb0ffefd25a4604963f191f59bef3cc>:0 
  at PositionSync.ReceivePositionUpdate () [0x00008] in <b49ef5704cd64b5090e7799fcf031fb4>:0 
  at CRPCHeader.CallMethodLocally (System.Byte functionID) [0x000cf] in <b49ef5704cd64b5090e7799fcf031fb4>:0 
Failed to call remote method #5 on object 1440/#Dynamic ('<NULL>'). This should be fixed: Reason : Object reference not set to an instance of an object. 
Trace:   at UnityEngine.Bindings.ThrowHelper.ThrowNullReferenceException (System.Object obj) [0x00018] in <5eb0ffefd25a4604963f191f59bef3cc>:0 
  at UnityEngine.Behaviour.get_isActiveAndEnabled () [0x00006] in <5eb0ffefd25a4604963f191f59bef3cc>:0 
  at PositionSync.ReceivePositionUpdate () [0x00008] in <b49ef5704cd64b5090e7799fcf031fb4>:0 
  at CRPCHeader.CallMethodLocally (System.Byte functionID) [0x000cf] in <b49ef5704cd64b5090e7799fcf031fb4>:0 
Failed to call remote method #11 on object 1409/#Dynamic ('<NULL>'). This should be fixed: Reason : Object reference not set to an instance of an object. 
Trace:   at UnityEngine.Bindings.ThrowHelper.ThrowNullReferenceException (System.Object obj) [0x00018] in <5eb0ffefd25a4604963f191f59bef3cc>:0 
  at UnityEngine.Behaviour.get_isActiveAndEnabled () [0x00006] in <5eb0ffefd25a4604963f191f59bef3cc>:0 
  at PositionSync.ReceivePositionUpdate () [0x00008] in <b49ef5704cd64b5090e7799fcf031fb4>:0 
  at CRPCHeader.CallMethodLocally (System.Byte functionID) [0x000cf] in <b49ef5704cd64b5090e7799fcf031fb4>:0 
Failed to call remote method #5 on object 1374/#Dynamic ('<NULL>'). This should be fixed: Reason : Object reference not set to an instance of an object. 
Trace:   at UnityEngine.Bindings.ThrowHelper.ThrowNullReferenceException (System.Object obj) [0x00018] in <5eb0ffefd25a4604963f191f59bef3cc>:0 
  at UnityEngine.Behaviour.get_isActiveAndEnabled () [0x00006] in <5eb0ffefd25a4604963f191f59bef3cc>:0 
  at PositionSync.ReceivePositionUpdate () [0x00008] in <b49ef5704cd64b5090e7799fcf031fb4>:0 
  at CRPCHeader.CallMethodLocally (System.Byte functionID) [0x000cf] in <b49ef5704cd64b5090e7799fcf031fb4>:0 
Failed to call remote method #5 on object 1543/#Dynamic ('<NULL>'). This should be fixed: Reason : Object reference not set to an instance of an object. 
Trace:   at UnityEngine.Bindings.ThrowHelper.ThrowNullReferenceException (System.Object obj) [0x00018] in <5eb0ffefd25a4604963f191f59bef3cc>:0 
  at UnityEngine.Behaviour.get_isActiveAndEnabled () [0x00006] in <5eb0ffefd25a4604963f191f59bef3cc>:0 
  at PositionSync.ReceivePositionUpdate () [0x00008] in <b49ef5704cd64b5090e7799fcf031fb4>:0 
  at CRPCHeader.CallMethodLocally (System.Byte functionID) [0x000cf] in <b49ef5704cd64b5090e7799fcf031fb4>:0 
Failed to call remote method #5 on object 1546/#Dynamic ('<NULL>'). This should be fixed: Reason : Object reference not set to an instance of an object. 
Trace:   at UnityEngine.Bindings.ThrowHelper.ThrowNullReferenceException (System.Object obj) [0x00018] in <5eb0ffefd25a4604963f191f59bef3cc>:0 
  at UnityEngine.Behaviour.get_isActiveAndEnabled () [0x00006] in <5eb0ffefd25a4604963f191f59bef3cc>:0 
  at PositionSync.ReceivePositionUpdate () [0x00008] in <b49ef5704cd64b5090e7799fcf031fb4>:0 
  at CRPCHeader.CallMethodLocally (System.Byte functionID) [0x000cf] in <b49ef5704cd64b5090e7799fcf031fb4>:0 
Failed to call remote method #5 on object 1550/#Dynamic ('<NULL>'). This should be fixed: Reason : Object reference not set to an instance of an object. 
Trace:   at UnityEngine.Bindings.ThrowHelper.ThrowNullReferenceException (System.Object obj) [0x00018] in <5eb0ffefd25a4604963f191f59bef3cc>:0 
  at UnityEngine.Behaviour.get_isActiveAndEnabled () [0x00006] in <5eb0ffefd25a4604963f191f59bef3cc>:0 
  at PositionSync.ReceivePositionUpdate () [0x00008] in <b49ef5704cd64b5090e7799fcf031fb4>:0 
  at CRPCHeader.CallMethodLocally (System.Byte functionID) [0x000cf] in <b49ef5704cd64b5090e7799fcf031fb4>:0 
Failed to call remote method #11 on object 1232/#Dynamic ('<NULL>'). This should be fixed: Reason : Object reference not set to an instance of an object. 
Trace:   at UnityEngine.Bindings.ThrowHelper.ThrowNullReferenceException (System.Object obj) [0x00018] in <5eb0ffefd25a4604963f191f59bef3cc>:0 
  at UnityEngine.Behaviour.get_isActiveAndEnabled () [0x00006] in <5eb0ffefd25a4604963f191f59bef3cc>:0 
  at PositionSync.ReceivePositionUpdate () [0x00008] in <b49ef5704cd64b5090e7799fcf031fb4>:0 
  at CRPCHeader.CallMethodLocally (System.Byte functionID) [0x000cf] in <b49ef5704cd64b5090e7799fcf031fb4>:0 
Received CRPC update for Dynamic obj with ID 902 and functionID 7, but no object with that ID was registered!
Failed to call remote method #5 on object 1371/#Dynamic ('<NULL>'). This should be fixed: Reason : Object reference not set to an instance of an object. 
Trace:   at UnityEngine.Bindings.ThrowHelper.ThrowNullReferenceException (System.Object obj) [0x00018] in <5eb0ffefd25a4604963f191f59bef3cc>:0 
  at UnityEngine.Behaviour.get_isActiveAndEnabled () [0x00006] in <5eb0ffefd25a4604963f191f59bef3cc>:0 
  at PositionSync.ReceivePositionUpdate () [0x00008] in <b49ef5704cd64b5090e7799fcf031fb4>:0 
  at CRPCHeader.CallMethodLocally (System.Byte functionID) [0x000cf] in <b49ef5704cd64b5090e7799fcf031fb4>:0 
Failed to call remote method #5 on object 1562/#Dynamic ('<NULL>'). This should be fixed: Reason : Object reference not set to an instance of an object. 
Trace:   at UnityEngine.Bindings.ThrowHelper.ThrowNullReferenceException (System.Object obj) [0x00018] in <5eb0ffefd25a4604963f191f59bef3cc>:0 
  at UnityEngine.Behaviour.get_isActiveAndEnabled () [0x00006] in <5eb0ffefd25a4604963f191f59bef3cc>:0 
  at PositionSync.ReceivePositionUpdate () [0x00008] in <b49ef5704cd64b5090e7799fcf031fb4>:0 
  at CRPCHeader.CallMethodLocally (System.Byte functionID) [0x000cf] in <b49ef5704cd64b5090e7799fcf031fb4>:0 
Failed to call remote method #14 on object 1124/#Dynamic ('<NULL>'). This should be fixed: Reason : Object reference not set to an instance of an object. 
Trace:   at UnityEngine.Bindings.ThrowHelper.ThrowNullReferenceException (System.Object obj) [0x00018] in <5eb0ffefd25a4604963f191f59bef3cc>:0 
  at UnityEngine.Behaviour.get_isActiveAndEnabled () [0x00006] in <5eb0ffefd25a4604963f191f59bef3cc>:0 
  at PositionSync.ReceivePositionUpdate () [0x00008] in <b49ef5704cd64b5090e7799fcf031fb4>:0 
  at CRPCHeader.CallMethodLocally (System.Byte functionID) [0x000cf] in <b49ef5704cd64b5090e7799fcf031fb4>:0 
Received CRPC update for Dynamic obj with ID 903 and functionID 5, but no object with that ID was registered!
Failed to call remote method #14 on object 1456/#Dynamic ('<NULL>'). This should be fixed: Reason : Object reference not set to an instance of an object. 
Trace:   at UnityEngine.Bindings.ThrowHelper.ThrowNullReferenceException (System.Object obj) [0x00018] in <5eb0ffefd25a4604963f191f59bef3cc>:0 
  at UnityEngine.Behaviour.get_isActiveAndEnabled () [0x00006] in <5eb0ffefd25a4604963f191f59bef3cc>:0 
  at PositionSync.ReceivePositionUpdate () [0x00008] in <b49ef5704cd64b5090e7799fcf031fb4>:0 
  at CRPCHeader.CallMethodLocally (System.Byte functionID) [0x000cf] in <b49ef5704cd64b5090e7799fcf031fb4>:0 
Failed to call remote method #17 on object 1554/#Dynamic ('<NULL>'). This should be fixed: Reason : Object reference not set to an instance of an object. 
Trace:   at UnityEngine.Bindings.ThrowHelper.ThrowNullReferenceException (System.Object obj) [0x00018] in <5eb0ffefd25a4604963f191f59bef3cc>:0 
  at UnityEngine.Behaviour.get_isActiveAndEnabled () [0x00006] in <5eb0ffefd25a4604963f191f59bef3cc>:0 
  at PositionSync.ReceivePositionUpdate () [0x00008] in <b49ef5704cd64b5090e7799fcf031fb4>:0 
  at CRPCHeader.CallMethodLocally (System.Byte functionID) [0x000cf] in <b49ef5704cd64b5090e7799fcf031fb4>:0 
Failed to call remote method #5 on object 1559/#Dynamic ('<NULL>'). This should be fixed: Reason : Object reference not set to an instance of an object. 
Trace:   at UnityEngine.Bindings.ThrowHelper.ThrowNullReferenceException (System.Object obj) [0x00018] in <5eb0ffefd25a4604963f191f59bef3cc>:0 
  at UnityEngine.Behaviour.get_isActiveAndEnabled () [0x00006] in <5eb0ffefd25a4604963f191f59bef3cc>:0 
  at PositionSync.ReceivePositionUpdate () [0x00008] in <b49ef5704cd64b5090e7799fcf031fb4>:0 
  at CRPCHeader.CallMethodLocally (System.Byte functionID) [0x000cf] in <b49ef5704cd64b5090e7799fcf031fb4>:0 
Failed to call remote method #5 on object 1413/#Dynamic ('<NULL>'). This should be fixed: Reason : Object reference not set to an instance of an object. 
Trace:   at UnityEngine.Bindings.ThrowHelper.ThrowNullReferenceException (System.Object obj) [0x00018] in <5eb0ffefd25a4604963f191f59bef3cc>:0 
  at UnityEngine.Behaviour.get_isActiveAndEnabled () [0x00006] in <5eb0ffefd25a4604963f191f59bef3cc>:0 
  at PositionSync.ReceivePositionUpdate () [0x00008] in <b49ef5704cd64b5090e7799fcf031fb4>:0 
  at CRPCHeader.CallMethodLocally (System.Byte functionID) [0x000cf] in <b49ef5704cd64b5090e7799fcf031fb4>:0 
Failed to call remote method #11 on object 1178/#Dynamic ('<NULL>'). This should be fixed: Reason : Object reference not set to an instance of an object. 
Trace:   at UnityEngine.Bindings.ThrowHelper.ThrowNullReferenceException (System.Object obj) [0x00018] in <5eb0ffefd25a4604963f191f59bef3cc>:0 
  at UnityEngine.Behaviour.get_isActiveAndEnabled () [0x00006] in <5eb0ffefd25a4604963f191f59bef3cc>:0 
  at PositionSync.ReceivePositionUpdate () [0x00008] in <b49ef5704cd64b5090e7799fcf031fb4>:0 
  at CRPCHeader.CallMethodLocally (System.Byte functionID) [0x000cf] in <b49ef5704cd64b5090e7799fcf031fb4>:0 
Failed to call remote method #11 on object 1229/#Dynamic ('<NULL>'). This should be fixed: Reason : Object reference not set to an instance of an object. 
Trace:   at UnityEngine.Bindings.ThrowHelper.ThrowNullReferenceException (System.Object obj) [0x00018] in <5eb0ffefd25a4604963f191f59bef3cc>:0 
  at UnityEngine.Behaviour.get_isActiveAndEnabled () [0x00006] in <5eb0ffefd25a4604963f191f59bef3cc>:0 
  at PositionSync.ReceivePositionUpdate () [0x00008] in <b49ef5704cd64b5090e7799fcf031fb4>:0 
  at CRPCHeader.CallMethodLocally (System.Byte functionID) [0x000cf] in <b49ef5704cd64b5090e7799fcf031fb4>:0 
Failed to call remote method #7 on object 924/#Dynamic ('<NULL>'). This should be fixed: Reason : Object reference not set to an instance of an object. 
Trace:   at UnityEngine.Bindings.ThrowHelper.ThrowNullReferenceException (System.Object obj) [0x00018] in <5eb0ffefd25a4604963f191f59bef3cc>:0 
  at UnityEngine.Behaviour.get_isActiveAndEnabled () [0x00006] in <5eb0ffefd25a4604963f191f59bef3cc>:0 
  at PositionSync.ReceivePositionUpdate () [0x00008] in <b49ef5704cd64b5090e7799fcf031fb4>:0 
  at CRPCHeader.CallMethodLocally (System.Byte functionID) [0x000cf] in <b49ef5704cd64b5090e7799fcf031fb4>:0 
Failed to call remote method #5 on object 1386/#Dynamic ('<NULL>'). This should be fixed: Reason : Object reference not set to an instance of an object. 
Trace:   at UnityEngine.Bindings.ThrowHelper.ThrowNullReferenceException (System.Object obj) [0x00018] in <5eb0ffefd25a4604963f191f59bef3cc>:0 
  at UnityEngine.Behaviour.get_isActiveAndEnabled () [0x00006] in <5eb0ffefd25a4604963f191f59bef3cc>:0 
  at PositionSync.ReceivePositionUpdate () [0x00008] in <b49ef5704cd64b5090e7799fcf031fb4>:0 
  at CRPCHeader.CallMethodLocally (System.Byte functionID) [0x000cf] in <b49ef5704cd64b5090e7799fcf031fb4>:0 
Failed to call remote method #5 on object 1358/#Dynamic ('<NULL>'). This should be fixed: Reason : Object reference not set to an instance of an object. 
Trace:   at UnityEngine.Bindings.ThrowHelper.ThrowNullReferenceException (System.Object obj) [0x00018] in <5eb0ffefd25a4604963f191f59bef3cc>:0 
  at UnityEngine.Behaviour.get_isActiveAndEnabled () [0x00006] in <5eb0ffefd25a4604963f191f59bef3cc>:0 
  at PositionSync.ReceivePositionUpdate () [0x00008] in <b49ef5704cd64b5090e7799fcf031fb4>:0 
  at CRPCHeader.CallMethodLocally (System.Byte functionID) [0x000cf] in <b49ef5704cd64b5090e7799fcf031fb4>:0 
Failed to call remote method #5 on object 1362/#Dynamic ('<NULL>'). This should be fixed: Reason : Object reference not set to an instance of an object. 
Trace:   at UnityEngine.Bindings.ThrowHelper.ThrowNullReferenceException (System.Object obj) [0x00018] in <5eb0ffefd25a4604963f191f59bef3cc>:0 
  at UnityEngine.Behaviour.get_isActiveAndEnabled () [0x00006] in <5eb0ffefd25a4604963f191f59bef3cc>:0 
  at PositionSync.ReceivePositionUpdate () [0x00008] in <b49ef5704cd64b5090e7799fcf031fb4>:0 
  at CRPCHeader.CallMethodLocally (System.Byte functionID) [0x000cf] in <b49ef5704cd64b5090e7799fcf031fb4>:0 
Failed to call remote method #4 on object 925/#Dynamic ('<NULL>'). This should be fixed: Reason : Object reference not set to an instance of an object. 
Trace:   at UnityEngine.Bindings.ThrowHelper.ThrowNullReferenceException (System.Object obj) [0x00018] in <5eb0ffefd25a4604963f191f59bef3cc>:0 
  at UnityEngine.Behaviour.get_isActiveAndEnabled () [0x00006] in <5eb0ffefd25a4604963f191f59bef3cc>:0 
  at PositionSync.ReceivePositionUpdate () [0x00008] in <b49ef5704cd64b5090e7799fcf031fb4>:0 
  at CRPCHeader.CallMethodLocally (System.Byte functionID) [0x000cf] in <b49ef5704cd64b5090e7799fcf031fb4>:0 
Failed to call remote method #11 on object 1269/#Dynamic ('<NULL>'). This should be fixed: Reason : Object reference not set to an instance of an object. 
Trace:   at UnityEngine.Bindings.ThrowHelper.ThrowNullReferenceException (System.Object obj) [0x00018] in <5eb0ffefd25a4604963f191f59bef3cc>:0 
  at UnityEngine.Behaviour.get_isActiveAndEnabled () [0x00006] in <5eb0ffefd25a4604963f191f59bef3cc>:0 
  at PositionSync.ReceivePositionUpdate () [0x00008] in <b49ef5704cd64b5090e7799fcf031fb4>:0 
  at CRPCHeader.CallMethodLocally (System.Byte functionID) [0x000cf] in <b49ef5704cd64b5090e7799fcf031fb4>:0 
Failed to call remote method #5 on object 1360/#Dynamic ('<NULL>'). This should be fixed: Reason : Object reference not set to an instance of an object. 
Trace:   at UnityEngine.Bindings.ThrowHelper.ThrowNullReferenceException (System.Object obj) [0x00018] in <5eb0ffefd25a4604963f191f59bef3cc>:0 
  at UnityEngine.Behaviour.get_isActiveAndEnabled () [0x00006] in <5eb0ffefd25a4604963f191f59bef3cc>:0 
  at PositionSync.ReceivePositionUpdate () [0x00008] in <b49ef5704cd64b5090e7799fcf031fb4>:0 
  at CRPCHeader.CallMethodLocally (System.Byte functionID) [0x000cf] in <b49ef5704cd64b5090e7799fcf031fb4>:0 
Failed to call remote method #5 on object 1375/#Dynamic ('<NULL>'). This should be fixed: Reason : Object reference not set to an instance of an object. 
Trace:   at UnityEngine.Bindings.ThrowHelper.ThrowNullReferenceException (System.Object obj) [0x00018] in <5eb0ffefd25a4604963f191f59bef3cc>:0 
  at UnityEngine.Behaviour.get_isActiveAndEnabled () [0x00006] in <5eb0ffefd25a4604963f191f59bef3cc>:0 
  at PositionSync.ReceivePositionUpdate () [0x00008] in <b49ef5704cd64b5090e7799fcf031fb4>:0 
  at CRPCHeader.CallMethodLocally (System.Byte functionID) [0x000cf] in <b49ef5704cd64b5090e7799fcf031fb4>:0 
Failed to call remote method #5 on object 1388/#Dynamic ('<NULL>'). This should be fixed: Reason : Object reference not set to an instance of an object. 
Trace:   at UnityEngine.Bindings.ThrowHelper.ThrowNullReferenceException (System.Object obj) [0x00018] in <5eb0ffefd25a4604963f191f59bef3cc>:0 
  at UnityEngine.Behaviour.get_isActiveAndEnabled () [0x00006] in <5eb0ffefd25a4604963f191f59bef3cc>:0 
  at PositionSync.ReceivePositionUpdate () [0x00008] in <b49ef5704cd64b5090e7799fcf031fb4>:0 
  at CRPCHeader.CallMethodLocally (System.Byte functionID) [0x000cf] in <b49ef5704cd64b5090e7799fcf031fb4>:0 
Failed to call remote method #5 on object 1572/#Dynamic ('<NULL>'). This should be fixed: Reason : Object reference not set to an instance of an object. 
Trace:   at UnityEngine.Bindings.ThrowHelper.ThrowNullReferenceException (System.Object obj) [0x00018] in <5eb0ffefd25a4604963f191f59bef3cc>:0 
  at UnityEngine.Behaviour.get_isActiveAndEnabled () [0x00006] in <5eb0ffefd25a4604963f191f59bef3cc>:0 
  at PositionSync.ReceivePositionUpdate () [0x00008] in <b49ef5704cd64b5090e7799fcf031fb4>:0 
  at CRPCHeader.CallMethodLocally (System.Byte functionID) [0x000cf] in <b49ef5704cd64b5090e7799fcf031fb4>:0 
Failed to call remote method #6 on object 1350/#Dynamic ('<NULL>'). This should be fixed: Reason : Object reference not set to an instance of an object. 
Trace:   at UnityEngine.Bindings.ThrowHelper.ThrowNullReferenceException (System.Object obj) [0x00018] in <5eb0ffefd25a4604963f191f59bef3cc>:0 
  at UnityEngine.Behaviour.get_isActiveAndEnabled () [0x00006] in <5eb0ffefd25a4604963f191f59bef3cc>:0 
  at PositionSync.ReceivePositionUpdate () [0x00008] in <b49ef5704cd64b5090e7799fcf031fb4>:0 
  at CRPCHeader.CallMethodLocally (System.Byte functionID) [0x000cf] in <b49ef5704cd64b5090e7799fcf031fb4>:0 
Failed to call remote method #5 on object 1384/#Dynamic ('<NULL>'). This should be fixed: Reason : Object reference not set to an instance of an object. 
Trace:   at UnityEngine.Bindings.ThrowHelper.ThrowNullReferenceException (System.Object obj) [0x00018] in <5eb0ffefd25a4604963f191f59bef3cc>:0 
  at UnityEngine.Behaviour.get_isActiveAndEnabled () [0x00006] in <5eb0ffefd25a4604963f191f59bef3cc>:0 
  at PositionSync.ReceivePositionUpdate () [0x00008] in <b49ef5704cd64b5090e7799fcf031fb4>:0 
  at CRPCHeader.CallMethodLocally (System.Byte functionID) [0x000cf] in <b49ef5704cd64b5090e7799fcf031fb4>:0 
Failed to call remote method #6 on object 1353/#Dynamic ('<NULL>'). This should be fixed: Reason : Object reference not set to an instance of an object. 
Trace:   at UnityEngine.Bindings.ThrowHelper.ThrowNullReferenceException (System.Object obj) [0x00018] in <5eb0ffefd25a4604963f191f59bef3cc>:0 
  at UnityEngine.Behaviour.get_isActiveAndEnabled () [0x00006] in <5eb0ffefd25a4604963f191f59bef3cc>:0 
  at PositionSync.ReceivePositionUpdate () [0x00008] in <b49ef5704cd64b5090e7799fcf031fb4>:0 
  at CRPCHeader.CallMethodLocally (System.Byte functionID) [0x000cf] in <b49ef5704cd64b5090e7799fcf031fb4>:0 
Failed to call remote method #17 on object 1246/#Dynamic ('<NULL>'). This should be fixed: Reason : Object reference not set to an instance of an object. 
Trace:   at UnityEngine.Bindings.ThrowHelper.ThrowNullReferenceException (System.Object obj) [0x00018] in <5eb0ffefd25a4604963f191f59bef3cc>:0 
  at UnityEngine.Behaviour.get_isActiveAndEnabled () [0x00006] in <5eb0ffefd25a4604963f191f59bef3cc>:0 
  at PositionSync.ReceivePositionUpdate () [0x00008] in <b49ef5704cd64b5090e7799fcf031fb4>:0 
  at CRPCHeader.CallMethodLocally (System.Byte functionID) [0x000cf] in <b49ef5704cd64b5090e7799fcf031fb4>:0 
Failed to call remote method #11 on object 1248/#Dynamic ('<NULL>'). This should be fixed: Reason : Object reference not set to an instance of an object. 
Trace:   at UnityEngine.Bindings.ThrowHelper.ThrowNullReferenceException (System.Object obj) [0x00018] in <5eb0ffefd25a4604963f191f59bef3cc>:0 
  at UnityEngine.Behaviour.get_isActiveAndEnabled () [0x00006] in <5eb0ffefd25a4604963f191f59bef3cc>:0 
  at PositionSync.ReceivePositionUpdate () [0x00008] in <b49ef5704cd64b5090e7799fcf031fb4>:0 
  at CRPCHeader.CallMethodLocally (System.Byte functionID) [0x000cf] in <b49ef5704cd64b5090e7799fcf031fb4>:0 
Failed to call remote method #5 on object 1373/#Dynamic ('<NULL>'). This should be fixed: Reason : Object reference not set to an instance of an object. 
Trace:   at UnityEngine.Bindings.ThrowHelper.ThrowNullReferenceException (System.Object obj) [0x00018] in <5eb0ffefd25a4604963f191f59bef3cc>:0 
  at UnityEngine.Behaviour.get_isActiveAndEnabled () [0x00006] in <5eb0ffefd25a4604963f191f59bef3cc>:0 
  at PositionSync.ReceivePositionUpdate () [0x00008] in <b49ef5704cd64b5090e7799fcf031fb4>:0 
  at CRPCHeader.CallMethodLocally (System.Byte functionID) [0x000cf] in <b49ef5704cd64b5090e7799fcf031fb4>:0 
Failed to call remote method #17 on object 1589/#Dynamic ('<NULL>'). This should be fixed: Reason : Object reference not set to an instance of an object. 
Trace:   at UnityEngine.Bindings.ThrowHelper.ThrowNullReferenceException (System.Object obj) [0x00018] in <5eb0ffefd25a4604963f191f59bef3cc>:0 
  at UnityEngine.Behaviour.get_isActiveAndEnabled () [0x00006] in <5eb0ffefd25a4604963f191f59bef3cc>:0 
  at PositionSync.ReceivePositionUpdate () [0x00008] in <b49ef5704cd64b5090e7799fcf031fb4>:0 
  at CRPCHeader.CallMethodLocally (System.Byte functionID) [0x000cf] in <b49ef5704cd64b5090e7799fcf031fb4>:0 
Received CRPC update for Dynamic obj with ID 908 and functionID 14, but no object with that ID was registered!
Failed to call remote method #5 on object 1357/#Dynamic ('<NULL>'). This should be fixed: Reason : Object reference not set to an instance of an object. 
Trace:   at UnityEngine.Bindings.ThrowHelper.ThrowNullReferenceException (System.Object obj) [0x00018] in <5eb0ffefd25a4604963f191f59bef3cc>:0 
  at UnityEngine.Behaviour.get_isActiveAndEnabled () [0x00006] in <5eb0ffefd25a4604963f191f59bef3cc>:0 
  at PositionSync.ReceivePositionUpdate () [0x00008] in <b49ef5704cd64b5090e7799fcf031fb4>:0 
  at CRPCHeader.CallMethodLocally (System.Byte functionID) [0x000cf] in <b49ef5704cd64b5090e7799fcf031fb4>:0 
Failed to call remote method #5 on object 1579/#Dynamic ('<NULL>'). This should be fixed: Reason : Object reference not set to an instance of an object. 
Trace:   at UnityEngine.Bindings.ThrowHelper.ThrowNullReferenceException (System.Object obj) [0x00018] in <5eb0ffefd25a4604963f191f59bef3cc>:0 
  at UnityEngine.Behaviour.get_isActiveAndEnabled () [0x00006] in <5eb0ffefd25a4604963f191f59bef3cc>:0 
  at PositionSync.ReceivePositionUpdate () [0x00008] in <b49ef5704cd64b5090e7799fcf031fb4>:0 
  at CRPCHeader.CallMethodLocally (System.Byte functionID) [0x000cf] in <b49ef5704cd64b5090e7799fcf031fb4>:0 
Failed to call remote method #5 on object 1580/#Dynamic ('<NULL>'). This should be fixed: Reason : Object reference not set to an instance of an object. 
Trace:   at UnityEngine.Bindings.ThrowHelper.ThrowNullReferenceException (System.Object obj) [0x00018] in <5eb0ffefd25a4604963f191f59bef3cc>:0 
  at UnityEngine.Behaviour.get_isActiveAndEnabled () [0x00006] in <5eb0ffefd25a4604963f191f59bef3cc>:0 
  at PositionSync.ReceivePositionUpdate () [0x00008] in <b49ef5704cd64b5090e7799fcf031fb4>:0 
  at CRPCHeader.CallMethodLocally (System.Byte functionID) [0x000cf] in <b49ef5704cd64b5090e7799fcf031fb4>:0 
Failed to call remote method #5 on object 1542/#Dynamic ('<NULL>'). This should be fixed: Reason : Object reference not set to an instance of an object. 
Trace:   at UnityEngine.Bindings.ThrowHelper.ThrowNullReferenceException (System.Object obj) [0x00018] in <5eb0ffefd25a4604963f191f59bef3cc>:0 
  at UnityEngine.Behaviour.get_isActiveAndEnabled () [0x00006] in <5eb0ffefd25a4604963f191f59bef3cc>:0 
  at PositionSync.ReceivePositionUpdate () [0x00008] in <b49ef5704cd64b5090e7799fcf031fb4>:0 
  at CRPCHeader.CallMethodLocally (System.Byte functionID) [0x000cf] in <b49ef5704cd64b5090e7799fcf031fb4>:0 
Failed to call remote method #5 on object 1376/#Dynamic ('<NULL>'). This should be fixed: Reason : Object reference not set to an instance of an object. 
Trace:   at UnityEngine.Bindings.ThrowHelper.ThrowNullReferenceException (System.Object obj) [0x00018] in <5eb0ffefd25a4604963f191f59bef3cc>:0 
  at UnityEngine.Behaviour.get_isActiveAndEnabled () [0x00006] in <5eb0ffefd25a4604963f191f59bef3cc>:0 
  at PositionSync.ReceivePositionUpdate () [0x00008] in <b49ef5704cd64b5090e7799fcf031fb4>:0 
  at CRPCHeader.CallMethodLocally (System.Byte functionID) [0x000cf] in <b49ef5704cd64b5090e7799fcf031fb4>:0 
Failed to call remote method #5 on object 1553/#Dynamic ('<NULL>'). This should be fixed: Reason : Object reference not set to an instance of an object. 
Trace:   at UnityEngine.Bindings.ThrowHelper.ThrowNullReferenceException (System.Object obj) [0x00018] in <5eb0ffefd25a4604963f191f59bef3cc>:0 
  at UnityEngine.Behaviour.get_isActiveAndEnabled () [0x00006] in <5eb0ffefd25a4604963f191f59bef3cc>:0 
  at PositionSync.ReceivePositionUpdate () [0x00008] in <b49ef5704cd64b5090e7799fcf031fb4>:0 
  at CRPCHeader.CallMethodLocally (System.Byte functionID) [0x000cf] in <b49ef5704cd64b5090e7799fcf031fb4>:0 
Failed to call remote method #5 on object 1369/#Dynamic ('<NULL>'). This should be fixed: Reason : Object reference not set to an instance of an object. 
Trace:   at UnityEngine.Bindings.ThrowHelper.ThrowNullReferenceException (System.Object obj) [0x00018] in <5eb0ffefd25a4604963f191f59bef3cc>:0 
  at UnityEngine.Behaviour.get_isActiveAndEnabled () [0x00006] in <5eb0ffefd25a4604963f191f59bef3cc>:0 
  at PositionSync.ReceivePositionUpdate () [0x00008] in <b49ef5704cd64b5090e7799fcf031fb4>:0 
  at CRPCHeader.CallMethodLocally (System.Byte functionID) [0x000cf] in <b49ef5704cd64b5090e7799fcf031fb4>:0 
Failed to call remote method #0 on object 1162/#Dynamic ('<NULL>'). This should be fixed: Reason : Object reference not set to an instance of an object. 
Trace:   at UnityEngine.Bindings.ThrowHelper.ThrowNullReferenceException (System.Object obj) [0x00018] in <5eb0ffefd25a4604963f191f59bef3cc>:0 
  at UnityEngine.SpriteRenderer.set_sprite (UnityEngine.Sprite value) [0x00006] in <5eb0ffefd25a4604963f191f59bef3cc>:0 
  at Farmland.SetFrame (System.Int32 frame) [0x00037] in <b49ef5704cd64b5090e7799fcf031fb4>:0 
  at Farmland.RecvFarmlandState () [0x0000a] in <b49ef5704cd64b5090e7799fcf031fb4>:0 
  at CRPCHeader.CallMethodLocally (System.Byte functionID) [0x000cf] in <b49ef5704cd64b5090e7799fcf031fb4>:0 
Failed to call remote method #5 on object 1556/#Dynamic ('<NULL>'). This should be fixed: Reason : Object reference not set to an instance of an object. 
Trace:   at UnityEngine.Bindings.ThrowHelper.ThrowNullReferenceException (System.Object obj) [0x00018] in <5eb0ffefd25a4604963f191f59bef3cc>:0 
  at UnityEngine.Behaviour.get_isActiveAndEnabled () [0x00006] in <5eb0ffefd25a4604963f191f59bef3cc>:0 
  at PositionSync.ReceivePositionUpdate () [0x00008] in <b49ef5704cd64b5090e7799fcf031fb4>:0 
  at CRPCHeader.CallMethodLocally (System.Byte functionID) [0x000cf] in <b49ef5704cd64b5090e7799fcf031fb4>:0 
Failed to call remote method #11 on object 1222/#Dynamic ('<NULL>'). This should be fixed: Reason : Object reference not set to an instance of an object. 
Trace:   at UnityEngine.Bindings.ThrowHelper.ThrowNullReferenceException (System.Object obj) [0x00018] in <5eb0ffefd25a4604963f191f59bef3cc>:0 
  at UnityEngine.Behaviour.get_isActiveAndEnabled () [0x00006] in <5eb0ffefd25a4604963f191f59bef3cc>:0 
  at PositionSync.ReceivePositionUpdate () [0x00008] in <b49ef5704cd64b5090e7799fcf031fb4>:0 
  at CRPCHeader.CallMethodLocally (System.Byte functionID) [0x000cf] in <b49ef5704cd64b5090e7799fcf031fb4>:0 
Failed to call remote method #5 on object 1582/#Dynamic ('<NULL>'). This should be fixed: Reason : Object reference not set to an instance of an object. 
Trace:   at UnityEngine.Bindings.ThrowHelper.ThrowNullReferenceException (System.Object obj) [0x00018] in <5eb0ffefd25a4604963f191f59bef3cc>:0 
  at UnityEngine.Behaviour.get_isActiveAndEnabled () [0x00006] in <5eb0ffefd25a4604963f191f59bef3cc>:0 
  at PositionSync.ReceivePositionUpdate () [0x00008] in <b49ef5704cd64b5090e7799fcf031fb4>:0 
  at CRPCHeader.CallMethodLocally (System.Byte functionID) [0x000cf] in <b49ef5704cd64b5090e7799fcf031fb4>:0 
Received CRPC update for Dynamic obj with ID 902 and functionID 7, but no object with that ID was registered!
Failed to call remote method #5 on object 1577/#Dynamic ('<NULL>'). This should be fixed: Reason : Object reference not set to an instance of an object. 
Trace:   at UnityEngine.Bindings.ThrowHelper.ThrowNullReferenceException (System.Object obj) [0x00018] in <5eb0ffefd25a4604963f191f59bef3cc>:0 
  at UnityEngine.Behaviour.get_isActiveAndEnabled () [0x00006] in <5eb0ffefd25a4604963f191f59bef3cc>:0 
  at PositionSync.ReceivePositionUpdate () [0x00008] in <b49ef5704cd64b5090e7799fcf031fb4>:0 
  at CRPCHeader.CallMethodLocally (System.Byte functionID) [0x000cf] in <b49ef5704cd64b5090e7799fcf031fb4>:0 
Failed to call remote method #11 on object 1232/#Dynamic ('<NULL>'). This should be fixed: Reason : Object reference not set to an instance of an object. 
Trace:   at UnityEngine.Bindings.ThrowHelper.ThrowNullReferenceException (System.Object obj) [0x00018] in <5eb0ffefd25a4604963f191f59bef3cc>:0 
  at UnityEngine.Behaviour.get_isActiveAndEnabled () [0x00006] in <5eb0ffefd25a4604963f191f59bef3cc>:0 
  at PositionSync.ReceivePositionUpdate () [0x00008] in <b49ef5704cd64b5090e7799fcf031fb4>:0 
  at CRPCHeader.CallMethodLocally (System.Byte functionID) [0x000cf] in <b49ef5704cd64b5090e7799fcf031fb4>:0 
Failed to call remote method #7 on object 924/#Dynamic ('<NULL>'). This should be fixed: Reason : Object reference not set to an instance of an object. 
Trace:   at UnityEngine.Bindings.ThrowHelper.ThrowNullReferenceException (System.Object obj) [0x00018] in <5eb0ffefd25a4604963f191f59bef3cc>:0 
  at UnityEngine.Behaviour.get_isActiveAndEnabled () [0x00006] in <5eb0ffefd25a4604963f191f59bef3cc>:0 
  at PositionSync.ReceivePositionUpdate () [0x00008] in <b49ef5704cd64b5090e7799fcf031fb4>:0 
  at CRPCHeader.CallMethodLocally (System.Byte functionID) [0x000cf] in <b49ef5704cd64b5090e7799fcf031fb4>:0 
Failed to call remote method #5 on object 1543/#Dynamic ('<NULL>'). This should be fixed: Reason : Object reference not set to an instance of an object. 
Trace:   at UnityEngine.Bindings.ThrowHelper.ThrowNullReferenceException (System.Object obj) [0x00018] in <5eb0ffefd25a4604963f191f59bef3cc>:0 
  at UnityEngine.Behaviour.get_isActiveAndEnabled () [0x00006] in <5eb0ffefd25a4604963f191f59bef3cc>:0 
  at PositionSync.ReceivePositionUpdate () [0x00008] in <b49ef5704cd64b5090e7799fcf031fb4>:0 
  at CRPCHeader.CallMethodLocally (System.Byte functionID) [0x000cf] in <b49ef5704cd64b5090e7799fcf031fb4>:0 
Failed to call remote method #4 on object 925/#Dynamic ('<NULL>'). This should be fixed: Reason : Object reference not set to an instance of an object. 
Trace:   at UnityEngine.Bindings.ThrowHelper.ThrowNullReferenceException (System.Object obj) [0x00018] in <5eb0ffefd25a4604963f191f59bef3cc>:0 
  at UnityEngine.Behaviour.get_isActiveAndEnabled () [0x00006] in <5eb0ffefd25a4604963f191f59bef3cc>:0 
  at PositionSync.ReceivePositionUpdate () [0x00008] in <b49ef5704cd64b5090e7799fcf031fb4>:0 
  at CRPCHeader.CallMethodLocally (System.Byte functionID) [0x000cf] in <b49ef5704cd64b5090e7799fcf031fb4>:0 
Failed to call remote method #5 on object 1361/#Dynamic ('<NULL>'). This should be fixed: Reason : Object reference not set to an instance of an object. 
Trace:   at UnityEngine.Bindings.ThrowHelper.ThrowNullReferenceException (System.Object obj) [0x00018] in <5eb0ffefd25a4604963f191f59bef3cc>:0 
  at UnityEngine.Behaviour.get_isActiveAndEnabled () [0x00006] in <5eb0ffefd25a4604963f191f59bef3cc>:0 
  at PositionSync.ReceivePositionUpdate () [0x00008] in <b49ef5704cd64b5090e7799fcf031fb4>:0 
  at CRPCHeader.CallMethodLocally (System.Byte functionID) [0x000cf] in <b49ef5704cd64b5090e7799fcf031fb4>:0 
Failed to call remote method #11 on object 1409/#Dynamic ('<NULL>'). This should be fixed: Reason : Object reference not set to an instance of an object. 
Trace:   at UnityEngine.Bindings.ThrowHelper.ThrowNullReferenceException (System.Object obj) [0x00018] in <5eb0ffefd25a4604963f191f59bef3cc>:0 
  at UnityEngine.Behaviour.get_isActiveAndEnabled () [0x00006] in <5eb0ffefd25a4604963f191f59bef3cc>:0 
  at PositionSync.ReceivePositionUpdate () [0x00008] in <b49ef5704cd64b5090e7799fcf031fb4>:0 
  at CRPCHeader.CallMethodLocally (System.Byte functionID) [0x000cf] in <b49ef5704cd64b5090e7799fcf031fb4>:0 
Failed to call remote method #5 on object 1364/#Dynamic ('<NULL>'). This should be fixed: Reason : Object reference not set to an instance of an object. 
Trace:   at UnityEngine.Bindings.ThrowHelper.ThrowNullReferenceException (System.Object obj) [0x00018] in <5eb0ffefd25a4604963f191f59bef3cc>:0 
  at UnityEngine.Behaviour.get_isActiveAndEnabled () [0x00006] in <5eb0ffefd25a4604963f191f59bef3cc>:0 
  at PositionSync.ReceivePositionUpdate () [0x00008] in <b49ef5704cd64b5090e7799fcf031fb4>:0 
  at CRPCHeader.CallMethodLocally (System.Byte functionID) [0x000cf] in <b49ef5704cd64b5090e7799fcf031fb4>:0 
Failed to call remote method #11 on object 1178/#Dynamic ('<NULL>'). This should be fixed: Reason : Object reference not set to an instance of an object. 
Trace:   at UnityEngine.Bindings.ThrowHelper.ThrowNullReferenceException (System.Object obj) [0x00018] in <5eb0ffefd25a4604963f191f59bef3cc>:0 
  at UnityEngine.Behaviour.get_isActiveAndEnabled () [0x00006] in <5eb0ffefd25a4604963f191f59bef3cc>:0 
  at PositionSync.ReceivePositionUpdate () [0x00008] in <b49ef5704cd64b5090e7799fcf031fb4>:0 
  at CRPCHeader.CallMethodLocally (System.Byte functionID) [0x000cf] in <b49ef5704cd64b5090e7799fcf031fb4>:0 
Failed to call remote method #11 on object 1229/#Dynamic ('<NULL>'). This should be fixed: Reason : Object reference not set to an instance of an object. 
Trace:   at UnityEngine.Bindings.ThrowHelper.ThrowNullReferenceException (System.Object obj) [0x00018] in <5eb0ffefd25a4604963f191f59bef3cc>:0 
  at UnityEngine.Behaviour.get_isActiveAndEnabled () [0x00006] in <5eb0ffefd25a4604963f191f59bef3cc>:0 
  at PositionSync.ReceivePositionUpdate () [0x00008] in <b49ef5704cd64b5090e7799fcf031fb4>:0 
  at CRPCHeader.CallMethodLocally (System.Byte functionID) [0x000cf] in <b49ef5704cd64b5090e7799fcf031fb4>:0 
Failed to call remote method #14 on object 1124/#Dynamic ('<NULL>'). This should be fixed: Reason : Object reference not set to an instance of an object. 
Trace:   at UnityEngine.Bindings.ThrowHelper.ThrowNullReferenceException (System.Object obj) [0x00018] in <5eb0ffefd25a4604963f191f59bef3cc>:0 
  at UnityEngine.Behaviour.get_isActiveAndEnabled () [0x00006] in <5eb0ffefd25a4604963f191f59bef3cc>:0 
  at PositionSync.ReceivePositionUpdate () [0x00008] in <b49ef5704cd64b5090e7799fcf031fb4>:0 
  at CRPCHeader.CallMethodLocally (System.Byte functionID) [0x000cf] in <b49ef5704cd64b5090e7799fcf031fb4>:0 
Received CRPC update for Dynamic obj with ID 903 and functionID 5, but no object with that ID was registered!
Failed to call remote method #5 on object 1371/#Dynamic ('<NULL>'). This should be fixed: Reason : Object reference not set to an instance of an object. 
Trace:   at UnityEngine.Bindings.ThrowHelper.ThrowNullReferenceException (System.Object obj) [0x00018] in <5eb0ffefd25a4604963f191f59bef3cc>:0 
  at UnityEngine.Behaviour.get_isActiveAndEnabled () [0x00006] in <5eb0ffefd25a4604963f191f59bef3cc>:0 
  at PositionSync.ReceivePositionUpdate () [0x00008] in <b49ef5704cd64b5090e7799fcf031fb4>:0 
  at CRPCHeader.CallMethodLocally (System.Byte functionID) [0x000cf] in <b49ef5704cd64b5090e7799fcf031fb4>:0 
Failed to call remote method #14 on object 1456/#Dynamic ('<NULL>'). This should be fixed: Reason : Object reference not set to an instance of an object. 
Trace:   at UnityEngine.Bindings.ThrowHelper.ThrowNullReferenceException (System.Object obj) [0x00018] in <5eb0ffefd25a4604963f191f59bef3cc>:0 
  at UnityEngine.Behaviour.get_isActiveAndEnabled () [0x00006] in <5eb0ffefd25a4604963f191f59bef3cc>:0 
  at PositionSync.ReceivePositionUpdate () [0x00008] in <b49ef5704cd64b5090e7799fcf031fb4>:0 
  at CRPCHeader.CallMethodLocally (System.Byte functionID) [0x000cf] in <b49ef5704cd64b5090e7799fcf031fb4>:0 
Failed to call remote method #17 on object 1554/#Dynamic ('<NULL>'). This should be fixed: Reason : Object reference not set to an instance of an object. 
Trace:   at UnityEngine.Bindings.ThrowHelper.ThrowNullReferenceException (System.Object obj) [0x00018] in <5eb0ffefd25a4604963f191f59bef3cc>:0 
  at UnityEngine.Behaviour.get_isActiveAndEnabled () [0x00006] in <5eb0ffefd25a4604963f191f59bef3cc>:0 
  at PositionSync.ReceivePositionUpdate () [0x00008] in <b49ef5704cd64b5090e7799fcf031fb4>:0 
  at CRPCHeader.CallMethodLocally (System.Byte functionID) [0x000cf] in <b49ef5704cd64b5090e7799fcf031fb4>:0 
Received CRPC update for Dynamic obj with ID 908 and functionID 14, but no object with that ID was registered!
Failed to call remote method #5 on object 1374/#Dynamic ('<NULL>'). This should be fixed: Reason : Object reference not set to an instance of an object. 
Trace:   at UnityEngine.Bindings.ThrowHelper.ThrowNullReferenceException (System.Object obj) [0x00018] in <5eb0ffefd25a4604963f191f59bef3cc>:0 
  at UnityEngine.Behaviour.get_isActiveAndEnabled () [0x00006] in <5eb0ffefd25a4604963f191f59bef3cc>:0 
  at PositionSync.ReceivePositionUpdate () [0x00008] in <b49ef5704cd64b5090e7799fcf031fb4>:0 
  at CRPCHeader.CallMethodLocally (System.Byte functionID) [0x000cf] in <b49ef5704cd64b5090e7799fcf031fb4>:0 
Failed to call remote method #5 on object 1546/#Dynamic ('<NULL>'). This should be fixed: Reason : Object reference not set to an instance of an object. 
Trace:   at UnityEngine.Bindings.ThrowHelper.ThrowNullReferenceException (System.Object obj) [0x00018] in <5eb0ffefd25a4604963f191f59bef3cc>:0 
  at UnityEngine.Behaviour.get_isActiveAndEnabled () [0x00006] in <5eb0ffefd25a4604963f191f59bef3cc>:0 
  at PositionSync.ReceivePositionUpdate () [0x00008] in <b49ef5704cd64b5090e7799fcf031fb4>:0 
  at CRPCHeader.CallMethodLocally (System.Byte functionID) [0x000cf] in <b49ef5704cd64b5090e7799fcf031fb4>:0 
Failed to call remote method #5 on object 1362/#Dynamic ('<NULL>'). This should be fixed: Reason : Object reference not set to an instance of an object. 
Trace:   at UnityEngine.Bindings.ThrowHelper.ThrowNullReferenceException (System.Object obj) [0x00018] in <5eb0ffefd25a4604963f191f59bef3cc>:0 
  at UnityEngine.Behaviour.get_isActiveAndEnabled () [0x00006] in <5eb0ffefd25a4604963f191f59bef3cc>:0 
  at PositionSync.ReceivePositionUpdate () [0x00008] in <b49ef5704cd64b5090e7799fcf031fb4>:0 
  at CRPCHeader.CallMethodLocally (System.Byte functionID) [0x000cf] in <b49ef5704cd64b5090e7799fcf031fb4>:0 
Failed to call remote method #5 on object 1550/#Dynamic ('<NULL>'). This should be fixed: Reason : Object reference not set to an instance of an object. 
Trace:   at UnityEngine.Bindings.ThrowHelper.ThrowNullReferenceException (System.Object obj) [0x00018] in <5eb0ffefd25a4604963f191f59bef3cc>:0 
  at UnityEngine.Behaviour.get_isActiveAndEnabled () [0x00006] in <5eb0ffefd25a4604963f191f59bef3cc>:0 
  at PositionSync.ReceivePositionUpdate () [0x00008] in <b49ef5704cd64b5090e7799fcf031fb4>:0 
  at CRPCHeader.CallMethodLocally (System.Byte functionID) [0x000cf] in <b49ef5704cd64b5090e7799fcf031fb4>:0 
Failed to call remote method #11 on object 1269/#Dynamic ('<NULL>'). This should be fixed: Reason : Object reference not set to an instance of an object. 
Trace:   at UnityEngine.Bindings.ThrowHelper.ThrowNullReferenceException (System.Object obj) [0x00018] in <5eb0ffefd25a4604963f191f59bef3cc>:0 
  at UnityEngine.Behaviour.get_isActiveAndEnabled () [0x00006] in <5eb0ffefd25a4604963f191f59bef3cc>:0 
  at PositionSync.ReceivePositionUpdate () [0x00008] in <b49ef5704cd64b5090e7799fcf031fb4>:0 
  at CRPCHeader.CallMethodLocally (System.Byte functionID) [0x000cf] in <b49ef5704cd64b5090e7799fcf031fb4>:0 
Failed to call remote method #5 on object 1366/#Dynamic ('<NULL>'). This should be fixed: Reason : Object reference not set to an instance of an object. 
Trace:   at UnityEngine.Bindings.ThrowHelper.ThrowNullReferenceException (System.Object obj) [0x00018] in <5eb0ffefd25a4604963f191f59bef3cc>:0 
  at UnityEngine.Behaviour.get_isActiveAndEnabled () [0x00006] in <5eb0ffefd25a4604963f191f59bef3cc>:0 
  at PositionSync.ReceivePositionUpdate () [0x00008] in <b49ef5704cd64b5090e7799fcf031fb4>:0 
  at CRPCHeader.CallMethodLocally (System.Byte functionID) [0x000cf] in <b49ef5704cd64b5090e7799fcf031fb4>:0 
Failed to call remote method #5 on object 1559/#Dynamic ('<NULL>'). This should be fixed: Reason : Object reference not set to an instance of an object. 
Trace:   at UnityEngine.Bindings.ThrowHelper.ThrowNullReferenceException (System.Object obj) [0x00018] in <5eb0ffefd25a4604963f191f59bef3cc>:0 
  at UnityEngine.Behaviour.get_isActiveAndEnabled () [0x00006] in <5eb0ffefd25a4604963f191f59bef3cc>:0 
  at PositionSync.ReceivePositionUpdate () [0x00008] in <b49ef5704cd64b5090e7799fcf031fb4>:0 
  at CRPCHeader.CallMethodLocally (System.Byte functionID) [0x000cf] in <b49ef5704cd64b5090e7799fcf031fb4>:0 
Failed to call remote method #5 on object 1360/#Dynamic ('<NULL>'). This should be fixed: Reason : Object reference not set to an instance of an object. 
Trace:   at UnityEngine.Bindings.ThrowHelper.ThrowNullReferenceException (System.Object obj) [0x00018] in <5eb0ffefd25a4604963f191f59bef3cc>:0 
  at UnityEngine.Behaviour.get_isActiveAndEnabled () [0x00006] in <5eb0ffefd25a4604963f191f59bef3cc>:0 
  at PositionSync.ReceivePositionUpdate () [0x00008] in <b49ef5704cd64b5090e7799fcf031fb4>:0 
  at CRPCHeader.CallMethodLocally (System.Byte functionID) [0x000cf] in <b49ef5704cd64b5090e7799fcf031fb4>:0 
Failed to call remote method #5 on object 1375/#Dynamic ('<NULL>'). This should be fixed: Reason : Object reference not set to an instance of an object. 
Trace:   at UnityEngine.Bindings.ThrowHelper.ThrowNullReferenceException (System.Object obj) [0x00018] in <5eb0ffefd25a4604963f191f59bef3cc>:0 
  at UnityEngine.Behaviour.get_isActiveAndEnabled () [0x00006] in <5eb0ffefd25a4604963f191f59bef3cc>:0 
  at PositionSync.ReceivePositionUpdate () [0x00008] in <b49ef5704cd64b5090e7799fcf031fb4>:0 
  at CRPCHeader.CallMethodLocally (System.Byte functionID) [0x000cf] in <b49ef5704cd64b5090e7799fcf031fb4>:0 
Failed to call remote method #5 on object 1358/#Dynamic ('<NULL>'). This should be fixed: Reason : Object reference not set to an instance of an object. 
Trace:   at UnityEngine.Bindings.ThrowHelper.ThrowNullReferenceException (System.Object obj) [0x00018] in <5eb0ffefd25a4604963f191f59bef3cc>:0 
  at UnityEngine.Behaviour.get_isActiveAndEnabled () [0x00006] in <5eb0ffefd25a4604963f191f59bef3cc>:0 
  at PositionSync.ReceivePositionUpdate () [0x00008] in <b49ef5704cd64b5090e7799fcf031fb4>:0 
  at CRPCHeader.CallMethodLocally (System.Byte functionID) [0x000cf] in <b49ef5704cd64b5090e7799fcf031fb4>:0 
Failed to call remote method #17 on object 1246/#Dynamic ('<NULL>'). This should be fixed: Reason : Object reference not set to an instance of an object. 
Trace:   at UnityEngine.Bindings.ThrowHelper.ThrowNullReferenceException (System.Object obj) [0x00018] in <5eb0ffefd25a4604963f191f59bef3cc>:0 
  at UnityEngine.Behaviour.get_isActiveAndEnabled () [0x00006] in <5eb0ffefd25a4604963f191f59bef3cc>:0 
  at PositionSync.ReceivePositionUpdate () [0x00008] in <b49ef5704cd64b5090e7799fcf031fb4>:0 
  at CRPCHeader.CallMethodLocally (System.Byte functionID) [0x000cf] in <b49ef5704cd64b5090e7799fcf031fb4>:0 
Failed to call remote method #11 on object 1248/#Dynamic ('<NULL>'). This should be fixed: Reason : Object reference not set to an instance of an object. 
Trace:   at UnityEngine.Bindings.ThrowHelper.ThrowNullReferenceException (System.Object obj) [0x00018] in <5eb0ffefd25a4604963f191f59bef3cc>:0 
  at UnityEngine.Behaviour.get_isActiveAndEnabled () [0x00006] in <5eb0ffefd25a4604963f191f59bef3cc>:0 
  at PositionSync.ReceivePositionUpdate () [0x00008] in <b49ef5704cd64b5090e7799fcf031fb4>:0 
  at CRPCHeader.CallMethodLocally (System.Byte functionID) [0x000cf] in <b49ef5704cd64b5090e7799fcf031fb4>:0 
Failed to call remote method #5 on object 1386/#Dynamic ('<NULL>'). This should be fixed: Reason : Object reference not set to an instance of an object. 
Trace:   at UnityEngine.Bindings.ThrowHelper.ThrowNullReferenceException (System.Object obj) [0x00018] in <5eb0ffefd25a4604963f191f59bef3cc>:0 
  at UnityEngine.Behaviour.get_isActiveAndEnabled () [0x00006] in <5eb0ffefd25a4604963f191f59bef3cc>:0 
  at PositionSync.ReceivePositionUpdate () [0x00008] in <b49ef5704cd64b5090e7799fcf031fb4>:0 
  at CRPCHeader.CallMethodLocally (System.Byte functionID) [0x000cf] in <b49ef5704cd64b5090e7799fcf031fb4>:0 
Failed to call remote method #5 on object 1413/#Dynamic ('<NULL>'). This should be fixed: Reason : Object reference not set to an instance of an object. 
Trace:   at UnityEngine.Bindings.ThrowHelper.ThrowNullReferenceException (System.Object obj) [0x00018] in <5eb0ffefd25a4604963f191f59bef3cc>:0 
  at UnityEngine.Behaviour.get_isActiveAndEnabled () [0x00006] in <5eb0ffefd25a4604963f191f59bef3cc>:0 
  at PositionSync.ReceivePositionUpdate () [0x00008] in <b49ef5704cd64b5090e7799fcf031fb4>:0 
  at CRPCHeader.CallMethodLocally (System.Byte functionID) [0x000cf] in <b49ef5704cd64b5090e7799fcf031fb4>:0 
Failed to call remote method #17 on object 1589/#Dynamic ('<NULL>'). This should be fixed: Reason : Object reference not set to an instance of an object. 
Trace:   at UnityEngine.Bindings.ThrowHelper.ThrowNullReferenceException (System.Object obj) [0x00018] in <5eb0ffefd25a4604963f191f59bef3cc>:0 
  at UnityEngine.Behaviour.get_isActiveAndEnabled () [0x00006] in <5eb0ffefd25a4604963f191f59bef3cc>:0 
  at PositionSync.ReceivePositionUpdate () [0x00008] in <b49ef5704cd64b5090e7799fcf031fb4>:0 
  at CRPCHeader.CallMethodLocally (System.Byte functionID) [0x000cf] in <b49ef5704cd64b5090e7799fcf031fb4>:0 
Failed to call remote method #5 on object 1357/#Dynamic ('<NULL>'). This should be fixed: Reason : Object reference not set to an instance of an object. 
Trace:   at UnityEngine.Bindings.ThrowHelper.ThrowNullReferenceException (System.Object obj) [0x00018] in <5eb0ffefd25a4604963f191f59bef3cc>:0 
  at UnityEngine.Behaviour.get_isActiveAndEnabled () [0x00006] in <5eb0ffefd25a4604963f191f59bef3cc>:0 
  at PositionSync.ReceivePositionUpdate () [0x00008] in <b49ef5704cd64b5090e7799fcf031fb4>:0 
  at CRPCHeader.CallMethodLocally (System.Byte functionID) [0x000cf] in <b49ef5704cd64b5090e7799fcf031fb4>:0 
Failed to call remote method #5 on object 1388/#Dynamic ('<NULL>'). This should be fixed: Reason : Object reference not set to an instance of an object. 
Trace:   at UnityEngine.Bindings.ThrowHelper.ThrowNullReferenceException (System.Object obj) [0x00018] in <5eb0ffefd25a4604963f191f59bef3cc>:0 
  at UnityEngine.Behaviour.get_isActiveAndEnabled () [0x00006] in <5eb0ffefd25a4604963f191f59bef3cc>:0 
  at PositionSync.ReceivePositionUpdate () [0x00008] in <b49ef5704cd64b5090e7799fcf031fb4>:0 
  at CRPCHeader.CallMethodLocally (System.Byte functionID) [0x000cf] in <b49ef5704cd64b5090e7799fcf031fb4>:0 
Failed to call remote method #5 on object 1572/#Dynamic ('<NULL>'). This should be fixed: Reason : Object reference not set to an instance of an object. 
Trace:   at UnityEngine.Bindings.ThrowHelper.ThrowNullReferenceException (System.Object obj) [0x00018] in <5eb0ffefd25a4604963f191f59bef3cc>:0 
  at UnityEngine.Behaviour.get_isActiveAndEnabled () [0x00006] in <5eb0ffefd25a4604963f191f59bef3cc>:0 
  at PositionSync.ReceivePositionUpdate () [0x00008] in <b49ef5704cd64b5090e7799fcf031fb4>:0 
  at CRPCHeader.CallMethodLocally (System.Byte functionID) [0x000cf] in <b49ef5704cd64b5090e7799fcf031fb4>:0 
Failed to call remote method #5 on object 1580/#Dynamic ('<NULL>'). This should be fixed: Reason : Object reference not set to an instance of an object. 
Trace:   at UnityEngine.Bindings.ThrowHelper.ThrowNullReferenceException (System.Object obj) [0x00018] in <5eb0ffefd25a4604963f191f59bef3cc>:0 
  at UnityEngine.Behaviour.get_isActiveAndEnabled () [0x00006] in <5eb0ffefd25a4604963f191f59bef3cc>:0 
  at PositionSync.ReceivePositionUpdate () [0x00008] in <b49ef5704cd64b5090e7799fcf031fb4>:0 
  at CRPCHeader.CallMethodLocally (System.Byte functionID) [0x000cf] in <b49ef5704cd64b5090e7799fcf031fb4>:0 
Failed to call remote method #5 on object 1376/#Dynamic ('<NULL>'). This should be fixed: Reason : Object reference not set to an instance of an object. 
Trace:   at UnityEngine.Bindings.ThrowHelper.ThrowNullReferenceException (System.Object obj) [0x00018] in <5eb0ffefd25a4604963f191f59bef3cc>:0 
  at UnityEngine.Behaviour.get_isActiveAndEnabled () [0x00006] in <5eb0ffefd25a4604963f191f59bef3cc>:0 
  at PositionSync.ReceivePositionUpdate () [0x00008] in <b49ef5704cd64b5090e7799fcf031fb4>:0 
  at CRPCHeader.CallMethodLocally (System.Byte functionID) [0x000cf] in <b49ef5704cd64b5090e7799fcf031fb4>:0 
Failed to call remote method #5 on object 1369/#Dynamic ('<NULL>'). This should be fixed: Reason : Object reference not set to an instance of an object. 
Trace:   at UnityEngine.Bindings.ThrowHelper.ThrowNullReferenceException (System.Object obj) [0x00018] in <5eb0ffefd25a4604963f191f59bef3cc>:0 
  at UnityEngine.Behaviour.get_isActiveAndEnabled () [0x00006] in <5eb0ffefd25a4604963f191f59bef3cc>:0 
  at PositionSync.ReceivePositionUpdate () [0x00008] in <b49ef5704cd64b5090e7799fcf031fb4>:0 
  at CRPCHeader.CallMethodLocally (System.Byte functionID) [0x000cf] in <b49ef5704cd64b5090e7799fcf031fb4>:0 
Failed to call remote method #5 on object 1542/#Dynamic ('<NULL>'). This should be fixed: Reason : Object reference not set to an instance of an object. 
Trace:   at UnityEngine.Bindings.ThrowHelper.ThrowNullReferenceException (System.Object obj) [0x00018] in <5eb0ffefd25a4604963f191f59bef3cc>:0 
  at UnityEngine.Behaviour.get_isActiveAndEnabled () [0x00006] in <5eb0ffefd25a4604963f191f59bef3cc>:0 
  at PositionSync.ReceivePositionUpdate () [0x00008] in <b49ef5704cd64b5090e7799fcf031fb4>:0 
  at CRPCHeader.CallMethodLocally (System.Byte functionID) [0x000cf] in <b49ef5704cd64b5090e7799fcf031fb4>:0 
Failed to call remote method #5 on object 1556/#Dynamic ('<NULL>'). This should be fixed: Reason : Object reference not set to an instance of an object. 
Trace:   at UnityEngine.Bindings.ThrowHelper.ThrowNullReferenceException (System.Object obj) [0x00018] in <5eb0ffefd25a4604963f191f59bef3cc>:0 
  at UnityEngine.Behaviour.get_isActiveAndEnabled () [0x00006] in <5eb0ffefd25a4604963f191f59bef3cc>:0 
  at PositionSync.ReceivePositionUpdate () [0x00008] in <b49ef5704cd64b5090e7799fcf031fb4>:0 
  at CRPCHeader.CallMethodLocally (System.Byte functionID) [0x000cf] in <b49ef5704cd64b5090e7799fcf031fb4>:0 
Failed to call remote method #4 on object 925/#Dynamic ('<NULL>'). This should be fixed: Reason : Object reference not set to an instance of an object. 
Trace:   at UnityEngine.Bindings.ThrowHelper.ThrowNullReferenceException (System.Object obj) [0x00018] in <5eb0ffefd25a4604963f191f59bef3cc>:0 
  at UnityEngine.Behaviour.get_isActiveAndEnabled () [0x00006] in <5eb0ffefd25a4604963f191f59bef3cc>:0 
  at PositionSync.ReceivePositionUpdate () [0x00008] in <b49ef5704cd64b5090e7799fcf031fb4>:0 
  at CRPCHeader.CallMethodLocally (System.Byte functionID) [0x000cf] in <b49ef5704cd64b5090e7799fcf031fb4>:0 
Received CRPC update for Dynamic obj with ID 902 and functionID 7, but no object with that ID was registered!
Failed to call remote method #7 on object 924/#Dynamic ('<NULL>'). This should be fixed: Reason : Object reference not set to an instance of an object. 
Trace:   at UnityEngine.Bindings.ThrowHelper.ThrowNullReferenceException (System.Object obj) [0x00018] in <5eb0ffefd25a4604963f191f59bef3cc>:0 
  at UnityEngine.Behaviour.get_isActiveAndEnabled () [0x00006] in <5eb0ffefd25a4604963f191f59bef3cc>:0 
  at PositionSync.ReceivePositionUpdate () [0x00008] in <b49ef5704cd64b5090e7799fcf031fb4>:0 
  at CRPCHeader.CallMethodLocally (System.Byte functionID) [0x000cf] in <b49ef5704cd64b5090e7799fcf031fb4>:0 
Failed to call remote method #6 on object 1350/#Dynamic ('<NULL>'). This should be fixed: Reason : Object reference not set to an instance of an object. 
Trace:   at UnityEngine.Bindings.ThrowHelper.ThrowNullReferenceException (System.Object obj) [0x00018] in <5eb0ffefd25a4604963f191f59bef3cc>:0 
  at UnityEngine.Behaviour.get_isActiveAndEnabled () [0x00006] in <5eb0ffefd25a4604963f191f59bef3cc>:0 
  at PositionSync.ReceivePositionUpdate () [0x00008] in <b49ef5704cd64b5090e7799fcf031fb4>:0 
  at CRPCHeader.CallMethodLocally (System.Byte functionID) [0x000cf] in <b49ef5704cd64b5090e7799fcf031fb4>:0 
Failed to call remote method #5 on object 1553/#Dynamic ('<NULL>'). This should be fixed: Reason : Object reference not set to an instance of an object. 
Trace:   at UnityEngine.Bindings.ThrowHelper.ThrowNullReferenceException (System.Object obj) [0x00018] in <5eb0ffefd25a4604963f191f59bef3cc>:0 
  at UnityEngine.Behaviour.get_isActiveAndEnabled () [0x00006] in <5eb0ffefd25a4604963f191f59bef3cc>:0 
  at PositionSync.ReceivePositionUpdate () [0x00008] in <b49ef5704cd64b5090e7799fcf031fb4>:0 
  at CRPCHeader.CallMethodLocally (System.Byte functionID) [0x000cf] in <b49ef5704cd64b5090e7799fcf031fb4>:0 
Failed to call remote method #5 on object 1373/#Dynamic ('<NULL>'). This should be fixed: Reason : Object reference not set to an instance of an object. 
Trace:   at UnityEngine.Bindings.ThrowHelper.ThrowNullReferenceException (System.Object obj) [0x00018] in <5eb0ffefd25a4604963f191f59bef3cc>:0 
  at UnityEngine.Behaviour.get_isActiveAndEnabled () [0x00006] in <5eb0ffefd25a4604963f191f59bef3cc>:0 
  at PositionSync.ReceivePositionUpdate () [0x00008] in <b49ef5704cd64b5090e7799fcf031fb4>:0 
  at CRPCHeader.CallMethodLocally (System.Byte functionID) [0x000cf] in <b49ef5704cd64b5090e7799fcf031fb4>:0 
Failed to call remote method #6 on object 1353/#Dynamic ('<NULL>'). This should be fixed: Reason : Object reference not set to an instance of an object. 
Trace:   at UnityEngine.Bindings.ThrowHelper.ThrowNullReferenceException (System.Object obj) [0x00018] in <5eb0ffefd25a4604963f191f59bef3cc>:0 
  at UnityEngine.Behaviour.get_isActiveAndEnabled () [0x00006] in <5eb0ffefd25a4604963f191f59bef3cc>:0 
  at PositionSync.ReceivePositionUpdate () [0x00008] in <b49ef5704cd64b5090e7799fcf031fb4>:0 
  at CRPCHeader.CallMethodLocally (System.Byte functionID) [0x000cf] in <b49ef5704cd64b5090e7799fcf031fb4>:0 
Failed to call remote method #5 on object 1582/#Dynamic ('<NULL>'). This should be fixed: Reason : Object reference not set to an instance of an object. 
Trace:   at UnityEngine.Bindings.ThrowHelper.ThrowNullReferenceException (System.Object obj) [0x00018] in <5eb0ffefd25a4604963f191f59bef3cc>:0 
  at UnityEngine.Behaviour.get_isActiveAndEnabled () [0x00006] in <5eb0ffefd25a4604963f191f59bef3cc>:0 
  at PositionSync.ReceivePositionUpdate () [0x00008] in <b49ef5704cd64b5090e7799fcf031fb4>:0 
  at CRPCHeader.CallMethodLocally (System.Byte functionID) [0x000cf] in <b49ef5704cd64b5090e7799fcf031fb4>:0 
Failed to call remote method #11 on object 1232/#Dynamic ('<NULL>'). This should be fixed: Reason : Object reference not set to an instance of an object. 
Trace:   at UnityEngine.Bindings.ThrowHelper.ThrowNullReferenceException (System.Object obj) [0x00018] in <5eb0ffefd25a4604963f191f59bef3cc>:0 
  at UnityEngine.Behaviour.get_isActiveAndEnabled () [0x00006] in <5eb0ffefd25a4604963f191f59bef3cc>:0 
  at PositionSync.ReceivePositionUpdate () [0x00008] in <b49ef5704cd64b5090e7799fcf031fb4>:0 
  at CRPCHeader.CallMethodLocally (System.Byte functionID) [0x000cf] in <b49ef5704cd64b5090e7799fcf031fb4>:0 
Failed to call remote method #5 on object 1389/#Dynamic ('<NULL>'). This should be fixed: Reason : Object reference not set to an instance of an object. 
Trace:   at UnityEngine.Bindings.ThrowHelper.ThrowNullReferenceException (System.Object obj) [0x00018] in <5eb0ffefd25a4604963f191f59bef3cc>:0 
  at UnityEngine.Behaviour.get_isActiveAndEnabled () [0x00006] in <5eb0ffefd25a4604963f191f59bef3cc>:0 
  at PositionSync.ReceivePositionUpdate () [0x00008] in <b49ef5704cd64b5090e7799fcf031fb4>:0 
  at CRPCHeader.CallMethodLocally (System.Byte functionID) [0x000cf] in <b49ef5704cd64b5090e7799fcf031fb4>:0 
Failed to call remote method #5 on object 1579/#Dynamic ('<NULL>'). This should be fixed: Reason : Object reference not set to an instance of an object. 
Trace:   at UnityEngine.Bindings.ThrowHelper.ThrowNullReferenceException (System.Object obj) [0x00018] in <5eb0ffefd25a4604963f191f59bef3cc>:0 
  at UnityEngine.Behaviour.get_isActiveAndEnabled () [0x00006] in <5eb0ffefd25a4604963f191f59bef3cc>:0 
  at PositionSync.ReceivePositionUpdate () [0x00008] in <b49ef5704cd64b5090e7799fcf031fb4>:0 
  at CRPCHeader.CallMethodLocally (System.Byte functionID) [0x000cf] in <b49ef5704cd64b5090e7799fcf031fb4>:0 
Received CRPC update for Dynamic obj with ID 908 and functionID 14, but no object with that ID was registered!
Failed to call remote method #5 on object 1543/#Dynamic ('<NULL>'). This should be fixed: Reason : Object reference not set to an instance of an object. 
Trace:   at UnityEngine.Bindings.ThrowHelper.ThrowNullReferenceException (System.Object obj) [0x00018] in <5eb0ffefd25a4604963f191f59bef3cc>:0 
  at UnityEngine.Behaviour.get_isActiveAndEnabled () [0x00006] in <5eb0ffefd25a4604963f191f59bef3cc>:0 
  at PositionSync.ReceivePositionUpdate () [0x00008] in <b49ef5704cd64b5090e7799fcf031fb4>:0 
  at CRPCHeader.CallMethodLocally (System.Byte functionID) [0x000cf] in <b49ef5704cd64b5090e7799fcf031fb4>:0 
Failed to call remote method #11 on object 1178/#Dynamic ('<NULL>'). This should be fixed: Reason : Object reference not set to an instance of an object. 
Trace:   at UnityEngine.Bindings.ThrowHelper.ThrowNullReferenceException (System.Object obj) [0x00018] in <5eb0ffefd25a4604963f191f59bef3cc>:0 
  at UnityEngine.Behaviour.get_isActiveAndEnabled () [0x00006] in <5eb0ffefd25a4604963f191f59bef3cc>:0 
  at PositionSync.ReceivePositionUpdate () [0x00008] in <b49ef5704cd64b5090e7799fcf031fb4>:0 
  at CRPCHeader.CallMethodLocally (System.Byte functionID) [0x000cf] in <b49ef5704cd64b5090e7799fcf031fb4>:0 
Failed to call remote method #5 on object 1577/#Dynamic ('<NULL>'). This should be fixed: Reason : Object reference not set to an instance of an object. 
Trace:   at UnityEngine.Bindings.ThrowHelper.ThrowNullReferenceException (System.Object obj) [0x00018] in <5eb0ffefd25a4604963f191f59bef3cc>:0 
  at UnityEngine.Behaviour.get_isActiveAndEnabled () [0x00006] in <5eb0ffefd25a4604963f191f59bef3cc>:0 
  at PositionSync.ReceivePositionUpdate () [0x00008] in <b49ef5704cd64b5090e7799fcf031fb4>:0 
  at CRPCHeader.CallMethodLocally (System.Byte functionID) [0x000cf] in <b49ef5704cd64b5090e7799fcf031fb4>:0 
Failed to call remote method #11 on object 1229/#Dynamic ('<NULL>'). This should be fixed: Reason : Object reference not set to an instance of an object. 
Trace:   at UnityEngine.Bindings.ThrowHelper.ThrowNullReferenceException (System.Object obj) [0x00018] in <5eb0ffefd25a4604963f191f59bef3cc>:0 
  at UnityEngine.Behaviour.get_isActiveAndEnabled () [0x00006] in <5eb0ffefd25a4604963f191f59bef3cc>:0 
  at PositionSync.ReceivePositionUpdate () [0x00008] in <b49ef5704cd64b5090e7799fcf031fb4>:0 
  at CRPCHeader.CallMethodLocally (System.Byte functionID) [0x000cf] in <b49ef5704cd64b5090e7799fcf031fb4>:0 
Failed to call remote method #14 on object 1124/#Dynamic ('<NULL>'). This should be fixed: Reason : Object reference not set to an instance of an object. 
Trace:   at UnityEngine.Bindings.ThrowHelper.ThrowNullReferenceException (System.Object obj) [0x00018] in <5eb0ffefd25a4604963f191f59bef3cc>:0 
  at UnityEngine.Behaviour.get_isActiveAndEnabled () [0x00006] in <5eb0ffefd25a4604963f191f59bef3cc>:0 
  at PositionSync.ReceivePositionUpdate () [0x00008] in <b49ef5704cd64b5090e7799fcf031fb4>:0 
  at CRPCHeader.CallMethodLocally (System.Byte functionID) [0x000cf] in <b49ef5704cd64b5090e7799fcf031fb4>:0 
Received CRPC update for Dynamic obj with ID 903 and functionID 5, but no object with that ID was registered!
Failed to call remote method #14 on object 1456/#Dynamic ('<NULL>'). This should be fixed: Reason : Object reference not set to an instance of an object. 
Trace:   at UnityEngine.Bindings.ThrowHelper.ThrowNullReferenceException (System.Object obj) [0x00018] in <5eb0ffefd25a4604963f191f59bef3cc>:0 
  at UnityEngine.Behaviour.get_isActiveAndEnabled () [0x00006] in <5eb0ffefd25a4604963f191f59bef3cc>:0 
  at PositionSync.ReceivePositionUpdate () [0x00008] in <b49ef5704cd64b5090e7799fcf031fb4>:0 
  at CRPCHeader.CallMethodLocally (System.Byte functionID) [0x000cf] in <b49ef5704cd64b5090e7799fcf031fb4>:0 
Failed to call remote method #17 on object 1554/#Dynamic ('<NULL>'). This should be fixed: Reason : Object reference not set to an instance of an object. 
Trace:   at UnityEngine.Bindings.ThrowHelper.ThrowNullReferenceException (System.Object obj) [0x00018] in <5eb0ffefd25a4604963f191f59bef3cc>:0 
  at UnityEngine.Behaviour.get_isActiveAndEnabled () [0x00006] in <5eb0ffefd25a4604963f191f59bef3cc>:0 
  at PositionSync.ReceivePositionUpdate () [0x00008] in <b49ef5704cd64b5090e7799fcf031fb4>:0 
  at CRPCHeader.CallMethodLocally (System.Byte functionID) [0x000cf] in <b49ef5704cd64b5090e7799fcf031fb4>:0 
Failed to call remote method #5 on object 1361/#Dynamic ('<NULL>'). This should be fixed: Reason : Object reference not set to an instance of an object. 
Trace:   at UnityEngine.Bindings.ThrowHelper.ThrowNullReferenceException (System.Object obj) [0x00018] in <5eb0ffefd25a4604963f191f59bef3cc>:0 
  at UnityEngine.Behaviour.get_isActiveAndEnabled () [0x00006] in <5eb0ffefd25a4604963f191f59bef3cc>:0 
  at PositionSync.ReceivePositionUpdate () [0x00008] in <b49ef5704cd64b5090e7799fcf031fb4>:0 
  at CRPCHeader.CallMethodLocally (System.Byte functionID) [0x000cf] in <b49ef5704cd64b5090e7799fcf031fb4>:0 
Failed to call remote method #5 on object 1371/#Dynamic ('<NULL>'). This should be fixed: Reason : Object reference not set to an instance of an object. 
Trace:   at UnityEngine.Bindings.ThrowHelper.ThrowNullReferenceException (System.Object obj) [0x00018] in <5eb0ffefd25a4604963f191f59bef3cc>:0 
  at UnityEngine.Behaviour.get_isActiveAndEnabled () [0x00006] in <5eb0ffefd25a4604963f191f59bef3cc>:0 
  at PositionSync.ReceivePositionUpdate () [0x00008] in <b49ef5704cd64b5090e7799fcf031fb4>:0 
  at CRPCHeader.CallMethodLocally (System.Byte functionID) [0x000cf] in <b49ef5704cd64b5090e7799fcf031fb4>:0 
Failed to call remote method #11 on object 1222/#Dynamic ('<NULL>'). This should be fixed: Reason : Object reference not set to an instance of an object. 
Trace:   at UnityEngine.Bindings.ThrowHelper.ThrowNullReferenceException (System.Object obj) [0x00018] in <5eb0ffefd25a4604963f191f59bef3cc>:0 
  at UnityEngine.Behaviour.get_isActiveAndEnabled () [0x00006] in <5eb0ffefd25a4604963f191f59bef3cc>:0 
  at PositionSync.ReceivePositionUpdate () [0x00008] in <b49ef5704cd64b5090e7799fcf031fb4>:0 
  at CRPCHeader.CallMethodLocally (System.Byte functionID) [0x000cf] in <b49ef5704cd64b5090e7799fcf031fb4>:0 
Failed to call remote method #5 on object 1384/#Dynamic ('<NULL>'). This should be fixed: Reason : Object reference not set to an instance of an object. 
Trace:   at UnityEngine.Bindings.ThrowHelper.ThrowNullReferenceException (System.Object obj) [0x00018] in <5eb0ffefd25a4604963f191f59bef3cc>:0 
  at UnityEngine.Behaviour.get_isActiveAndEnabled () [0x00006] in <5eb0ffefd25a4604963f191f59bef3cc>:0 
  at PositionSync.ReceivePositionUpdate () [0x00008] in <b49ef5704cd64b5090e7799fcf031fb4>:0 
  at CRPCHeader.CallMethodLocally (System.Byte functionID) [0x000cf] in <b49ef5704cd64b5090e7799fcf031fb4>:0 
Failed to call remote method #5 on object 1362/#Dynamic ('<NULL>'). This should be fixed: Reason : Object reference not set to an instance of an object. 
Trace:   at UnityEngine.Bindings.ThrowHelper.ThrowNullReferenceException (System.Object obj) [0x00018] in <5eb0ffefd25a4604963f191f59bef3cc>:0 
  at UnityEngine.Behaviour.get_isActiveAndEnabled () [0x00006] in <5eb0ffefd25a4604963f191f59bef3cc>:0 
  at PositionSync.ReceivePositionUpdate () [0x00008] in <b49ef5704cd64b5090e7799fcf031fb4>:0 
  at CRPCHeader.CallMethodLocally (System.Byte functionID) [0x000cf] in <b49ef5704cd64b5090e7799fcf031fb4>:0 
Failed to call remote method #11 on object 1409/#Dynamic ('<NULL>'). This should be fixed: Reason : Object reference not set to an instance of an object. 
Trace:   at UnityEngine.Bindings.ThrowHelper.ThrowNullReferenceException (System.Object obj) [0x00018] in <5eb0ffefd25a4604963f191f59bef3cc>:0 
  at UnityEngine.Behaviour.get_isActiveAndEnabled () [0x00006] in <5eb0ffefd25a4604963f191f59bef3cc>:0 
  at PositionSync.ReceivePositionUpdate () [0x00008] in <b49ef5704cd64b5090e7799fcf031fb4>:0 
  at CRPCHeader.CallMethodLocally (System.Byte functionID) [0x000cf] in <b49ef5704cd64b5090e7799fcf031fb4>:0 
Failed to call remote method #11 on object 1269/#Dynamic ('<NULL>'). This should be fixed: Reason : Object reference not set to an instance of an object. 
Trace:   at UnityEngine.Bindings.ThrowHelper.ThrowNullReferenceException (System.Object obj) [0x00018] in <5eb0ffefd25a4604963f191f59bef3cc>:0 
  at UnityEngine.Behaviour.get_isActiveAndEnabled () [0x00006] in <5eb0ffefd25a4604963f191f59bef3cc>:0 
  at PositionSync.ReceivePositionUpdate () [0x00008] in <b49ef5704cd64b5090e7799fcf031fb4>:0 
  at CRPCHeader.CallMethodLocally (System.Byte functionID) [0x000cf] in <b49ef5704cd64b5090e7799fcf031fb4>:0 
Failed to call remote method #5 on object 1360/#Dynamic ('<NULL>'). This should be fixed: Reason : Object reference not set to an instance of an object. 
Trace:   at UnityEngine.Bindings.ThrowHelper.ThrowNullReferenceException (System.Object obj) [0x00018] in <5eb0ffefd25a4604963f191f59bef3cc>:0 
  at UnityEngine.Behaviour.get_isActiveAndEnabled () [0x00006] in <5eb0ffefd25a4604963f191f59bef3cc>:0 
  at PositionSync.ReceivePositionUpdate () [0x00008] in <b49ef5704cd64b5090e7799fcf031fb4>:0 
  at CRPCHeader.CallMethodLocally (System.Byte functionID) [0x000cf] in <b49ef5704cd64b5090e7799fcf031fb4>:0 
Failed to call remote method #5 on object 1548/#Dynamic ('<NULL>'). This should be fixed: Reason : Object reference not set to an instance of an object. 
Trace:   at UnityEngine.Bindings.ThrowHelper.ThrowNullReferenceException (System.Object obj) [0x00018] in <5eb0ffefd25a4604963f191f59bef3cc>:0 
  at UnityEngine.Behaviour.get_isActiveAndEnabled () [0x00006] in <5eb0ffefd25a4604963f191f59bef3cc>:0 
  at PositionSync.ReceivePositionUpdate () [0x00008] in <b49ef5704cd64b5090e7799fcf031fb4>:0 
  at CRPCHeader.CallMethodLocally (System.Byte functionID) [0x000cf] in <b49ef5704cd64b5090e7799fcf031fb4>:0 
Failed to call remote method #4 on object 925/#Dynamic ('<NULL>'). This should be fixed: Reason : Object reference not set to an instance of an object. 
Trace:   at UnityEngine.Bindings.ThrowHelper.ThrowNullReferenceException (System.Object obj) [0x00018] in <5eb0ffefd25a4604963f191f59bef3cc>:0 
  at UnityEngine.Behaviour.get_isActiveAndEnabled () [0x00006] in <5eb0ffefd25a4604963f191f59bef3cc>:0 
  at PositionSync.ReceivePositionUpdate () [0x00008] in <b49ef5704cd64b5090e7799fcf031fb4>:0 
  at CRPCHeader.CallMethodLocally (System.Byte functionID) [0x000cf] in <b49ef5704cd64b5090e7799fcf031fb4>:0 
Failed to call remote method #5 on object 1375/#Dynamic ('<NULL>'). This should be fixed: Reason : Object reference not set to an instance of an object. 
Trace:   at UnityEngine.Bindings.ThrowHelper.ThrowNullReferenceException (System.Object obj) [0x00018] in <5eb0ffefd25a4604963f191f59bef3cc>:0 
  at UnityEngine.Behaviour.get_isActiveAndEnabled () [0x00006] in <5eb0ffefd25a4604963f191f59bef3cc>:0 
  at PositionSync.ReceivePositionUpdate () [0x00008] in <b49ef5704cd64b5090e7799fcf031fb4>:0 
  at CRPCHeader.CallMethodLocally (System.Byte functionID) [0x000cf] in <b49ef5704cd64b5090e7799fcf031fb4>:0 
Failed to call remote method #17 on object 1246/#Dynamic ('<NULL>'). This should be fixed: Reason : Object reference not set to an instance of an object. 
Trace:   at UnityEngine.Bindings.ThrowHelper.ThrowNullReferenceException (System.Object obj) [0x00018] in <5eb0ffefd25a4604963f191f59bef3cc>:0 
  at UnityEngine.Behaviour.get_isActiveAndEnabled () [0x00006] in <5eb0ffefd25a4604963f191f59bef3cc>:0 
  at PositionSync.ReceivePositionUpdate () [0x00008] in <b49ef5704cd64b5090e7799fcf031fb4>:0 
  at CRPCHeader.CallMethodLocally (System.Byte functionID) [0x000cf] in <b49ef5704cd64b5090e7799fcf031fb4>:0 
Failed to call remote method #11 on object 1248/#Dynamic ('<NULL>'). This should be fixed: Reason : Object reference not set to an instance of an object. 
Trace:   at UnityEngine.Bindings.ThrowHelper.ThrowNullReferenceException (System.Object obj) [0x00018] in <5eb0ffefd25a4604963f191f59bef3cc>:0 
  at UnityEngine.Behaviour.get_isActiveAndEnabled () [0x00006] in <5eb0ffefd25a4604963f191f59bef3cc>:0 
  at PositionSync.ReceivePositionUpdate () [0x00008] in <b49ef5704cd64b5090e7799fcf031fb4>:0 
  at CRPCHeader.CallMethodLocally (System.Byte functionID) [0x000cf] in <b49ef5704cd64b5090e7799fcf031fb4>:0 
Failed to call remote method #7 on object 924/#Dynamic ('<NULL>'). This should be fixed: Reason : Object reference not set to an instance of an object. 
Trace:   at UnityEngine.Bindings.ThrowHelper.ThrowNullReferenceException (System.Object obj) [0x00018] in <5eb0ffefd25a4604963f191f59bef3cc>:0 
  at UnityEngine.Behaviour.get_isActiveAndEnabled () [0x00006] in <5eb0ffefd25a4604963f191f59bef3cc>:0 
  at PositionSync.ReceivePositionUpdate () [0x00008] in <b49ef5704cd64b5090e7799fcf031fb4>:0 
  at CRPCHeader.CallMethodLocally (System.Byte functionID) [0x000cf] in <b49ef5704cd64b5090e7799fcf031fb4>:0 
Failed to call remote method #5 on object 1364/#Dynamic ('<NULL>'). This should be fixed: Reason : Object reference not set to an instance of an object. 
Trace:   at UnityEngine.Bindings.ThrowHelper.ThrowNullReferenceException (System.Object obj) [0x00018] in <5eb0ffefd25a4604963f191f59bef3cc>:0 
  at UnityEngine.Behaviour.get_isActiveAndEnabled () [0x00006] in <5eb0ffefd25a4604963f191f59bef3cc>:0 
  at PositionSync.ReceivePositionUpdate () [0x00008] in <b49ef5704cd64b5090e7799fcf031fb4>:0 
  at CRPCHeader.CallMethodLocally (System.Byte functionID) [0x000cf] in <b49ef5704cd64b5090e7799fcf031fb4>:0 
Failed to call remote method #5 on object 1374/#Dynamic ('<NULL>'). This should be fixed: Reason : Object reference not set to an instance of an object. 
Trace:   at UnityEngine.Bindings.ThrowHelper.ThrowNullReferenceException (System.Object obj) [0x00018] in <5eb0ffefd25a4604963f191f59bef3cc>:0 
  at UnityEngine.Behaviour.get_isActiveAndEnabled () [0x00006] in <5eb0ffefd25a4604963f191f59bef3cc>:0 
  at PositionSync.ReceivePositionUpdate () [0x00008] in <b49ef5704cd64b5090e7799fcf031fb4>:0 
  at CRPCHeader.CallMethodLocally (System.Byte functionID) [0x000cf] in <b49ef5704cd64b5090e7799fcf031fb4>:0 
Failed to call remote method #5 on object 1546/#Dynamic ('<NULL>'). This should be fixed: Reason : Object reference not set to an instance of an object. 
Trace:   at UnityEngine.Bindings.ThrowHelper.ThrowNullReferenceException (System.Object obj) [0x00018] in <5eb0ffefd25a4604963f191f59bef3cc>:0 
  at UnityEngine.Behaviour.get_isActiveAndEnabled () [0x00006] in <5eb0ffefd25a4604963f191f59bef3cc>:0 
  at PositionSync.ReceivePositionUpdate () [0x00008] in <b49ef5704cd64b5090e7799fcf031fb4>:0 
  at CRPCHeader.CallMethodLocally (System.Byte functionID) [0x000cf] in <b49ef5704cd64b5090e7799fcf031fb4>:0 
Failed to call remote method #17 on object 1589/#Dynamic ('<NULL>'). This should be fixed: Reason : Object reference not set to an instance of an object. 
Trace:   at UnityEngine.Bindings.ThrowHelper.ThrowNullReferenceException (System.Object obj) [0x00018] in <5eb0ffefd25a4604963f191f59bef3cc>:0 
  at UnityEngine.Behaviour.get_isActiveAndEnabled () [0x00006] in <5eb0ffefd25a4604963f191f59bef3cc>:0 
  at PositionSync.ReceivePositionUpdate () [0x00008] in <b49ef5704cd64b5090e7799fcf031fb4>:0 
  at CRPCHeader.CallMethodLocally (System.Byte functionID) [0x000cf] in <b49ef5704cd64b5090e7799fcf031fb4>:0 
Failed to call remote method #5 on object 1358/#Dynamic ('<NULL>'). This should be fixed: Reason : Object reference not set to an instance of an object. 
Trace:   at UnityEngine.Bindings.ThrowHelper.ThrowNullReferenceException (System.Object obj) [0x00018] in <5eb0ffefd25a4604963f191f59bef3cc>:0 
  at UnityEngine.Behaviour.get_isActiveAndEnabled () [0x00006] in <5eb0ffefd25a4604963f191f59bef3cc>:0 
  at PositionSync.ReceivePositionUpdate () [0x00008] in <b49ef5704cd64b5090e7799fcf031fb4>:0 
  at CRPCHeader.CallMethodLocally (System.Byte functionID) [0x000cf] in <b49ef5704cd64b5090e7799fcf031fb4>:0 
Failed to call remote method #5 on object 1550/#Dynamic ('<NULL>'). This should be fixed: Reason : Object reference not set to an instance of an object. 
Trace:   at UnityEngine.Bindings.ThrowHelper.ThrowNullReferenceException (System.Object obj) [0x00018] in <5eb0ffefd25a4604963f191f59bef3cc>:0 
  at UnityEngine.Behaviour.get_isActiveAndEnabled () [0x00006] in <5eb0ffefd25a4604963f191f59bef3cc>:0 
  at PositionSync.ReceivePositionUpdate () [0x00008] in <b49ef5704cd64b5090e7799fcf031fb4>:0 
  at CRPCHeader.CallMethodLocally (System.Byte functionID) [0x000cf] in <b49ef5704cd64b5090e7799fcf031fb4>:0 
Failed to call remote method #5 on object 1559/#Dynamic ('<NULL>'). This should be fixed: Reason : Object reference not set to an instance of an object. 
Trace:   at UnityEngine.Bindings.ThrowHelper.ThrowNullReferenceException (System.Object obj) [0x00018] in <5eb0ffefd25a4604963f191f59bef3cc>:0 
  at UnityEngine.Behaviour.get_isActiveAndEnabled () [0x00006] in <5eb0ffefd25a4604963f191f59bef3cc>:0 
  at PositionSync.ReceivePositionUpdate () [0x00008] in <b49ef5704cd64b5090e7799fcf031fb4>:0 
  at CRPCHeader.CallMethodLocally (System.Byte functionID) [0x000cf] in <b49ef5704cd64b5090e7799fcf031fb4>:0 
Received CRPC update for Dynamic obj with ID 902 and functionID 7, but no object with that ID was registered!
Failed to call remote method #2 on object 1000/#SemiStatic ('<NULL>'). This should be fixed: Reason : Object reference not set to an instance of an object. 
Trace:   at UnityEngine.Bindings.ThrowHelper.ThrowNullReferenceException (System.Object obj) [0x00018] in <5eb0ffefd25a4604963f191f59bef3cc>:0 
  at UnityEngine.Animator.SetFloatID (System.Int32 id, System.Single value) [0x00006] in <05de2c0e854d4e60bfd6ad0aed87cccc>:0 
  at UnityEngine.Animator.SetFloat (System.Int32 id, System.Single value) [0x00001] in <05de2c0e854d4e60bfd6ad0aed87cccc>:0 
  at CaveEnemySpawner.OnDamageUpdate () [0x0001a] in <b49ef5704cd64b5090e7799fcf031fb4>:0 
  at Damageable.RecvHP () [0x00032] in <b49ef5704cd64b5090e7799fcf031fb4>:0 
  at CRPCHeader.CallMethodLocally (System.Byte functionID) [0x000cf] in <b49ef5704cd64b5090e7799fcf031fb4>:0 
Failed to call remote method #2 on object 1001/#SemiStatic ('<NULL>'). This should be fixed: Reason : Object reference not set to an instance of an object. 
Trace:   at UnityEngine.Bindings.ThrowHelper.ThrowNullReferenceException (System.Object obj) [0x00018] in <5eb0ffefd25a4604963f191f59bef3cc>:0 
  at UnityEngine.Animator.SetFloatID (System.Int32 id, System.Single value) [0x00006] in <05de2c0e854d4e60bfd6ad0aed87cccc>:0 
  at UnityEngine.Animator.SetFloat (System.Int32 id, System.Single value) [0x00001] in <05de2c0e854d4e60bfd6ad0aed87cccc>:0 
  at CaveEnemySpawner.OnDamageUpdate () [0x0001a] in <b49ef5704cd64b5090e7799fcf031fb4>:0 
  at Damageable.RecvHP () [0x00032] in <b49ef5704cd64b5090e7799fcf031fb4>:0 
  at CRPCHeader.CallMethodLocally (System.Byte functionID) [0x000cf] in <b49ef5704cd64b5090e7799fcf031fb4>:0 
Failed to call remote method #0 on object 1021/#Dynamic ('<NULL>'). This should be fixed: Reason : Object reference not set to an instance of an object. 
Trace:   at UnityEngine.Bindings.ThrowHelper.ThrowNullReferenceException (System.Object obj) [0x00018] in <5eb0ffefd25a4604963f191f59bef3cc>:0 
  at UnityEngine.Component.get_transform () [0x00006] in <5eb0ffefd25a4604963f191f59bef3cc>:0 
  at Grass.RecvGrassState () [0x00000] in <b49ef5704cd64b5090e7799fcf031fb4>:0 
  at CRPCHeader.CallMethodLocally (System.Byte functionID) [0x000cf] in <b49ef5704cd64b5090e7799fcf031fb4>:0 
Failed to call remote method #0 on object 1024/#Dynamic ('<NULL>'). This should be fixed: Reason : Object reference not set to an instance of an object. 
Trace:   at UnityEngine.Bindings.ThrowHelper.ThrowNullReferenceException (System.Object obj) [0x00018] in <5eb0ffefd25a4604963f191f59bef3cc>:0 
  at UnityEngine.Component.get_transform () [0x00006] in <5eb0ffefd25a4604963f191f59bef3cc>:0 
  at Grass.RecvGrassState () [0x00000] in <b49ef5704cd64b5090e7799fcf031fb4>:0 
  at CRPCHeader.CallMethodLocally (System.Byte functionID) [0x000cf] in <b49ef5704cd64b5090e7799fcf031fb4>:0 
Failed to call remote method #0 on object 1463/#Dynamic ('<NULL>'). This should be fixed: Reason : Object reference not set to an instance of an object. 
Trace:   at UnityEngine.Bindings.ThrowHelper.ThrowNullReferenceException (System.Object obj) [0x00018] in <5eb0ffefd25a4604963f191f59bef3cc>:0 
  at UnityEngine.Component.get_transform () [0x00006] in <5eb0ffefd25a4604963f191f59bef3cc>:0 
  at Grass.RecvGrassState () [0x00000] in <b49ef5704cd64b5090e7799fcf031fb4>:0 
  at CRPCHeader.CallMethodLocally (System.Byte functionID) [0x000cf] in <b49ef5704cd64b5090e7799fcf031fb4>:0 
Failed to call remote method #0 on object 1495/#Dynamic ('<NULL>'). This should be fixed: Reason : Object reference not set to an instance of an object. 
Trace:   at UnityEngine.Bindings.ThrowHelper.ThrowNullReferenceException (System.Object obj) [0x00018] in <5eb0ffefd25a4604963f191f59bef3cc>:0 
  at UnityEngine.Component.get_transform () [0x00006] in <5eb0ffefd25a4604963f191f59bef3cc>:0 
  at Grass.RecvGrassState () [0x00000] in <b49ef5704cd64b5090e7799fcf031fb4>:0 
  at CRPCHeader.CallMethodLocally (System.Byte functionID) [0x000cf] in <b49ef5704cd64b5090e7799fcf031fb4>:0 
Failed to call remote method #0 on object 1552/#Dynamic ('<NULL>'). This should be fixed: Reason : Object reference not set to an instance of an object. 
Trace:   at UnityEngine.Bindings.ThrowHelper.ThrowNullReferenceException (System.Object obj) [0x00018] in <5eb0ffefd25a4604963f191f59bef3cc>:0 
  at UnityEngine.Component.get_transform () [0x00006] in <5eb0ffefd25a4604963f191f59bef3cc>:0 
  at Grass.RecvGrassState () [0x00000] in <b49ef5704cd64b5090e7799fcf031fb4>:0 
  at CRPCHeader.CallMethodLocally (System.Byte functionID) [0x000cf] in <b49ef5704cd64b5090e7799fcf031fb4>:0 
Failed to call remote method #0 on object 1505/#Dynamic ('<NULL>'). This should be fixed: Reason : Object reference not set to an instance of an object. 
Trace:   at UnityEngine.Bindings.ThrowHelper.ThrowNullReferenceException (System.Object obj) [0x00018] in <5eb0ffefd25a4604963f191f59bef3cc>:0 
  at UnityEngine.Component.get_transform () [0x00006] in <5eb0ffefd25a4604963f191f59bef3cc>:0 
  at Grass.RecvGrassState () [0x00000] in <b49ef5704cd64b5090e7799fcf031fb4>:0 
  at CRPCHeader.CallMethodLocally (System.Byte functionID) [0x000cf] in <b49ef5704cd64b5090e7799fcf031fb4>:0 
Failed to call remote method #0 on object 1029/#Dynamic ('<NULL>'). This should be fixed: Reason : Object reference not set to an instance of an object. 
Trace:   at UnityEngine.Bindings.ThrowHelper.ThrowNullReferenceException (System.Object obj) [0x00018] in <5eb0ffefd25a4604963f191f59bef3cc>:0 
  at UnityEngine.Component.get_transform () [0x00006] in <5eb0ffefd25a4604963f191f59bef3cc>:0 
  at Grass.RecvGrassState () [0x00000] in <b49ef5704cd64b5090e7799fcf031fb4>:0 
  at CRPCHeader.CallMethodLocally (System.Byte functionID) [0x000cf] in <b49ef5704cd64b5090e7799fcf031fb4>:0 
Failed to call remote method #0 on object 1038/#Dynamic ('<NULL>'). This should be fixed: Reason : Object reference not set to an instance of an object. 
Trace:   at UnityEngine.Bindings.ThrowHelper.ThrowNullReferenceException (System.Object obj) [0x00018] in <5eb0ffefd25a4604963f191f59bef3cc>:0 
  at UnityEngine.Component.get_transform () [0x00006] in <5eb0ffefd25a4604963f191f59bef3cc>:0 
  at Grass.RecvGrassState () [0x00000] in <b49ef5704cd64b5090e7799fcf031fb4>:0 
  at CRPCHeader.CallMethodLocally (System.Byte functionID) [0x000cf] in <b49ef5704cd64b5090e7799fcf031fb4>:0 
Failed to call remote method #0 on object 1093/#Dynamic ('<NULL>'). This should be fixed: Reason : Object reference not set to an instance of an object. 
Trace:   at UnityEngine.Bindings.ThrowHelper.ThrowNullReferenceException (System.Object obj) [0x00018] in <5eb0ffefd25a4604963f191f59bef3cc>:0 
  at UnityEngine.Component.get_transform () [0x00006] in <5eb0ffefd25a4604963f191f59bef3cc>:0 
  at Grass.RecvGrassState () [0x00000] in <b49ef5704cd64b5090e7799fcf031fb4>:0 
  at CRPCHeader.CallMethodLocally (System.Byte functionID) [0x000cf] in <b49ef5704cd64b5090e7799fcf031fb4>:0 
Failed to call remote method #0 on object 1094/#Dynamic ('<NULL>'). This should be fixed: Reason : Object reference not set to an instance of an object. 
Trace:   at UnityEngine.Bindings.ThrowHelper.ThrowNullReferenceException (System.Object obj) [0x00018] in <5eb0ffefd25a4604963f191f59bef3cc>:0 
  at UnityEngine.Component.get_transform () [0x00006] in <5eb0ffefd25a4604963f191f59bef3cc>:0 
  at Grass.RecvGrassState () [0x00000] in <b49ef5704cd64b5090e7799fcf031fb4>:0 
  at CRPCHeader.CallMethodLocally (System.Byte functionID) [0x000cf] in <b49ef5704cd64b5090e7799fcf031fb4>:0 
Failed to call remote method #0 on object 1449/#Dynamic ('<NULL>'). This should be fixed: Reason : Object reference not set to an instance of an object. 
Trace:   at UnityEngine.Bindings.ThrowHelper.ThrowNullReferenceException (System.Object obj) [0x00018] in <5eb0ffefd25a4604963f191f59bef3cc>:0 
  at UnityEngine.Component.get_transform () [0x00006] in <5eb0ffefd25a4604963f191f59bef3cc>:0 
  at Grass.RecvGrassState () [0x00000] in <b49ef5704cd64b5090e7799fcf031fb4>:0 
  at CRPCHeader.CallMethodLocally (System.Byte functionID) [0x000cf] in <b49ef5704cd64b5090e7799fcf031fb4>:0 
Failed to call remote method #0 on object 1121/#Dynamic ('<NULL>'). This should be fixed: Reason : Object reference not set to an instance of an object. 
Trace:   at UnityEngine.Bindings.ThrowHelper.ThrowNullReferenceException (System.Object obj) [0x00018] in <5eb0ffefd25a4604963f191f59bef3cc>:0 
  at UnityEngine.Component.get_transform () [0x00006] in <5eb0ffefd25a4604963f191f59bef3cc>:0 
  at Grass.RecvGrassState () [0x00000] in <b49ef5704cd64b5090e7799fcf031fb4>:0 
  at CRPCHeader.CallMethodLocally (System.Byte functionID) [0x000cf] in <b49ef5704cd64b5090e7799fcf031fb4>:0 
Failed to call remote method #0 on object 1114/#Dynamic ('<NULL>'). This should be fixed: Reason : Object reference not set to an instance of an object. 
Trace:   at UnityEngine.Bindings.ThrowHelper.ThrowNullReferenceException (System.Object obj) [0x00018] in <5eb0ffefd25a4604963f191f59bef3cc>:0 
  at UnityEngine.Component.get_transform () [0x00006] in <5eb0ffefd25a4604963f191f59bef3cc>:0 
  at Grass.RecvGrassState () [0x00000] in <b49ef5704cd64b5090e7799fcf031fb4>:0 
  at CRPCHeader.CallMethodLocally (System.Byte functionID) [0x000cf] in <b49ef5704cd64b5090e7799fcf031fb4>:0 
Failed to call remote method #0 on object 1247/#Dynamic ('<NULL>'). This should be fixed: Reason : Object reference not set to an instance of an object. 
Trace:   at UnityEngine.Bindings.ThrowHelper.ThrowNullReferenceException (System.Object obj) [0x00018] in <5eb0ffefd25a4604963f191f59bef3cc>:0 
  at UnityEngine.Component.get_transform () [0x00006] in <5eb0ffefd25a4604963f191f59bef3cc>:0 
  at Grass.RecvGrassState () [0x00000] in <b49ef5704cd64b5090e7799fcf031fb4>:0 
  at CRPCHeader.CallMethodLocally (System.Byte functionID) [0x000cf] in <b49ef5704cd64b5090e7799fcf031fb4>:0 
Failed to call remote method #0 on object 1242/#Dynamic ('<NULL>'). This should be fixed: Reason : Object reference not set to an instance of an object. 
Trace:   at UnityEngine.Bindings.ThrowHelper.ThrowNullReferenceException (System.Object obj) [0x00018] in <5eb0ffefd25a4604963f191f59bef3cc>:0 
  at UnityEngine.Component.get_transform () [0x00006] in <5eb0ffefd25a4604963f191f59bef3cc>:0 
  at Grass.RecvGrassState () [0x00000] in <b49ef5704cd64b5090e7799fcf031fb4>:0 
  at CRPCHeader.CallMethodLocally (System.Byte functionID) [0x000cf] in <b49ef5704cd64b5090e7799fcf031fb4>:0 
Failed to call remote method #0 on object 1060/#Dynamic ('<NULL>'). This should be fixed: Reason : Object reference not set to an instance of an object. 
Trace:   at UnityEngine.Bindings.ThrowHelper.ThrowNullReferenceException (System.Object obj) [0x00018] in <5eb0ffefd25a4604963f191f59bef3cc>:0 
  at UnityEngine.Component.get_transform () [0x00006] in <5eb0ffefd25a4604963f191f59bef3cc>:0 
  at Grass.RecvGrassState () [0x00000] in <b49ef5704cd64b5090e7799fcf031fb4>:0 
  at CRPCHeader.CallMethodLocally (System.Byte functionID) [0x000cf] in <b49ef5704cd64b5090e7799fcf031fb4>:0 
Failed to call remote method #0 on object 1073/#Dynamic ('<NULL>'). This should be fixed: Reason : Object reference not set to an instance of an object. 
Trace:   at UnityEngine.Bindings.ThrowHelper.ThrowNullReferenceException (System.Object obj) [0x00018] in <5eb0ffefd25a4604963f191f59bef3cc>:0 
  at UnityEngine.Component.get_transform () [0x00006] in <5eb0ffefd25a4604963f191f59bef3cc>:0 
  at Grass.RecvGrassState () [0x00000] in <b49ef5704cd64b5090e7799fcf031fb4>:0 
  at CRPCHeader.CallMethodLocally (System.Byte functionID) [0x000cf] in <b49ef5704cd64b5090e7799fcf031fb4>:0 
Failed to call remote method #0 on object 1213/#Dynamic ('<NULL>'). This should be fixed: Reason : Object reference not set to an instance of an object. 
Trace:   at UnityEngine.Bindings.ThrowHelper.ThrowNullReferenceException (System.Object obj) [0x00018] in <5eb0ffefd25a4604963f191f59bef3cc>:0 
  at UnityEngine.Component.get_transform () [0x00006] in <5eb0ffefd25a4604963f191f59bef3cc>:0 
  at Grass.RecvGrassState () [0x00000] in <b49ef5704cd64b5090e7799fcf031fb4>:0 
  at CRPCHeader.CallMethodLocally (System.Byte functionID) [0x000cf] in <b49ef5704cd64b5090e7799fcf031fb4>:0 
Failed to call remote method #0 on object 1188/#Dynamic ('<NULL>'). This should be fixed: Reason : Object reference not set to an instance of an object. 
Trace:   at UnityEngine.Bindings.ThrowHelper.ThrowNullReferenceException (System.Object obj) [0x00018] in <5eb0ffefd25a4604963f191f59bef3cc>:0 
  at UnityEngine.Component.get_transform () [0x00006] in <5eb0ffefd25a4604963f191f59bef3cc>:0 
  at Grass.RecvGrassState () [0x00000] in <b49ef5704cd64b5090e7799fcf031fb4>:0 
  at CRPCHeader.CallMethodLocally (System.Byte functionID) [0x000cf] in <b49ef5704cd64b5090e7799fcf031fb4>:0 
Failed to call remote method #0 on object 1085/#Dynamic ('<NULL>'). This should be fixed: Reason : Object reference not set to an instance of an object. 
Trace:   at UnityEngine.Bindings.ThrowHelper.ThrowNullReferenceException (System.Object obj) [0x00018] in <5eb0ffefd25a4604963f191f59bef3cc>:0 
  at UnityEngine.Component.get_transform () [0x00006] in <5eb0ffefd25a4604963f191f59bef3cc>:0 
  at Grass.RecvGrassState () [0x00000] in <b49ef5704cd64b5090e7799fcf031fb4>:0 
  at CRPCHeader.CallMethodLocally (System.Byte functionID) [0x000cf] in <b49ef5704cd64b5090e7799fcf031fb4>:0 
Failed to call remote method #0 on object 1022/#Dynamic ('<NULL>'). This should be fixed: Reason : Object reference not set to an instance of an object. 
Trace:   at UnityEngine.Bindings.ThrowHelper.ThrowNullReferenceException (System.Object obj) [0x00018] in <5eb0ffefd25a4604963f191f59bef3cc>:0 
  at UnityEngine.Component.get_transform () [0x00006] in <5eb0ffefd25a4604963f191f59bef3cc>:0 
  at Grass.RecvGrassState () [0x00000] in <b49ef5704cd64b5090e7799fcf031fb4>:0 
  at CRPCHeader.CallMethodLocally (System.Byte functionID) [0x000cf] in <b49ef5704cd64b5090e7799fcf031fb4>:0 
Failed to call remote method #0 on object 1025/#Dynamic ('<NULL>'). This should be fixed: Reason : Object reference not set to an instance of an object. 
Trace:   at UnityEngine.Bindings.ThrowHelper.ThrowNullReferenceException (System.Object obj) [0x00018] in <5eb0ffefd25a4604963f191f59bef3cc>:0 
  at UnityEngine.Component.get_transform () [0x00006] in <5eb0ffefd25a4604963f191f59bef3cc>:0 
  at Grass.RecvGrassState () [0x00000] in <b49ef5704cd64b5090e7799fcf031fb4>:0 
  at CRPCHeader.CallMethodLocally (System.Byte functionID) [0x000cf] in <b49ef5704cd64b5090e7799fcf031fb4>:0 
Failed to call remote method #0 on object 1026/#Dynamic ('<NULL>'). This should be fixed: Reason : Object reference not set to an instance of an object. 
Trace:   at UnityEngine.Bindings.ThrowHelper.ThrowNullReferenceException (System.Object obj) [0x00018] in <5eb0ffefd25a4604963f191f59bef3cc>:0 
  at UnityEngine.Component.get_transform () [0x00006] in <5eb0ffefd25a4604963f191f59bef3cc>:0 
  at Grass.RecvGrassState () [0x00000] in <b49ef5704cd64b5090e7799fcf031fb4>:0 
  at CRPCHeader.CallMethodLocally (System.Byte functionID) [0x000cf] in <b49ef5704cd64b5090e7799fcf031fb4>:0 
Failed to call remote method #0 on object 1027/#Dynamic ('<NULL>'). This should be fixed: Reason : Object reference not set to an instance of an object. 
Trace:   at UnityEngine.Bindings.ThrowHelper.ThrowNullReferenceException (System.Object obj) [0x00018] in <5eb0ffefd25a4604963f191f59bef3cc>:0 
  at UnityEngine.Component.get_transform () [0x00006] in <5eb0ffefd25a4604963f191f59bef3cc>:0 
  at Grass.RecvGrassState () [0x00000] in <b49ef5704cd64b5090e7799fcf031fb4>:0 
  at CRPCHeader.CallMethodLocally (System.Byte functionID) [0x000cf] in <b49ef5704cd64b5090e7799fcf031fb4>:0 
Failed to call remote method #0 on object 1028/#Dynamic ('<NULL>'). This should be fixed: Reason : Object reference not set to an instance of an object. 
Trace:   at UnityEngine.Bindings.ThrowHelper.ThrowNullReferenceException (System.Object obj) [0x00018] in <5eb0ffefd25a4604963f191f59bef3cc>:0 
  at UnityEngine.Component.get_transform () [0x00006] in <5eb0ffefd25a4604963f191f59bef3cc>:0 
  at Grass.RecvGrassState () [0x00000] in <b49ef5704cd64b5090e7799fcf031fb4>:0 
  at CRPCHeader.CallMethodLocally (System.Byte functionID) [0x000cf] in <b49ef5704cd64b5090e7799fcf031fb4>:0 
Failed to call remote method #0 on object 1136/#Dynamic ('<NULL>'). This should be fixed: Reason : Object reference not set to an instance of an object. 
Trace:   at UnityEngine.Bindings.ThrowHelper.ThrowNullReferenceException (System.Object obj) [0x00018] in <5eb0ffefd25a4604963f191f59bef3cc>:0 
  at UnityEngine.Component.get_transform () [0x00006] in <5eb0ffefd25a4604963f191f59bef3cc>:0 
  at Grass.RecvGrassState () [0x00000] in <b49ef5704cd64b5090e7799fcf031fb4>:0 
  at CRPCHeader.CallMethodLocally (System.Byte functionID) [0x000cf] in <b49ef5704cd64b5090e7799fcf031fb4>:0 
Failed to call remote method #0 on object 1030/#Dynamic ('<NULL>'). This should be fixed: Reason : Object reference not set to an instance of an object. 
Trace:   at UnityEngine.Bindings.ThrowHelper.ThrowNullReferenceException (System.Object obj) [0x00018] in <5eb0ffefd25a4604963f191f59bef3cc>:0 
  at UnityEngine.Component.get_transform () [0x00006] in <5eb0ffefd25a4604963f191f59bef3cc>:0 
  at Grass.RecvGrassState () [0x00000] in <b49ef5704cd64b5090e7799fcf031fb4>:0 
  at CRPCHeader.CallMethodLocally (System.Byte functionID) [0x000cf] in <b49ef5704cd64b5090e7799fcf031fb4>:0 
Failed to call remote method #0 on object 1031/#Dynamic ('<NULL>'). This should be fixed: Reason : Object reference not set to an instance of an object. 
Trace:   at UnityEngine.Bindings.ThrowHelper.ThrowNullReferenceException (System.Object obj) [0x00018] in <5eb0ffefd25a4604963f191f59bef3cc>:0 
  at UnityEngine.Component.get_transform () [0x00006] in <5eb0ffefd25a4604963f191f59bef3cc>:0 
  at Grass.RecvGrassState () [0x00000] in <b49ef5704cd64b5090e7799fcf031fb4>:0 
  at CRPCHeader.CallMethodLocally (System.Byte functionID) [0x000cf] in <b49ef5704cd64b5090e7799fcf031fb4>:0 
Failed to call remote method #0 on object 1032/#Dynamic ('<NULL>'). This should be fixed: Reason : Object reference not set to an instance of an object. 
Trace:   at UnityEngine.Bindings.ThrowHelper.ThrowNullReferenceException (System.Object obj) [0x00018] in <5eb0ffefd25a4604963f191f59bef3cc>:0 
  at UnityEngine.Component.get_transform () [0x00006] in <5eb0ffefd25a4604963f191f59bef3cc>:0 
  at Grass.RecvGrassState () [0x00000] in <b49ef5704cd64b5090e7799fcf031fb4>:0 
  at CRPCHeader.CallMethodLocally (System.Byte functionID) [0x000cf] in <b49ef5704cd64b5090e7799fcf031fb4>:0 
Failed to call remote method #0 on object 1033/#Dynamic ('<NULL>'). This should be fixed: Reason : Object reference not set to an instance of an object. 
Trace:   at UnityEngine.Bindings.ThrowHelper.ThrowNullReferenceException (System.Object obj) [0x00018] in <5eb0ffefd25a4604963f191f59bef3cc>:0 
  at UnityEngine.Component.get_transform () [0x00006] in <5eb0ffefd25a4604963f191f59bef3cc>:0 
  at Grass.RecvGrassState () [0x00000] in <b49ef5704cd64b5090e7799fcf031fb4>:0 
  at CRPCHeader.CallMethodLocally (System.Byte functionID) [0x000cf] in <b49ef5704cd64b5090e7799fcf031fb4>:0 
Failed to call remote method #0 on object 1034/#Dynamic ('<NULL>'). This should be fixed: Reason : Object reference not set to an instance of an object. 
Trace:   at UnityEngine.Bindings.ThrowHelper.ThrowNullReferenceException (System.Object obj) [0x00018] in <5eb0ffefd25a4604963f191f59bef3cc>:0 
  at UnityEngine.Component.get_transform () [0x00006] in <5eb0ffefd25a4604963f191f59bef3cc>:0 
  at Grass.RecvGrassState () [0x00000] in <b49ef5704cd64b5090e7799fcf031fb4>:0 
  at CRPCHeader.CallMethodLocally (System.Byte functionID) [0x000cf] in <b49ef5704cd64b5090e7799fcf031fb4>:0 
Failed to call remote method #0 on object 1035/#Dynamic ('<NULL>'). This should be fixed: Reason : Object reference not set to an instance of an object. 
Trace:   at UnityEngine.Bindings.ThrowHelper.ThrowNullReferenceException (System.Object obj) [0x00018] in <5eb0ffefd25a4604963f191f59bef3cc>:0 
  at UnityEngine.Component.get_transform () [0x00006] in <5eb0ffefd25a4604963f191f59bef3cc>:0 
  at Grass.RecvGrassState () [0x00000] in <b49ef5704cd64b5090e7799fcf031fb4>:0 
  at CRPCHeader.CallMethodLocally (System.Byte functionID) [0x000cf] in <b49ef5704cd64b5090e7799fcf031fb4>:0 
Failed to call remote method #0 on object 1036/#Dynamic ('<NULL>'). This should be fixed: Reason : Object reference not set to an instance of an object. 
Trace:   at UnityEngine.Bindings.ThrowHelper.ThrowNullReferenceException (System.Object obj) [0x00018] in <5eb0ffefd25a4604963f191f59bef3cc>:0 
  at UnityEngine.Component.get_transform () [0x00006] in <5eb0ffefd25a4604963f191f59bef3cc>:0 
  at Grass.RecvGrassState () [0x00000] in <b49ef5704cd64b5090e7799fcf031fb4>:0 
  at CRPCHeader.CallMethodLocally (System.Byte functionID) [0x000cf] in <b49ef5704cd64b5090e7799fcf031fb4>:0 
Failed to call remote method #0 on object 1037/#Dynamic ('<NULL>'). This should be fixed: Reason : Object reference not set to an instance of an object. 
Trace:   at UnityEngine.Bindings.ThrowHelper.ThrowNullReferenceException (System.Object obj) [0x00018] in <5eb0ffefd25a4604963f191f59bef3cc>:0 
  at UnityEngine.Component.get_transform () [0x00006] in <5eb0ffefd25a4604963f191f59bef3cc>:0 
  at Grass.RecvGrassState () [0x00000] in <b49ef5704cd64b5090e7799fcf031fb4>:0 
  at CRPCHeader.CallMethodLocally (System.Byte functionID) [0x000cf] in <b49ef5704cd64b5090e7799fcf031fb4>:0 
Failed to call remote method #0 on object 1470/#Dynamic ('<NULL>'). This should be fixed: Reason : Object reference not set to an instance of an object. 
Trace:   at UnityEngine.Bindings.ThrowHelper.ThrowNullReferenceException (System.Object obj) [0x00018] in <5eb0ffefd25a4604963f191f59bef3cc>:0 
  at UnityEngine.Component.get_transform () [0x00006] in <5eb0ffefd25a4604963f191f59bef3cc>:0 
  at Grass.RecvGrassState () [0x00000] in <b49ef5704cd64b5090e7799fcf031fb4>:0 
  at CRPCHeader.CallMethodLocally (System.Byte functionID) [0x000cf] in <b49ef5704cd64b5090e7799fcf031fb4>:0 
Failed to call remote method #0 on object 1039/#Dynamic ('<NULL>'). This should be fixed: Reason : Object reference not set to an instance of an object. 
Trace:   at UnityEngine.Bindings.ThrowHelper.ThrowNullReferenceException (System.Object obj) [0x00018] in <5eb0ffefd25a4604963f191f59bef3cc>:0 
  at UnityEngine.Component.get_transform () [0x00006] in <5eb0ffefd25a4604963f191f59bef3cc>:0 
  at Grass.RecvGrassState () [0x00000] in <b49ef5704cd64b5090e7799fcf031fb4>:0 
  at CRPCHeader.CallMethodLocally (System.Byte functionID) [0x000cf] in <b49ef5704cd64b5090e7799fcf031fb4>:0 
Failed to call remote method #0 on object 1040/#Dynamic ('<NULL>'). This should be fixed: Reason : Object reference not set to an instance of an object. 
Trace:   at UnityEngine.Bindings.ThrowHelper.ThrowNullReferenceException (System.Object obj) [0x00018] in <5eb0ffefd25a4604963f191f59bef3cc>:0 
  at UnityEngine.Component.get_transform () [0x00006] in <5eb0ffefd25a4604963f191f59bef3cc>:0 
  at Grass.RecvGrassState () [0x00000] in <b49ef5704cd64b5090e7799fcf031fb4>:0 
  at CRPCHeader.CallMethodLocally (System.Byte functionID) [0x000cf] in <b49ef5704cd64b5090e7799fcf031fb4>:0 
Failed to call remote method #0 on object 1041/#Dynamic ('<NULL>'). This should be fixed: Reason : Object reference not set to an instance of an object. 
Trace:   at UnityEngine.Bindings.ThrowHelper.ThrowNullReferenceException (System.Object obj) [0x00018] in <5eb0ffefd25a4604963f191f59bef3cc>:0 
  at UnityEngine.Component.get_transform () [0x00006] in <5eb0ffefd25a4604963f191f59bef3cc>:0 
  at Grass.RecvGrassState () [0x00000] in <b49ef5704cd64b5090e7799fcf031fb4>:0 
  at CRPCHeader.CallMethodLocally (System.Byte functionID) [0x000cf] in <b49ef5704cd64b5090e7799fcf031fb4>:0 
Failed to call remote method #0 on object 1042/#Dynamic ('<NULL>'). This should be fixed: Reason : Object reference not set to an instance of an object. 
Trace:   at UnityEngine.Bindings.ThrowHelper.ThrowNullReferenceException (System.Object obj) [0x00018] in <5eb0ffefd25a4604963f191f59bef3cc>:0 
  at UnityEngine.Component.get_transform () [0x00006] in <5eb0ffefd25a4604963f191f59bef3cc>:0 
  at Grass.RecvGrassState () [0x00000] in <b49ef5704cd64b5090e7799fcf031fb4>:0 
  at CRPCHeader.CallMethodLocally (System.Byte functionID) [0x000cf] in <b49ef5704cd64b5090e7799fcf031fb4>:0 
Failed to call remote method #0 on object 1043/#Dynamic ('<NULL>'). This should be fixed: Reason : Object reference not set to an instance of an object. 
Trace:   at UnityEngine.Bindings.ThrowHelper.ThrowNullReferenceException (System.Object obj) [0x00018] in <5eb0ffefd25a4604963f191f59bef3cc>:0 
  at UnityEngine.Component.get_transform () [0x00006] in <5eb0ffefd25a4604963f191f59bef3cc>:0 
  at Grass.RecvGrassState () [0x00000] in <b49ef5704cd64b5090e7799fcf031fb4>:0 
  at CRPCHeader.CallMethodLocally (System.Byte functionID) [0x000cf] in <b49ef5704cd64b5090e7799fcf031fb4>:0 
Failed to call remote method #0 on object 1044/#Dynamic ('<NULL>'). This should be fixed: Reason : Object reference not set to an instance of an object. 
Trace:   at UnityEngine.Bindings.ThrowHelper.ThrowNullReferenceException (System.Object obj) [0x00018] in <5eb0ffefd25a4604963f191f59bef3cc>:0 
  at UnityEngine.Component.get_transform () [0x00006] in <5eb0ffefd25a4604963f191f59bef3cc>:0 
  at Grass.RecvGrassState () [0x00000] in <b49ef5704cd64b5090e7799fcf031fb4>:0 
  at CRPCHeader.CallMethodLocally (System.Byte functionID) [0x000cf] in <b49ef5704cd64b5090e7799fcf031fb4>:0 
Failed to call remote method #0 on object 1045/#Dynamic ('<NULL>'). This should be fixed: Reason : Object reference not set to an instance of an object. 
Trace:   at UnityEngine.Bindings.ThrowHelper.ThrowNullReferenceException (System.Object obj) [0x00018] in <5eb0ffefd25a4604963f191f59bef3cc>:0 
  at UnityEngine.Component.get_transform () [0x00006] in <5eb0ffefd25a4604963f191f59bef3cc>:0 
  at Grass.RecvGrassState () [0x00000] in <b49ef5704cd64b5090e7799fcf031fb4>:0 
  at CRPCHeader.CallMethodLocally (System.Byte functionID) [0x000cf] in <b49ef5704cd64b5090e7799fcf031fb4>:0 
Failed to call remote method #0 on object 1477/#Dynamic ('<NULL>'). This should be fixed: Reason : Object reference not set to an instance of an object. 
Trace:   at UnityEngine.Bindings.ThrowHelper.ThrowNullReferenceException (System.Object obj) [0x00018] in <5eb0ffefd25a4604963f191f59bef3cc>:0 
  at UnityEngine.Component.get_transform () [0x00006] in <5eb0ffefd25a4604963f191f59bef3cc>:0 
  at Grass.RecvGrassState () [0x00000] in <b49ef5704cd64b5090e7799fcf031fb4>:0 
  at CRPCHeader.CallMethodLocally (System.Byte functionID) [0x000cf] in <b49ef5704cd64b5090e7799fcf031fb4>:0 
Failed to call remote method #0 on object 1047/#Dynamic ('<NULL>'). This should be fixed: Reason : Object reference not set to an instance of an object. 
Trace:   at UnityEngine.Bindings.ThrowHelper.ThrowNullReferenceException (System.Object obj) [0x00018] in <5eb0ffefd25a4604963f191f59bef3cc>:0 
  at UnityEngine.Component.get_transform () [0x00006] in <5eb0ffefd25a4604963f191f59bef3cc>:0 
  at Grass.RecvGrassState () [0x00000] in <b49ef5704cd64b5090e7799fcf031fb4>:0 
  at CRPCHeader.CallMethodLocally (System.Byte functionID) [0x000cf] in <b49ef5704cd64b5090e7799fcf031fb4>:0 
Failed to call remote method #0 on object 1050/#Dynamic ('<NULL>'). This should be fixed: Reason : Object reference not set to an instance of an object. 
Trace:   at UnityEngine.Bindings.ThrowHelper.ThrowNullReferenceException (System.Object obj) [0x00018] in <5eb0ffefd25a4604963f191f59bef3cc>:0 
  at UnityEngine.Component.get_transform () [0x00006] in <5eb0ffefd25a4604963f191f59bef3cc>:0 
  at Grass.RecvGrassState () [0x00000] in <b49ef5704cd64b5090e7799fcf031fb4>:0 
  at CRPCHeader.CallMethodLocally (System.Byte functionID) [0x000cf] in <b49ef5704cd64b5090e7799fcf031fb4>:0 
Failed to call remote method #0 on object 1051/#Dynamic ('<NULL>'). This should be fixed: Reason : Object reference not set to an instance of an object. 
Trace:   at UnityEngine.Bindings.ThrowHelper.ThrowNullReferenceException (System.Object obj) [0x00018] in <5eb0ffefd25a4604963f191f59bef3cc>:0 
  at UnityEngine.Component.get_transform () [0x00006] in <5eb0ffefd25a4604963f191f59bef3cc>:0 
  at Grass.RecvGrassState () [0x00000] in <b49ef5704cd64b5090e7799fcf031fb4>:0 
  at CRPCHeader.CallMethodLocally (System.Byte functionID) [0x000cf] in <b49ef5704cd64b5090e7799fcf031fb4>:0 
Failed to call remote method #0 on object 1054/#Dynamic ('<NULL>'). This should be fixed: Reason : Object reference not set to an instance of an object. 
Trace:   at UnityEngine.Bindings.ThrowHelper.ThrowNullReferenceException (System.Object obj) [0x00018] in <5eb0ffefd25a4604963f191f59bef3cc>:0 
  at UnityEngine.Component.get_transform () [0x00006] in <5eb0ffefd25a4604963f191f59bef3cc>:0 
  at Grass.RecvGrassState () [0x00000] in <b49ef5704cd64b5090e7799fcf031fb4>:0 
  at CRPCHeader.CallMethodLocally (System.Byte functionID) [0x000cf] in <b49ef5704cd64b5090e7799fcf031fb4>:0 
Failed to call remote method #0 on object 1055/#Dynamic ('<NULL>'). This should be fixed: Reason : Object reference not set to an instance of an object. 
Trace:   at UnityEngine.Bindings.ThrowHelper.ThrowNullReferenceException (System.Object obj) [0x00018] in <5eb0ffefd25a4604963f191f59bef3cc>:0 
  at UnityEngine.Component.get_transform () [0x00006] in <5eb0ffefd25a4604963f191f59bef3cc>:0 
  at Grass.RecvGrassState () [0x00000] in <b49ef5704cd64b5090e7799fcf031fb4>:0 
  at CRPCHeader.CallMethodLocally (System.Byte functionID) [0x000cf] in <b49ef5704cd64b5090e7799fcf031fb4>:0 
Failed to call remote method #0 on object 1058/#Dynamic ('<NULL>'). This should be fixed: Reason : Object reference not set to an instance of an object. 
Trace:   at UnityEngine.Bindings.ThrowHelper.ThrowNullReferenceException (System.Object obj) [0x00018] in <5eb0ffefd25a4604963f191f59bef3cc>:0 
  at UnityEngine.Component.get_transform () [0x00006] in <5eb0ffefd25a4604963f191f59bef3cc>:0 
  at Grass.RecvGrassState () [0x00000] in <b49ef5704cd64b5090e7799fcf031fb4>:0 
  at CRPCHeader.CallMethodLocally (System.Byte functionID) [0x000cf] in <b49ef5704cd64b5090e7799fcf031fb4>:0 
Failed to call remote method #0 on object 1061/#Dynamic ('<NULL>'). This should be fixed: Reason : Object reference not set to an instance of an object. 
Trace:   at UnityEngine.Bindings.ThrowHelper.ThrowNullReferenceException (System.Object obj) [0x00018] in <5eb0ffefd25a4604963f191f59bef3cc>:0 
  at UnityEngine.Component.get_transform () [0x00006] in <5eb0ffefd25a4604963f191f59bef3cc>:0 
  at Grass.RecvGrassState () [0x00000] in <b49ef5704cd64b5090e7799fcf031fb4>:0 
  at CRPCHeader.CallMethodLocally (System.Byte functionID) [0x000cf] in <b49ef5704cd64b5090e7799fcf031fb4>:0 
Failed to call remote method #0 on object 1062/#Dynamic ('<NULL>'). This should be fixed: Reason : Object reference not set to an instance of an object. 
Trace:   at UnityEngine.Bindings.ThrowHelper.ThrowNullReferenceException (System.Object obj) [0x00018] in <5eb0ffefd25a4604963f191f59bef3cc>:0 
  at UnityEngine.Component.get_transform () [0x00006] in <5eb0ffefd25a4604963f191f59bef3cc>:0 
  at Grass.RecvGrassState () [0x00000] in <b49ef5704cd64b5090e7799fcf031fb4>:0 
  at CRPCHeader.CallMethodLocally (System.Byte functionID) [0x000cf] in <b49ef5704cd64b5090e7799fcf031fb4>:0 
Failed to call remote method #0 on object 1063/#Dynamic ('<NULL>'). This should be fixed: Reason : Object reference not set to an instance of an object. 
Trace:   at UnityEngine.Bindings.ThrowHelper.ThrowNullReferenceException (System.Object obj) [0x00018] in <5eb0ffefd25a4604963f191f59bef3cc>:0 
  at UnityEngine.Component.get_transform () [0x00006] in <5eb0ffefd25a4604963f191f59bef3cc>:0 
  at Grass.RecvGrassState () [0x00000] in <b49ef5704cd64b5090e7799fcf031fb4>:0 
  at CRPCHeader.CallMethodLocally (System.Byte functionID) [0x000cf] in <b49ef5704cd64b5090e7799fcf031fb4>:0 
Failed to call remote method #0 on object 1064/#Dynamic ('<NULL>'). This should be fixed: Reason : Object reference not set to an instance of an object. 
Trace:   at UnityEngine.Bindings.ThrowHelper.ThrowNullReferenceException (System.Object obj) [0x00018] in <5eb0ffefd25a4604963f191f59bef3cc>:0 
  at UnityEngine.Component.get_transform () [0x00006] in <5eb0ffefd25a4604963f191f59bef3cc>:0 
  at Grass.RecvGrassState () [0x00000] in <b49ef5704cd64b5090e7799fcf031fb4>:0 
  at CRPCHeader.CallMethodLocally (System.Byte functionID) [0x000cf] in <b49ef5704cd64b5090e7799fcf031fb4>:0 
Failed to call remote method #0 on object 1065/#Dynamic ('<NULL>'). This should be fixed: Reason : Object reference not set to an instance of an object. 
Trace:   at UnityEngine.Bindings.ThrowHelper.ThrowNullReferenceException (System.Object obj) [0x00018] in <5eb0ffefd25a4604963f191f59bef3cc>:0 
  at UnityEngine.Component.get_transform () [0x00006] in <5eb0ffefd25a4604963f191f59bef3cc>:0 
  at Grass.RecvGrassState () [0x00000] in <b49ef5704cd64b5090e7799fcf031fb4>:0 
  at CRPCHeader.CallMethodLocally (System.Byte functionID) [0x000cf] in <b49ef5704cd64b5090e7799fcf031fb4>:0 
Failed to call remote method #0 on object 1066/#Dynamic ('<NULL>'). This should be fixed: Reason : Object reference not set to an instance of an object. 
Trace:   at UnityEngine.Bindings.ThrowHelper.ThrowNullReferenceException (System.Object obj) [0x00018] in <5eb0ffefd25a4604963f191f59bef3cc>:0 
  at UnityEngine.Component.get_transform () [0x00006] in <5eb0ffefd25a4604963f191f59bef3cc>:0 
  at Grass.RecvGrassState () [0x00000] in <b49ef5704cd64b5090e7799fcf031fb4>:0 
  at CRPCHeader.CallMethodLocally (System.Byte functionID) [0x000cf] in <b49ef5704cd64b5090e7799fcf031fb4>:0 
Failed to call remote method #0 on object 1067/#Dynamic ('<NULL>'). This should be fixed: Reason : Object reference not set to an instance of an object. 
Trace:   at UnityEngine.Bindings.ThrowHelper.ThrowNullReferenceException (System.Object obj) [0x00018] in <5eb0ffefd25a4604963f191f59bef3cc>:0 
  at UnityEngine.Component.get_transform () [0x00006] in <5eb0ffefd25a4604963f191f59bef3cc>:0 
  at Grass.RecvGrassState () [0x00000] in <b49ef5704cd64b5090e7799fcf031fb4>:0 
  at CRPCHeader.CallMethodLocally (System.Byte functionID) [0x000cf] in <b49ef5704cd64b5090e7799fcf031fb4>:0 
Failed to call remote method #0 on object 1068/#Dynamic ('<NULL>'). This should be fixed: Reason : Object reference not set to an instance of an object. 
Trace:   at UnityEngine.Bindings.ThrowHelper.ThrowNullReferenceException (System.Object obj) [0x00018] in <5eb0ffefd25a4604963f191f59bef3cc>:0 
  at UnityEngine.Component.get_transform () [0x00006] in <5eb0ffefd25a4604963f191f59bef3cc>:0 
  at Grass.RecvGrassState () [0x00000] in <b49ef5704cd64b5090e7799fcf031fb4>:0 
  at CRPCHeader.CallMethodLocally (System.Byte functionID) [0x000cf] in <b49ef5704cd64b5090e7799fcf031fb4>:0 
Failed to call remote method #0 on object 1069/#Dynamic ('<NULL>'). This should be fixed: Reason : Object reference not set to an instance of an object. 
Trace:   at UnityEngine.Bindings.ThrowHelper.ThrowNullReferenceException (System.Object obj) [0x00018] in <5eb0ffefd25a4604963f191f59bef3cc>:0 
  at UnityEngine.Component.get_transform () [0x00006] in <5eb0ffefd25a4604963f191f59bef3cc>:0 
  at Grass.RecvGrassState () [0x00000] in <b49ef5704cd64b5090e7799fcf031fb4>:0 
  at CRPCHeader.CallMethodLocally (System.Byte functionID) [0x000cf] in <b49ef5704cd64b5090e7799fcf031fb4>:0 
Failed to call remote method #0 on object 1070/#Dynamic ('<NULL>'). This should be fixed: Reason : Object reference not set to an instance of an object. 
Trace:   at UnityEngine.Bindings.ThrowHelper.ThrowNullReferenceException (System.Object obj) [0x00018] in <5eb0ffefd25a4604963f191f59bef3cc>:0 
  at UnityEngine.Component.get_transform () [0x00006] in <5eb0ffefd25a4604963f191f59bef3cc>:0 
  at Grass.RecvGrassState () [0x00000] in <b49ef5704cd64b5090e7799fcf031fb4>:0 
  at CRPCHeader.CallMethodLocally (System.Byte functionID) [0x000cf] in <b49ef5704cd64b5090e7799fcf031fb4>:0 
Failed to call remote method #0 on object 1071/#Dynamic ('<NULL>'). This should be fixed: Reason : Object reference not set to an instance of an object. 
Trace:   at UnityEngine.Bindings.ThrowHelper.ThrowNullReferenceException (System.Object obj) [0x00018] in <5eb0ffefd25a4604963f191f59bef3cc>:0 
  at UnityEngine.Component.get_transform () [0x00006] in <5eb0ffefd25a4604963f191f59bef3cc>:0 
  at Grass.RecvGrassState () [0x00000] in <b49ef5704cd64b5090e7799fcf031fb4>:0 
  at CRPCHeader.CallMethodLocally (System.Byte functionID) [0x000cf] in <b49ef5704cd64b5090e7799fcf031fb4>:0 
Failed to call remote method #0 on object 1072/#Dynamic ('<NULL>'). This should be fixed: Reason : Object reference not set to an instance of an object. 
Trace:   at UnityEngine.Bindings.ThrowHelper.ThrowNullReferenceException (System.Object obj) [0x00018] in <5eb0ffefd25a4604963f191f59bef3cc>:0 
  at UnityEngine.Component.get_transform () [0x00006] in <5eb0ffefd25a4604963f191f59bef3cc>:0 
  at Grass.RecvGrassState () [0x00000] in <b49ef5704cd64b5090e7799fcf031fb4>:0 
  at CRPCHeader.CallMethodLocally (System.Byte functionID) [0x000cf] in <b49ef5704cd64b5090e7799fcf031fb4>:0 
Failed to call remote method #0 on object 1096/#Dynamic ('<NULL>'). This should be fixed: Reason : Object reference not set to an instance of an object. 
Trace:   at UnityEngine.Bindings.ThrowHelper.ThrowNullReferenceException (System.Object obj) [0x00018] in <5eb0ffefd25a4604963f191f59bef3cc>:0 
  at UnityEngine.Component.get_transform () [0x00006] in <5eb0ffefd25a4604963f191f59bef3cc>:0 
  at Grass.RecvGrassState () [0x00000] in <b49ef5704cd64b5090e7799fcf031fb4>:0 
  at CRPCHeader.CallMethodLocally (System.Byte functionID) [0x000cf] in <b49ef5704cd64b5090e7799fcf031fb4>:0 
Failed to call remote method #0 on object 1074/#Dynamic ('<NULL>'). This should be fixed: Reason : Object reference not set to an instance of an object. 
Trace:   at UnityEngine.Bindings.ThrowHelper.ThrowNullReferenceException (System.Object obj) [0x00018] in <5eb0ffefd25a4604963f191f59bef3cc>:0 
  at UnityEngine.Component.get_transform () [0x00006] in <5eb0ffefd25a4604963f191f59bef3cc>:0 
  at Grass.RecvGrassState () [0x00000] in <b49ef5704cd64b5090e7799fcf031fb4>:0 
  at CRPCHeader.CallMethodLocally (System.Byte functionID) [0x000cf] in <b49ef5704cd64b5090e7799fcf031fb4>:0 
Failed to call remote method #0 on object 1075/#Dynamic ('<NULL>'). This should be fixed: Reason : Object reference not set to an instance of an object. 
Trace:   at UnityEngine.Bindings.ThrowHelper.ThrowNullReferenceException (System.Object obj) [0x00018] in <5eb0ffefd25a4604963f191f59bef3cc>:0 
  at UnityEngine.Component.get_transform () [0x00006] in <5eb0ffefd25a4604963f191f59bef3cc>:0 
  at Grass.RecvGrassState () [0x00000] in <b49ef5704cd64b5090e7799fcf031fb4>:0 
  at CRPCHeader.CallMethodLocally (System.Byte functionID) [0x000cf] in <b49ef5704cd64b5090e7799fcf031fb4>:0 
Failed to call remote method #0 on object 1076/#Dynamic ('<NULL>'). This should be fixed: Reason : Object reference not set to an instance of an object. 
Trace:   at UnityEngine.Bindings.ThrowHelper.ThrowNullReferenceException (System.Object obj) [0x00018] in <5eb0ffefd25a4604963f191f59bef3cc>:0 
  at UnityEngine.Component.get_transform () [0x00006] in <5eb0ffefd25a4604963f191f59bef3cc>:0 
  at Grass.RecvGrassState () [0x00000] in <b49ef5704cd64b5090e7799fcf031fb4>:0 
  at CRPCHeader.CallMethodLocally (System.Byte functionID) [0x000cf] in <b49ef5704cd64b5090e7799fcf031fb4>:0 
Failed to call remote method #0 on object 1077/#Dynamic ('<NULL>'). This should be fixed: Reason : Object reference not set to an instance of an object. 
Trace:   at UnityEngine.Bindings.ThrowHelper.ThrowNullReferenceException (System.Object obj) [0x00018] in <5eb0ffefd25a4604963f191f59bef3cc>:0 
  at UnityEngine.Component.get_transform () [0x00006] in <5eb0ffefd25a4604963f191f59bef3cc>:0 
  at Grass.RecvGrassState () [0x00000] in <b49ef5704cd64b5090e7799fcf031fb4>:0 
  at CRPCHeader.CallMethodLocally (System.Byte functionID) [0x000cf] in <b49ef5704cd64b5090e7799fcf031fb4>:0 
Failed to call remote method #0 on object 1078/#Dynamic ('<NULL>'). This should be fixed: Reason : Object reference not set to an instance of an object. 
Trace:   at UnityEngine.Bindings.ThrowHelper.ThrowNullReferenceException (System.Object obj) [0x00018] in <5eb0ffefd25a4604963f191f59bef3cc>:0 
  at UnityEngine.Component.get_transform () [0x00006] in <5eb0ffefd25a4604963f191f59bef3cc>:0 
  at Grass.RecvGrassState () [0x00000] in <b49ef5704cd64b5090e7799fcf031fb4>:0 
  at CRPCHeader.CallMethodLocally (System.Byte functionID) [0x000cf] in <b49ef5704cd64b5090e7799fcf031fb4>:0 
Failed to call remote method #0 on object 1079/#Dynamic ('<NULL>'). This should be fixed: Reason : Object reference not set to an instance of an object. 
Trace:   at UnityEngine.Bindings.ThrowHelper.ThrowNullReferenceException (System.Object obj) [0x00018] in <5eb0ffefd25a4604963f191f59bef3cc>:0 
  at UnityEngine.Component.get_transform () [0x00006] in <5eb0ffefd25a4604963f191f59bef3cc>:0 
  at Grass.RecvGrassState () [0x00000] in <b49ef5704cd64b5090e7799fcf031fb4>:0 
  at CRPCHeader.CallMethodLocally (System.Byte functionID) [0x000cf] in <b49ef5704cd64b5090e7799fcf031fb4>:0 
Failed to call remote method #0 on object 1080/#Dynamic ('<NULL>'). This should be fixed: Reason : Object reference not set to an instance of an object. 
Trace:   at UnityEngine.Bindings.ThrowHelper.ThrowNullReferenceException (System.Object obj) [0x00018] in <5eb0ffefd25a4604963f191f59bef3cc>:0 
  at UnityEngine.Component.get_transform () [0x00006] in <5eb0ffefd25a4604963f191f59bef3cc>:0 
  at Grass.RecvGrassState () [0x00000] in <b49ef5704cd64b5090e7799fcf031fb4>:0 
  at CRPCHeader.CallMethodLocally (System.Byte functionID) [0x000cf] in <b49ef5704cd64b5090e7799fcf031fb4>:0 
Failed to call remote method #0 on object 1081/#Dynamic ('<NULL>'). This should be fixed: Reason : Object reference not set to an instance of an object. 
Trace:   at UnityEngine.Bindings.ThrowHelper.ThrowNullReferenceException (System.Object obj) [0x00018] in <5eb0ffefd25a4604963f191f59bef3cc>:0 
  at UnityEngine.Component.get_transform () [0x00006] in <5eb0ffefd25a4604963f191f59bef3cc>:0 
  at Grass.RecvGrassState () [0x00000] in <b49ef5704cd64b5090e7799fcf031fb4>:0 
  at CRPCHeader.CallMethodLocally (System.Byte functionID) [0x000cf] in <b49ef5704cd64b5090e7799fcf031fb4>:0 
Failed to call remote method #0 on object 1082/#Dynamic ('<NULL>'). This should be fixed: Reason : Object reference not set to an instance of an object. 
Trace:   at UnityEngine.Bindings.ThrowHelper.ThrowNullReferenceException (System.Object obj) [0x00018] in <5eb0ffefd25a4604963f191f59bef3cc>:0 
  at UnityEngine.Component.get_transform () [0x00006] in <5eb0ffefd25a4604963f191f59bef3cc>:0 
  at Grass.RecvGrassState () [0x00000] in <b49ef5704cd64b5090e7799fcf031fb4>:0 
  at CRPCHeader.CallMethodLocally (System.Byte functionID) [0x000cf] in <b49ef5704cd64b5090e7799fcf031fb4>:0 
Failed to call remote method #0 on object 1083/#Dynamic ('<NULL>'). This should be fixed: Reason : Object reference not set to an instance of an object. 
Trace:   at UnityEngine.Bindings.ThrowHelper.ThrowNullReferenceException (System.Object obj) [0x00018] in <5eb0ffefd25a4604963f191f59bef3cc>:0 
  at UnityEngine.Component.get_transform () [0x00006] in <5eb0ffefd25a4604963f191f59bef3cc>:0 
  at Grass.RecvGrassState () [0x00000] in <b49ef5704cd64b5090e7799fcf031fb4>:0 
  at CRPCHeader.CallMethodLocally (System.Byte functionID) [0x000cf] in <b49ef5704cd64b5090e7799fcf031fb4>:0 
Failed to call remote method #0 on object 1084/#Dynamic ('<NULL>'). This should be fixed: Reason : Object reference not set to an instance of an object. 
Trace:   at UnityEngine.Bindings.ThrowHelper.ThrowNullReferenceException (System.Object obj) [0x00018] in <5eb0ffefd25a4604963f191f59bef3cc>:0 
  at UnityEngine.Component.get_transform () [0x00006] in <5eb0ffefd25a4604963f191f59bef3cc>:0 
  at Grass.RecvGrassState () [0x00000] in <b49ef5704cd64b5090e7799fcf031fb4>:0 
  at CRPCHeader.CallMethodLocally (System.Byte functionID) [0x000cf] in <b49ef5704cd64b5090e7799fcf031fb4>:0 
Failed to call remote method #0 on object 1223/#Dynamic ('<NULL>'). This should be fixed: Reason : Object reference not set to an instance of an object. 
Trace:   at UnityEngine.Bindings.ThrowHelper.ThrowNullReferenceException (System.Object obj) [0x00018] in <5eb0ffefd25a4604963f191f59bef3cc>:0 
  at UnityEngine.Component.get_transform () [0x00006] in <5eb0ffefd25a4604963f191f59bef3cc>:0 
  at Grass.RecvGrassState () [0x00000] in <b49ef5704cd64b5090e7799fcf031fb4>:0 
  at CRPCHeader.CallMethodLocally (System.Byte functionID) [0x000cf] in <b49ef5704cd64b5090e7799fcf031fb4>:0 
Failed to call remote method #0 on object 1086/#Dynamic ('<NULL>'). This should be fixed: Reason : Object reference not set to an instance of an object. 
Trace:   at UnityEngine.Bindings.ThrowHelper.ThrowNullReferenceException (System.Object obj) [0x00018] in <5eb0ffefd25a4604963f191f59bef3cc>:0 
  at UnityEngine.Component.get_transform () [0x00006] in <5eb0ffefd25a4604963f191f59bef3cc>:0 
  at Grass.RecvGrassState () [0x00000] in <b49ef5704cd64b5090e7799fcf031fb4>:0 
  at CRPCHeader.CallMethodLocally (System.Byte functionID) [0x000cf] in <b49ef5704cd64b5090e7799fcf031fb4>:0 
Failed to call remote method #0 on object 1087/#Dynamic ('<NULL>'). This should be fixed: Reason : Object reference not set to an instance of an object. 
Trace:   at UnityEngine.Bindings.ThrowHelper.ThrowNullReferenceException (System.Object obj) [0x00018] in <5eb0ffefd25a4604963f191f59bef3cc>:0 
  at UnityEngine.Component.get_transform () [0x00006] in <5eb0ffefd25a4604963f191f59bef3cc>:0 
  at Grass.RecvGrassState () [0x00000] in <b49ef5704cd64b5090e7799fcf031fb4>:0 
  at CRPCHeader.CallMethodLocally (System.Byte functionID) [0x000cf] in <b49ef5704cd64b5090e7799fcf031fb4>:0 
Failed to call remote method #0 on object 1088/#Dynamic ('<NULL>'). This should be fixed: Reason : Object reference not set to an instance of an object. 
Trace:   at UnityEngine.Bindings.ThrowHelper.ThrowNullReferenceException (System.Object obj) [0x00018] in <5eb0ffefd25a4604963f191f59bef3cc>:0 
  at UnityEngine.Component.get_transform () [0x00006] in <5eb0ffefd25a4604963f191f59bef3cc>:0 
  at Grass.RecvGrassState () [0x00000] in <b49ef5704cd64b5090e7799fcf031fb4>:0 
  at CRPCHeader.CallMethodLocally (System.Byte functionID) [0x000cf] in <b49ef5704cd64b5090e7799fcf031fb4>:0 
Failed to call remote method #0 on object 1089/#Dynamic ('<NULL>'). This should be fixed: Reason : Object reference not set to an instance of an object. 
Trace:   at UnityEngine.Bindings.ThrowHelper.ThrowNullReferenceException (System.Object obj) [0x00018] in <5eb0ffefd25a4604963f191f59bef3cc>:0 
  at UnityEngine.Component.get_transform () [0x00006] in <5eb0ffefd25a4604963f191f59bef3cc>:0 
  at Grass.RecvGrassState () [0x00000] in <b49ef5704cd64b5090e7799fcf031fb4>:0 
  at CRPCHeader.CallMethodLocally (System.Byte functionID) [0x000cf] in <b49ef5704cd64b5090e7799fcf031fb4>:0 
Failed to call remote method #0 on object 1098/#Dynamic ('<NULL>'). This should be fixed: Reason : Object reference not set to an instance of an object. 
Trace:   at UnityEngine.Bindings.ThrowHelper.ThrowNullReferenceException (System.Object obj) [0x00018] in <5eb0ffefd25a4604963f191f59bef3cc>:0 
  at UnityEngine.Component.get_transform () [0x00006] in <5eb0ffefd25a4604963f191f59bef3cc>:0 
  at Grass.RecvGrassState () [0x00000] in <b49ef5704cd64b5090e7799fcf031fb4>:0 
  at CRPCHeader.CallMethodLocally (System.Byte functionID) [0x000cf] in <b49ef5704cd64b5090e7799fcf031fb4>:0 
Failed to call remote method #0 on object 1097/#Dynamic ('<NULL>'). This should be fixed: Reason : Object reference not set to an instance of an object. 
Trace:   at UnityEngine.Bindings.ThrowHelper.ThrowNullReferenceException (System.Object obj) [0x00018] in <5eb0ffefd25a4604963f191f59bef3cc>:0 
  at UnityEngine.Component.get_transform () [0x00006] in <5eb0ffefd25a4604963f191f59bef3cc>:0 
  at Grass.RecvGrassState () [0x00000] in <b49ef5704cd64b5090e7799fcf031fb4>:0 
  at CRPCHeader.CallMethodLocally (System.Byte functionID) [0x000cf] in <b49ef5704cd64b5090e7799fcf031fb4>:0 
Failed to call remote method #0 on object 1527/#Dynamic ('<NULL>'). This should be fixed: Reason : Object reference not set to an instance of an object. 
Trace:   at UnityEngine.Bindings.ThrowHelper.ThrowNullReferenceException (System.Object obj) [0x00018] in <5eb0ffefd25a4604963f191f59bef3cc>:0 
  at UnityEngine.Component.get_transform () [0x00006] in <5eb0ffefd25a4604963f191f59bef3cc>:0 
  at Grass.RecvGrassState () [0x00000] in <b49ef5704cd64b5090e7799fcf031fb4>:0 
  at CRPCHeader.CallMethodLocally (System.Byte functionID) [0x000cf] in <b49ef5704cd64b5090e7799fcf031fb4>:0 
Failed to call remote method #0 on object 1196/#Dynamic ('<NULL>'). This should be fixed: Reason : Object reference not set to an instance of an object. 
Trace:   at UnityEngine.Bindings.ThrowHelper.ThrowNullReferenceException (System.Object obj) [0x00018] in <5eb0ffefd25a4604963f191f59bef3cc>:0 
  at UnityEngine.Component.get_transform () [0x00006] in <5eb0ffefd25a4604963f191f59bef3cc>:0 
  at Grass.RecvGrassState () [0x00000] in <b49ef5704cd64b5090e7799fcf031fb4>:0 
  at CRPCHeader.CallMethodLocally (System.Byte functionID) [0x000cf] in <b49ef5704cd64b5090e7799fcf031fb4>:0 
Failed to call remote method #0 on object 1099/#Dynamic ('<NULL>'). This should be fixed: Reason : Object reference not set to an instance of an object. 
Trace:   at UnityEngine.Bindings.ThrowHelper.ThrowNullReferenceException (System.Object obj) [0x00018] in <5eb0ffefd25a4604963f191f59bef3cc>:0 
  at UnityEngine.Component.get_transform () [0x00006] in <5eb0ffefd25a4604963f191f59bef3cc>:0 
  at Grass.RecvGrassState () [0x00000] in <b49ef5704cd64b5090e7799fcf031fb4>:0 
  at CRPCHeader.CallMethodLocally (System.Byte functionID) [0x000cf] in <b49ef5704cd64b5090e7799fcf031fb4>:0 
Failed to call remote method #0 on object 1100/#Dynamic ('<NULL>'). This should be fixed: Reason : Object reference not set to an instance of an object. 
Trace:   at UnityEngine.Bindings.ThrowHelper.ThrowNullReferenceException (System.Object obj) [0x00018] in <5eb0ffefd25a4604963f191f59bef3cc>:0 
  at UnityEngine.Component.get_transform () [0x00006] in <5eb0ffefd25a4604963f191f59bef3cc>:0 
  at Grass.RecvGrassState () [0x00000] in <b49ef5704cd64b5090e7799fcf031fb4>:0 
  at CRPCHeader.CallMethodLocally (System.Byte functionID) [0x000cf] in <b49ef5704cd64b5090e7799fcf031fb4>:0 
Failed to call remote method #0 on object 1134/#Dynamic ('<NULL>'). This should be fixed: Reason : Object reference not set to an instance of an object. 
Trace:   at UnityEngine.Bindings.ThrowHelper.ThrowNullReferenceException (System.Object obj) [0x00018] in <5eb0ffefd25a4604963f191f59bef3cc>:0 
  at UnityEngine.Component.get_transform () [0x00006] in <5eb0ffefd25a4604963f191f59bef3cc>:0 
  at Grass.RecvGrassState () [0x00000] in <b49ef5704cd64b5090e7799fcf031fb4>:0 
  at CRPCHeader.CallMethodLocally (System.Byte functionID) [0x000cf] in <b49ef5704cd64b5090e7799fcf031fb4>:0 
Failed to call remote method #0 on object 1108/#Dynamic ('<NULL>'). This should be fixed: Reason : Object reference not set to an instance of an object. 
Trace:   at UnityEngine.Bindings.ThrowHelper.ThrowNullReferenceException (System.Object obj) [0x00018] in <5eb0ffefd25a4604963f191f59bef3cc>:0 
  at UnityEngine.Component.get_transform () [0x00006] in <5eb0ffefd25a4604963f191f59bef3cc>:0 
  at Grass.RecvGrassState () [0x00000] in <b49ef5704cd64b5090e7799fcf031fb4>:0 
  at CRPCHeader.CallMethodLocally (System.Byte functionID) [0x000cf] in <b49ef5704cd64b5090e7799fcf031fb4>:0 
Failed to call remote method #0 on object 1112/#Dynamic ('<NULL>'). This should be fixed: Reason : Object reference not set to an instance of an object. 
Trace:   at UnityEngine.Bindings.ThrowHelper.ThrowNullReferenceException (System.Object obj) [0x00018] in <5eb0ffefd25a4604963f191f59bef3cc>:0 
  at UnityEngine.Component.get_transform () [0x00006] in <5eb0ffefd25a4604963f191f59bef3cc>:0 
  at Grass.RecvGrassState () [0x00000] in <b49ef5704cd64b5090e7799fcf031fb4>:0 
  at CRPCHeader.CallMethodLocally (System.Byte functionID) [0x000cf] in <b49ef5704cd64b5090e7799fcf031fb4>:0 
Failed to call remote method #0 on object 1109/#Dynamic ('<NULL>'). This should be fixed: Reason : Object reference not set to an instance of an object. 
Trace:   at UnityEngine.Bindings.ThrowHelper.ThrowNullReferenceException (System.Object obj) [0x00018] in <5eb0ffefd25a4604963f191f59bef3cc>:0 
  at UnityEngine.Component.get_transform () [0x00006] in <5eb0ffefd25a4604963f191f59bef3cc>:0 
  at Grass.RecvGrassState () [0x00000] in <b49ef5704cd64b5090e7799fcf031fb4>:0 
  at CRPCHeader.CallMethodLocally (System.Byte functionID) [0x000cf] in <b49ef5704cd64b5090e7799fcf031fb4>:0 
Failed to call remote method #0 on object 1104/#Dynamic ('<NULL>'). This should be fixed: Reason : Object reference not set to an instance of an object. 
Trace:   at UnityEngine.Bindings.ThrowHelper.ThrowNullReferenceException (System.Object obj) [0x00018] in <5eb0ffefd25a4604963f191f59bef3cc>:0 
  at UnityEngine.Component.get_transform () [0x00006] in <5eb0ffefd25a4604963f191f59bef3cc>:0 
  at Grass.RecvGrassState () [0x00000] in <b49ef5704cd64b5090e7799fcf031fb4>:0 
  at CRPCHeader.CallMethodLocally (System.Byte functionID) [0x000cf] in <b49ef5704cd64b5090e7799fcf031fb4>:0 
Failed to call remote method #0 on object 1156/#Dynamic ('<NULL>'). This should be fixed: Reason : Object reference not set to an instance of an object. 
Trace:   at UnityEngine.Bindings.ThrowHelper.ThrowNullReferenceException (System.Object obj) [0x00018] in <5eb0ffefd25a4604963f191f59bef3cc>:0 
  at UnityEngine.Component.get_transform () [0x00006] in <5eb0ffefd25a4604963f191f59bef3cc>:0 
  at Grass.RecvGrassState () [0x00000] in <b49ef5704cd64b5090e7799fcf031fb4>:0 
  at CRPCHeader.CallMethodLocally (System.Byte functionID) [0x000cf] in <b49ef5704cd64b5090e7799fcf031fb4>:0 
Failed to call remote method #0 on object 1116/#Dynamic ('<NULL>'). This should be fixed: Reason : Object reference not set to an instance of an object. 
Trace:   at UnityEngine.Bindings.ThrowHelper.ThrowNullReferenceException (System.Object obj) [0x00018] in <5eb0ffefd25a4604963f191f59bef3cc>:0 
  at UnityEngine.Component.get_transform () [0x00006] in <5eb0ffefd25a4604963f191f59bef3cc>:0 
  at Grass.RecvGrassState () [0x00000] in <b49ef5704cd64b5090e7799fcf031fb4>:0 
  at CRPCHeader.CallMethodLocally (System.Byte functionID) [0x000cf] in <b49ef5704cd64b5090e7799fcf031fb4>:0 
Failed to call remote method #0 on object 1119/#Dynamic ('<NULL>'). This should be fixed: Reason : Object reference not set to an instance of an object. 
Trace:   at UnityEngine.Bindings.ThrowHelper.ThrowNullReferenceException (System.Object obj) [0x00018] in <5eb0ffefd25a4604963f191f59bef3cc>:0 
  at UnityEngine.Component.get_transform () [0x00006] in <5eb0ffefd25a4604963f191f59bef3cc>:0 
  at Grass.RecvGrassState () [0x00000] in <b49ef5704cd64b5090e7799fcf031fb4>:0 
  at CRPCHeader.CallMethodLocally (System.Byte functionID) [0x000cf] in <b49ef5704cd64b5090e7799fcf031fb4>:0 
Failed to call remote method #0 on object 1127/#Dynamic ('<NULL>'). This should be fixed: Reason : Object reference not set to an instance of an object. 
Trace:   at UnityEngine.Bindings.ThrowHelper.ThrowNullReferenceException (System.Object obj) [0x00018] in <5eb0ffefd25a4604963f191f59bef3cc>:0 
  at UnityEngine.Component.get_transform () [0x00006] in <5eb0ffefd25a4604963f191f59bef3cc>:0 
  at Grass.RecvGrassState () [0x00000] in <b49ef5704cd64b5090e7799fcf031fb4>:0 
  at CRPCHeader.CallMethodLocally (System.Byte functionID) [0x000cf] in <b49ef5704cd64b5090e7799fcf031fb4>:0 
Failed to call remote method #0 on object 1122/#Dynamic ('<NULL>'). This should be fixed: Reason : Object reference not set to an instance of an object. 
Trace:   at UnityEngine.Bindings.ThrowHelper.ThrowNullReferenceException (System.Object obj) [0x00018] in <5eb0ffefd25a4604963f191f59bef3cc>:0 
  at UnityEngine.Component.get_transform () [0x00006] in <5eb0ffefd25a4604963f191f59bef3cc>:0 
  at Grass.RecvGrassState () [0x00000] in <b49ef5704cd64b5090e7799fcf031fb4>:0 
  at CRPCHeader.CallMethodLocally (System.Byte functionID) [0x000cf] in <b49ef5704cd64b5090e7799fcf031fb4>:0 
Failed to call remote method #0 on object 1123/#Dynamic ('<NULL>'). This should be fixed: Reason : Object reference not set to an instance of an object. 
Trace:   at UnityEngine.Bindings.ThrowHelper.ThrowNullReferenceException (System.Object obj) [0x00018] in <5eb0ffefd25a4604963f191f59bef3cc>:0 
  at UnityEngine.Component.get_transform () [0x00006] in <5eb0ffefd25a4604963f191f59bef3cc>:0 
  at Grass.RecvGrassState () [0x00000] in <b49ef5704cd64b5090e7799fcf031fb4>:0 
  at CRPCHeader.CallMethodLocally (System.Byte functionID) [0x000cf] in <b49ef5704cd64b5090e7799fcf031fb4>:0 
Failed to call remote method #0 on object 1125/#Dynamic ('<NULL>'). This should be fixed: Reason : Object reference not set to an instance of an object. 
Trace:   at UnityEngine.Bindings.ThrowHelper.ThrowNullReferenceException (System.Object obj) [0x00018] in <5eb0ffefd25a4604963f191f59bef3cc>:0 
  at UnityEngine.Component.get_transform () [0x00006] in <5eb0ffefd25a4604963f191f59bef3cc>:0 
  at Grass.RecvGrassState () [0x00000] in <b49ef5704cd64b5090e7799fcf031fb4>:0 
  at CRPCHeader.CallMethodLocally (System.Byte functionID) [0x000cf] in <b49ef5704cd64b5090e7799fcf031fb4>:0 
Failed to call remote method #18 on object 1124/#Dynamic ('<NULL>'). This should be fixed: Reason : Object reference not set to an instance of an object. 
Trace:   at UnityEngine.Bindings.ThrowHelper.ThrowNullReferenceException (System.Object obj) [0x00018] in <5eb0ffefd25a4604963f191f59bef3cc>:0 
  at UnityEngine.Animator.SetBoolID (System.Int32 id, System.Boolean value) [0x00006] in <05de2c0e854d4e60bfd6ad0aed87cccc>:0 
  at UnityEngine.Animator.SetBool (System.Int32 id, System.Boolean value) [0x00001] in <05de2c0e854d4e60bfd6ad0aed87cccc>:0 
  at Worker.SetAnimation (System.Int32 animCode) [0x00043] in <b49ef5704cd64b5090e7799fcf031fb4>:0 
  at AnimationSync.ReceiveAnimation () [0x00042] in <b49ef5704cd64b5090e7799fcf031fb4>:0 
  at CRPCHeader.CallMethodLocally (System.Byte functionID) [0x000cf] in <b49ef5704cd64b5090e7799fcf031fb4>:0 
Failed to call remote method #18 on object 1124/#Dynamic ('<NULL>'). This should be fixed: Reason : Object reference not set to an instance of an object. 
Trace:   at UnityEngine.Bindings.ThrowHelper.ThrowNullReferenceException (System.Object obj) [0x00018] in <5eb0ffefd25a4604963f191f59bef3cc>:0 
  at UnityEngine.Animator.SetBoolID (System.Int32 id, System.Boolean value) [0x00006] in <05de2c0e854d4e60bfd6ad0aed87cccc>:0 
  at UnityEngine.Animator.SetBool (System.Int32 id, System.Boolean value) [0x00001] in <05de2c0e854d4e60bfd6ad0aed87cccc>:0 
  at Worker.SetAnimation (System.Int32 animCode) [0x00043] in <b49ef5704cd64b5090e7799fcf031fb4>:0 
  at AnimationSync.ReceiveAnimation () [0x00042] in <b49ef5704cd64b5090e7799fcf031fb4>:0 
  at CRPCHeader.CallMethodLocally (System.Byte functionID) [0x000cf] in <b49ef5704cd64b5090e7799fcf031fb4>:0 
Failed to call remote method #0 on object 1143/#Dynamic ('<NULL>'). This should be fixed: Reason : Object reference not set to an instance of an object. 
Trace:   at UnityEngine.Bindings.ThrowHelper.ThrowNullReferenceException (System.Object obj) [0x00018] in <5eb0ffefd25a4604963f191f59bef3cc>:0 
  at UnityEngine.Component.get_transform () [0x00006] in <5eb0ffefd25a4604963f191f59bef3cc>:0 
  at Grass.RecvGrassState () [0x00000] in <b49ef5704cd64b5090e7799fcf031fb4>:0 
  at CRPCHeader.CallMethodLocally (System.Byte functionID) [0x000cf] in <b49ef5704cd64b5090e7799fcf031fb4>:0 
Failed to call remote method #0 on object 1144/#Dynamic ('<NULL>'). This should be fixed: Reason : Object reference not set to an instance of an object. 
Trace:   at UnityEngine.Bindings.ThrowHelper.ThrowNullReferenceException (System.Object obj) [0x00018] in <5eb0ffefd25a4604963f191f59bef3cc>:0 
  at UnityEngine.Component.get_transform () [0x00006] in <5eb0ffefd25a4604963f191f59bef3cc>:0 
  at Grass.RecvGrassState () [0x00000] in <b49ef5704cd64b5090e7799fcf031fb4>:0 
  at CRPCHeader.CallMethodLocally (System.Byte functionID) [0x000cf] in <b49ef5704cd64b5090e7799fcf031fb4>:0 
Failed to call remote method #0 on object 1145/#Dynamic ('<NULL>'). This should be fixed: Reason : Object reference not set to an instance of an object. 
Trace:   at UnityEngine.Bindings.ThrowHelper.ThrowNullReferenceException (System.Object obj) [0x00018] in <5eb0ffefd25a4604963f191f59bef3cc>:0 
  at UnityEngine.Component.get_transform () [0x00006] in <5eb0ffefd25a4604963f191f59bef3cc>:0 
  at Grass.RecvGrassState () [0x00000] in <b49ef5704cd64b5090e7799fcf031fb4>:0 
  at CRPCHeader.CallMethodLocally (System.Byte functionID) [0x000cf] in <b49ef5704cd64b5090e7799fcf031fb4>:0 
Failed to call remote method #0 on object 1148/#Dynamic ('<NULL>'). This should be fixed: Reason : Object reference not set to an instance of an object. 
Trace:   at UnityEngine.Bindings.ThrowHelper.ThrowNullReferenceException (System.Object obj) [0x00018] in <5eb0ffefd25a4604963f191f59bef3cc>:0 
  at UnityEngine.Component.get_transform () [0x00006] in <5eb0ffefd25a4604963f191f59bef3cc>:0 
  at Grass.RecvGrassState () [0x00000] in <b49ef5704cd64b5090e7799fcf031fb4>:0 
  at CRPCHeader.CallMethodLocally (System.Byte functionID) [0x000cf] in <b49ef5704cd64b5090e7799fcf031fb4>:0 
Failed to call remote method #0 on object 1147/#Dynamic ('<NULL>'). This should be fixed: Reason : Object reference not set to an instance of an object. 
Trace:   at UnityEngine.Bindings.ThrowHelper.ThrowNullReferenceException (System.Object obj) [0x00018] in <5eb0ffefd25a4604963f191f59bef3cc>:0 
  at UnityEngine.Component.get_transform () [0x00006] in <5eb0ffefd25a4604963f191f59bef3cc>:0 
  at Grass.RecvGrassState () [0x00000] in <b49ef5704cd64b5090e7799fcf031fb4>:0 
  at CRPCHeader.CallMethodLocally (System.Byte functionID) [0x000cf] in <b49ef5704cd64b5090e7799fcf031fb4>:0 
Failed to call remote method #0 on object 1149/#Dynamic ('<NULL>'). This should be fixed: Reason : Object reference not set to an instance of an object. 
Trace:   at UnityEngine.Bindings.ThrowHelper.ThrowNullReferenceException (System.Object obj) [0x00018] in <5eb0ffefd25a4604963f191f59bef3cc>:0 
  at UnityEngine.Component.get_transform () [0x00006] in <5eb0ffefd25a4604963f191f59bef3cc>:0 
  at Grass.RecvGrassState () [0x00000] in <b49ef5704cd64b5090e7799fcf031fb4>:0 
  at CRPCHeader.CallMethodLocally (System.Byte functionID) [0x000cf] in <b49ef5704cd64b5090e7799fcf031fb4>:0 
Failed to call remote method #0 on object 1150/#Dynamic ('<NULL>'). This should be fixed: Reason : Object reference not set to an instance of an object. 
Trace:   at UnityEngine.Bindings.ThrowHelper.ThrowNullReferenceException (System.Object obj) [0x00018] in <5eb0ffefd25a4604963f191f59bef3cc>:0 
  at UnityEngine.Component.get_transform () [0x00006] in <5eb0ffefd25a4604963f191f59bef3cc>:0 
  at Grass.RecvGrassState () [0x00000] in <b49ef5704cd64b5090e7799fcf031fb4>:0 
  at CRPCHeader.CallMethodLocally (System.Byte functionID) [0x000cf] in <b49ef5704cd64b5090e7799fcf031fb4>:0 
Failed to call remote method #0 on object 1152/#Dynamic ('<NULL>'). This should be fixed: Reason : Object reference not set to an instance of an object. 
Trace:   at UnityEngine.Bindings.ThrowHelper.ThrowNullReferenceException (System.Object obj) [0x00018] in <5eb0ffefd25a4604963f191f59bef3cc>:0 
  at UnityEngine.Component.get_transform () [0x00006] in <5eb0ffefd25a4604963f191f59bef3cc>:0 
  at Grass.RecvGrassState () [0x00000] in <b49ef5704cd64b5090e7799fcf031fb4>:0 
  at CRPCHeader.CallMethodLocally (System.Byte functionID) [0x000cf] in <b49ef5704cd64b5090e7799fcf031fb4>:0 
Failed to call remote method #0 on object 1155/#Dynamic ('<NULL>'). This should be fixed: Reason : Object reference not set to an instance of an object. 
Trace:   at UnityEngine.Bindings.ThrowHelper.ThrowNullReferenceException (System.Object obj) [0x00018] in <5eb0ffefd25a4604963f191f59bef3cc>:0 
  at UnityEngine.Component.get_transform () [0x00006] in <5eb0ffefd25a4604963f191f59bef3cc>:0 
  at Grass.RecvGrassState () [0x00000] in <b49ef5704cd64b5090e7799fcf031fb4>:0 
  at CRPCHeader.CallMethodLocally (System.Byte functionID) [0x000cf] in <b49ef5704cd64b5090e7799fcf031fb4>:0 
Failed to call remote method #0 on object 1159/#Dynamic ('<NULL>'). This should be fixed: Reason : Object reference not set to an instance of an object. 
Trace:   at UnityEngine.Bindings.ThrowHelper.ThrowNullReferenceException (System.Object obj) [0x00018] in <5eb0ffefd25a4604963f191f59bef3cc>:0 
  at UnityEngine.Component.get_transform () [0x00006] in <5eb0ffefd25a4604963f191f59bef3cc>:0 
  at Grass.RecvGrassState () [0x00000] in <b49ef5704cd64b5090e7799fcf031fb4>:0 
  at CRPCHeader.CallMethodLocally (System.Byte functionID) [0x000cf] in <b49ef5704cd64b5090e7799fcf031fb4>:0 
Failed to call remote method #0 on object 1177/#Dynamic ('<NULL>'). This should be fixed: Reason : Object reference not set to an instance of an object. 
Trace:   at UnityEngine.Bindings.ThrowHelper.ThrowNullReferenceException (System.Object obj) [0x00018] in <5eb0ffefd25a4604963f191f59bef3cc>:0 
  at UnityEngine.Component.get_transform () [0x00006] in <5eb0ffefd25a4604963f191f59bef3cc>:0 
  at Grass.RecvGrassState () [0x00000] in <b49ef5704cd64b5090e7799fcf031fb4>:0 
  at CRPCHeader.CallMethodLocally (System.Byte functionID) [0x000cf] in <b49ef5704cd64b5090e7799fcf031fb4>:0 
Failed to call remote method #0 on object 1201/#Dynamic ('<NULL>'). This should be fixed: Reason : Object reference not set to an instance of an object. 
Trace:   at UnityEngine.Bindings.ThrowHelper.ThrowNullReferenceException (System.Object obj) [0x00018] in <5eb0ffefd25a4604963f191f59bef3cc>:0 
  at UnityEngine.Component.get_transform () [0x00006] in <5eb0ffefd25a4604963f191f59bef3cc>:0 
  at Grass.RecvGrassState () [0x00000] in <b49ef5704cd64b5090e7799fcf031fb4>:0 
  at CRPCHeader.CallMethodLocally (System.Byte functionID) [0x000cf] in <b49ef5704cd64b5090e7799fcf031fb4>:0 
Failed to call remote method #0 on object 1169/#Dynamic ('<NULL>'). This should be fixed: Reason : Object reference not set to an instance of an object. 
Trace:   at UnityEngine.Bindings.ThrowHelper.ThrowNullReferenceException (System.Object obj) [0x00018] in <5eb0ffefd25a4604963f191f59bef3cc>:0 
  at UnityEngine.Component.get_transform () [0x00006] in <5eb0ffefd25a4604963f191f59bef3cc>:0 
  at Grass.RecvGrassState () [0x00000] in <b49ef5704cd64b5090e7799fcf031fb4>:0 
  at CRPCHeader.CallMethodLocally (System.Byte functionID) [0x000cf] in <b49ef5704cd64b5090e7799fcf031fb4>:0 
Failed to call remote method #0 on object 1172/#Dynamic ('<NULL>'). This should be fixed: Reason : Object reference not set to an instance of an object. 
Trace:   at UnityEngine.Bindings.ThrowHelper.ThrowNullReferenceException (System.Object obj) [0x00018] in <5eb0ffefd25a4604963f191f59bef3cc>:0 
  at UnityEngine.Component.get_transform () [0x00006] in <5eb0ffefd25a4604963f191f59bef3cc>:0 
  at Grass.RecvGrassState () [0x00000] in <b49ef5704cd64b5090e7799fcf031fb4>:0 
  at CRPCHeader.CallMethodLocally (System.Byte functionID) [0x000cf] in <b49ef5704cd64b5090e7799fcf031fb4>:0 
Failed to call remote method #0 on object 1203/#Dynamic ('<NULL>'). This should be fixed: Reason : Object reference not set to an instance of an object. 
Trace:   at UnityEngine.Bindings.ThrowHelper.ThrowNullReferenceException (System.Object obj) [0x00018] in <5eb0ffefd25a4604963f191f59bef3cc>:0 
  at UnityEngine.Component.get_transform () [0x00006] in <5eb0ffefd25a4604963f191f59bef3cc>:0 
  at Grass.RecvGrassState () [0x00000] in <b49ef5704cd64b5090e7799fcf031fb4>:0 
  at CRPCHeader.CallMethodLocally (System.Byte functionID) [0x000cf] in <b49ef5704cd64b5090e7799fcf031fb4>:0 
Failed to call remote method #0 on object 1175/#Dynamic ('<NULL>'). This should be fixed: Reason : Object reference not set to an instance of an object. 
Trace:   at UnityEngine.Bindings.ThrowHelper.ThrowNullReferenceException (System.Object obj) [0x00018] in <5eb0ffefd25a4604963f191f59bef3cc>:0 
  at UnityEngine.Component.get_transform () [0x00006] in <5eb0ffefd25a4604963f191f59bef3cc>:0 
  at Grass.RecvGrassState () [0x00000] in <b49ef5704cd64b5090e7799fcf031fb4>:0 
  at CRPCHeader.CallMethodLocally (System.Byte functionID) [0x000cf] in <b49ef5704cd64b5090e7799fcf031fb4>:0 
Failed to call remote method #0 on object 1199/#Dynamic ('<NULL>'). This should be fixed: Reason : Object reference not set to an instance of an object. 
Trace:   at UnityEngine.Bindings.ThrowHelper.ThrowNullReferenceException (System.Object obj) [0x00018] in <5eb0ffefd25a4604963f191f59bef3cc>:0 
  at UnityEngine.Component.get_transform () [0x00006] in <5eb0ffefd25a4604963f191f59bef3cc>:0 
  at Grass.RecvGrassState () [0x00000] in <b49ef5704cd64b5090e7799fcf031fb4>:0 
  at CRPCHeader.CallMethodLocally (System.Byte functionID) [0x000cf] in <b49ef5704cd64b5090e7799fcf031fb4>:0 
Failed to call remote method #0 on object 1180/#Dynamic ('<NULL>'). This should be fixed: Reason : Object reference not set to an instance of an object. 
Trace:   at UnityEngine.Bindings.ThrowHelper.ThrowNullReferenceException (System.Object obj) [0x00018] in <5eb0ffefd25a4604963f191f59bef3cc>:0 
  at UnityEngine.Component.get_transform () [0x00006] in <5eb0ffefd25a4604963f191f59bef3cc>:0 
  at Grass.RecvGrassState () [0x00000] in <b49ef5704cd64b5090e7799fcf031fb4>:0 
  at CRPCHeader.CallMethodLocally (System.Byte functionID) [0x000cf] in <b49ef5704cd64b5090e7799fcf031fb4>:0 
Failed to call remote method #0 on object 1224/#Dynamic ('<NULL>'). This should be fixed: Reason : Object reference not set to an instance of an object. 
Trace:   at UnityEngine.Bindings.ThrowHelper.ThrowNullReferenceException (System.Object obj) [0x00018] in <5eb0ffefd25a4604963f191f59bef3cc>:0 
  at UnityEngine.Component.get_transform () [0x00006] in <5eb0ffefd25a4604963f191f59bef3cc>:0 
  at Grass.RecvGrassState () [0x00000] in <b49ef5704cd64b5090e7799fcf031fb4>:0 
  at CRPCHeader.CallMethodLocally (System.Byte functionID) [0x000cf] in <b49ef5704cd64b5090e7799fcf031fb4>:0 
Failed to call remote method #0 on object 1185/#Dynamic ('<NULL>'). This should be fixed: Reason : Object reference not set to an instance of an object. 
Trace:   at UnityEngine.Bindings.ThrowHelper.ThrowNullReferenceException (System.Object obj) [0x00018] in <5eb0ffefd25a4604963f191f59bef3cc>:0 
  at UnityEngine.Component.get_transform () [0x00006] in <5eb0ffefd25a4604963f191f59bef3cc>:0 
  at Grass.RecvGrassState () [0x00000] in <b49ef5704cd64b5090e7799fcf031fb4>:0 
  at CRPCHeader.CallMethodLocally (System.Byte functionID) [0x000cf] in <b49ef5704cd64b5090e7799fcf031fb4>:0 
Failed to call remote method #0 on object 1212/#Dynamic ('<NULL>'). This should be fixed: Reason : Object reference not set to an instance of an object. 
Trace:   at UnityEngine.Bindings.ThrowHelper.ThrowNullReferenceException (System.Object obj) [0x00018] in <5eb0ffefd25a4604963f191f59bef3cc>:0 
  at UnityEngine.Component.get_transform () [0x00006] in <5eb0ffefd25a4604963f191f59bef3cc>:0 
  at Grass.RecvGrassState () [0x00000] in <b49ef5704cd64b5090e7799fcf031fb4>:0 
  at CRPCHeader.CallMethodLocally (System.Byte functionID) [0x000cf] in <b49ef5704cd64b5090e7799fcf031fb4>:0 
Failed to call remote method #0 on object 1181/#Dynamic ('<NULL>'). This should be fixed: Reason : Object reference not set to an instance of an object. 
Trace:   at UnityEngine.Bindings.ThrowHelper.ThrowNullReferenceException (System.Object obj) [0x00018] in <5eb0ffefd25a4604963f191f59bef3cc>:0 
  at UnityEngine.Component.get_transform () [0x00006] in <5eb0ffefd25a4604963f191f59bef3cc>:0 
  at Grass.RecvGrassState () [0x00000] in <b49ef5704cd64b5090e7799fcf031fb4>:0 
  at CRPCHeader.CallMethodLocally (System.Byte functionID) [0x000cf] in <b49ef5704cd64b5090e7799fcf031fb4>:0 
Failed to call remote method #0 on object 1184/#Dynamic ('<NULL>'). This should be fixed: Reason : Object reference not set to an instance of an object. 
Trace:   at UnityEngine.Bindings.ThrowHelper.ThrowNullReferenceException (System.Object obj) [0x00018] in <5eb0ffefd25a4604963f191f59bef3cc>:0 
  at UnityEngine.Component.get_transform () [0x00006] in <5eb0ffefd25a4604963f191f59bef3cc>:0 
  at Grass.RecvGrassState () [0x00000] in <b49ef5704cd64b5090e7799fcf031fb4>:0 
  at CRPCHeader.CallMethodLocally (System.Byte functionID) [0x000cf] in <b49ef5704cd64b5090e7799fcf031fb4>:0 
Failed to call remote method #0 on object 1183/#Dynamic ('<NULL>'). This should be fixed: Reason : Object reference not set to an instance of an object. 
Trace:   at UnityEngine.Bindings.ThrowHelper.ThrowNullReferenceException (System.Object obj) [0x00018] in <5eb0ffefd25a4604963f191f59bef3cc>:0 
  at UnityEngine.Component.get_transform () [0x00006] in <5eb0ffefd25a4604963f191f59bef3cc>:0 
  at Grass.RecvGrassState () [0x00000] in <b49ef5704cd64b5090e7799fcf031fb4>:0 
  at CRPCHeader.CallMethodLocally (System.Byte functionID) [0x000cf] in <b49ef5704cd64b5090e7799fcf031fb4>:0 
Failed to call remote method #0 on object 1195/#Dynamic ('<NULL>'). This should be fixed: Reason : Object reference not set to an instance of an object. 
Trace:   at UnityEngine.Bindings.ThrowHelper.ThrowNullReferenceException (System.Object obj) [0x00018] in <5eb0ffefd25a4604963f191f59bef3cc>:0 
  at UnityEngine.Component.get_transform () [0x00006] in <5eb0ffefd25a4604963f191f59bef3cc>:0 
  at Grass.RecvGrassState () [0x00000] in <b49ef5704cd64b5090e7799fcf031fb4>:0 
  at CRPCHeader.CallMethodLocally (System.Byte functionID) [0x000cf] in <b49ef5704cd64b5090e7799fcf031fb4>:0 
Failed to call remote method #0 on object 1187/#Dynamic ('<NULL>'). This should be fixed: Reason : Object reference not set to an instance of an object. 
Trace:   at UnityEngine.Bindings.ThrowHelper.ThrowNullReferenceException (System.Object obj) [0x00018] in <5eb0ffefd25a4604963f191f59bef3cc>:0 
  at UnityEngine.Component.get_transform () [0x00006] in <5eb0ffefd25a4604963f191f59bef3cc>:0 
  at Grass.RecvGrassState () [0x00000] in <b49ef5704cd64b5090e7799fcf031fb4>:0 
  at CRPCHeader.CallMethodLocally (System.Byte functionID) [0x000cf] in <b49ef5704cd64b5090e7799fcf031fb4>:0 
Failed to call remote method #0 on object 1192/#Dynamic ('<NULL>'). This should be fixed: Reason : Object reference not set to an instance of an object. 
Trace:   at UnityEngine.Bindings.ThrowHelper.ThrowNullReferenceException (System.Object obj) [0x00018] in <5eb0ffefd25a4604963f191f59bef3cc>:0 
  at UnityEngine.Component.get_transform () [0x00006] in <5eb0ffefd25a4604963f191f59bef3cc>:0 
  at Grass.RecvGrassState () [0x00000] in <b49ef5704cd64b5090e7799fcf031fb4>:0 
  at CRPCHeader.CallMethodLocally (System.Byte functionID) [0x000cf] in <b49ef5704cd64b5090e7799fcf031fb4>:0 
Failed to call remote method #0 on object 1215/#Dynamic ('<NULL>'). This should be fixed: Reason : Object reference not set to an instance of an object. 
Trace:   at UnityEngine.Bindings.ThrowHelper.ThrowNullReferenceException (System.Object obj) [0x00018] in <5eb0ffefd25a4604963f191f59bef3cc>:0 
  at UnityEngine.Component.get_transform () [0x00006] in <5eb0ffefd25a4604963f191f59bef3cc>:0 
  at Grass.RecvGrassState () [0x00000] in <b49ef5704cd64b5090e7799fcf031fb4>:0 
  at CRPCHeader.CallMethodLocally (System.Byte functionID) [0x000cf] in <b49ef5704cd64b5090e7799fcf031fb4>:0 
Failed to call remote method #0 on object 1198/#Dynamic ('<NULL>'). This should be fixed: Reason : Object reference not set to an instance of an object. 
Trace:   at UnityEngine.Bindings.ThrowHelper.ThrowNullReferenceException (System.Object obj) [0x00018] in <5eb0ffefd25a4604963f191f59bef3cc>:0 
  at UnityEngine.Component.get_transform () [0x00006] in <5eb0ffefd25a4604963f191f59bef3cc>:0 
  at Grass.RecvGrassState () [0x00000] in <b49ef5704cd64b5090e7799fcf031fb4>:0 
  at CRPCHeader.CallMethodLocally (System.Byte functionID) [0x000cf] in <b49ef5704cd64b5090e7799fcf031fb4>:0 
Failed to call remote method #0 on object 1191/#Dynamic ('<NULL>'). This should be fixed: Reason : Object reference not set to an instance of an object. 
Trace:   at UnityEngine.Bindings.ThrowHelper.ThrowNullReferenceException (System.Object obj) [0x00018] in <5eb0ffefd25a4604963f191f59bef3cc>:0 
  at UnityEngine.Component.get_transform () [0x00006] in <5eb0ffefd25a4604963f191f59bef3cc>:0 
  at Grass.RecvGrassState () [0x00000] in <b49ef5704cd64b5090e7799fcf031fb4>:0 
  at CRPCHeader.CallMethodLocally (System.Byte functionID) [0x000cf] in <b49ef5704cd64b5090e7799fcf031fb4>:0 
Failed to call remote method #0 on object 1202/#Dynamic ('<NULL>'). This should be fixed: Reason : Object reference not set to an instance of an object. 
Trace:   at UnityEngine.Bindings.ThrowHelper.ThrowNullReferenceException (System.Object obj) [0x00018] in <5eb0ffefd25a4604963f191f59bef3cc>:0 
  at UnityEngine.Component.get_transform () [0x00006] in <5eb0ffefd25a4604963f191f59bef3cc>:0 
  at Grass.RecvGrassState () [0x00000] in <b49ef5704cd64b5090e7799fcf031fb4>:0 
  at CRPCHeader.CallMethodLocally (System.Byte functionID) [0x000cf] in <b49ef5704cd64b5090e7799fcf031fb4>:0 
Failed to call remote method #0 on object 1234/#Dynamic ('<NULL>'). This should be fixed: Reason : Object reference not set to an instance of an object. 
Trace:   at UnityEngine.Bindings.ThrowHelper.ThrowNullReferenceException (System.Object obj) [0x00018] in <5eb0ffefd25a4604963f191f59bef3cc>:0 
  at UnityEngine.Component.get_transform () [0x00006] in <5eb0ffefd25a4604963f191f59bef3cc>:0 
  at Grass.RecvGrassState () [0x00000] in <b49ef5704cd64b5090e7799fcf031fb4>:0 
  at CRPCHeader.CallMethodLocally (System.Byte functionID) [0x000cf] in <b49ef5704cd64b5090e7799fcf031fb4>:0 
Failed to call remote method #0 on object 1216/#Dynamic ('<NULL>'). This should be fixed: Reason : Object reference not set to an instance of an object. 
Trace:   at UnityEngine.Bindings.ThrowHelper.ThrowNullReferenceException (System.Object obj) [0x00018] in <5eb0ffefd25a4604963f191f59bef3cc>:0 
  at UnityEngine.Component.get_transform () [0x00006] in <5eb0ffefd25a4604963f191f59bef3cc>:0 
  at Grass.RecvGrassState () [0x00000] in <b49ef5704cd64b5090e7799fcf031fb4>:0 
  at CRPCHeader.CallMethodLocally (System.Byte functionID) [0x000cf] in <b49ef5704cd64b5090e7799fcf031fb4>:0 
Failed to call remote method #0 on object 1220/#Dynamic ('<NULL>'). This should be fixed: Reason : Object reference not set to an instance of an object. 
Trace:   at UnityEngine.Bindings.ThrowHelper.ThrowNullReferenceException (System.Object obj) [0x00018] in <5eb0ffefd25a4604963f191f59bef3cc>:0 
  at UnityEngine.Component.get_transform () [0x00006] in <5eb0ffefd25a4604963f191f59bef3cc>:0 
  at Grass.RecvGrassState () [0x00000] in <b49ef5704cd64b5090e7799fcf031fb4>:0 
  at CRPCHeader.CallMethodLocally (System.Byte functionID) [0x000cf] in <b49ef5704cd64b5090e7799fcf031fb4>:0 
Failed to call remote method #0 on object 1251/#Dynamic ('<NULL>'). This should be fixed: Reason : Object reference not set to an instance of an object. 
Trace:   at UnityEngine.Bindings.ThrowHelper.ThrowNullReferenceException (System.Object obj) [0x00018] in <5eb0ffefd25a4604963f191f59bef3cc>:0 
  at UnityEngine.Component.get_transform () [0x00006] in <5eb0ffefd25a4604963f191f59bef3cc>:0 
  at Grass.RecvGrassState () [0x00000] in <b49ef5704cd64b5090e7799fcf031fb4>:0 
  at CRPCHeader.CallMethodLocally (System.Byte functionID) [0x000cf] in <b49ef5704cd64b5090e7799fcf031fb4>:0 
Failed to call remote method #0 on object 1218/#Dynamic ('<NULL>'). This should be fixed: Reason : Object reference not set to an instance of an object. 
Trace:   at UnityEngine.Bindings.ThrowHelper.ThrowNullReferenceException (System.Object obj) [0x00018] in <5eb0ffefd25a4604963f191f59bef3cc>:0 
  at UnityEngine.Component.get_transform () [0x00006] in <5eb0ffefd25a4604963f191f59bef3cc>:0 
  at Grass.RecvGrassState () [0x00000] in <b49ef5704cd64b5090e7799fcf031fb4>:0 
  at CRPCHeader.CallMethodLocally (System.Byte functionID) [0x000cf] in <b49ef5704cd64b5090e7799fcf031fb4>:0 
Failed to call remote method #0 on object 1219/#Dynamic ('<NULL>'). This should be fixed: Reason : Object reference not set to an instance of an object. 
Trace:   at UnityEngine.Bindings.ThrowHelper.ThrowNullReferenceException (System.Object obj) [0x00018] in <5eb0ffefd25a4604963f191f59bef3cc>:0 
  at UnityEngine.Component.get_transform () [0x00006] in <5eb0ffefd25a4604963f191f59bef3cc>:0 
  at Grass.RecvGrassState () [0x00000] in <b49ef5704cd64b5090e7799fcf031fb4>:0 
  at CRPCHeader.CallMethodLocally (System.Byte functionID) [0x000cf] in <b49ef5704cd64b5090e7799fcf031fb4>:0 
Failed to call remote method #0 on object 1214/#Dynamic ('<NULL>'). This should be fixed: Reason : Object reference not set to an instance of an object. 
Trace:   at UnityEngine.Bindings.ThrowHelper.ThrowNullReferenceException (System.Object obj) [0x00018] in <5eb0ffefd25a4604963f191f59bef3cc>:0 
  at UnityEngine.Component.get_transform () [0x00006] in <5eb0ffefd25a4604963f191f59bef3cc>:0 
  at Grass.RecvGrassState () [0x00000] in <b49ef5704cd64b5090e7799fcf031fb4>:0 
  at CRPCHeader.CallMethodLocally (System.Byte functionID) [0x000cf] in <b49ef5704cd64b5090e7799fcf031fb4>:0 
Failed to call remote method #0 on object 1235/#Dynamic ('<NULL>'). This should be fixed: Reason : Object reference not set to an instance of an object. 
Trace:   at UnityEngine.Bindings.ThrowHelper.ThrowNullReferenceException (System.Object obj) [0x00018] in <5eb0ffefd25a4604963f191f59bef3cc>:0 
  at UnityEngine.Component.get_transform () [0x00006] in <5eb0ffefd25a4604963f191f59bef3cc>:0 
  at Grass.RecvGrassState () [0x00000] in <b49ef5704cd64b5090e7799fcf031fb4>:0 
  at CRPCHeader.CallMethodLocally (System.Byte functionID) [0x000cf] in <b49ef5704cd64b5090e7799fcf031fb4>:0 
Failed to call remote method #0 on object 1217/#Dynamic ('<NULL>'). This should be fixed: Reason : Object reference not set to an instance of an object. 
Trace:   at UnityEngine.Bindings.ThrowHelper.ThrowNullReferenceException (System.Object obj) [0x00018] in <5eb0ffefd25a4604963f191f59bef3cc>:0 
  at UnityEngine.Component.get_transform () [0x00006] in <5eb0ffefd25a4604963f191f59bef3cc>:0 
  at Grass.RecvGrassState () [0x00000] in <b49ef5704cd64b5090e7799fcf031fb4>:0 
  at CRPCHeader.CallMethodLocally (System.Byte functionID) [0x000cf] in <b49ef5704cd64b5090e7799fcf031fb4>:0 
Failed to call remote method #0 on object 1221/#Dynamic ('<NULL>'). This should be fixed: Reason : Object reference not set to an instance of an object. 
Trace:   at UnityEngine.Bindings.ThrowHelper.ThrowNullReferenceException (System.Object obj) [0x00018] in <5eb0ffefd25a4604963f191f59bef3cc>:0 
  at UnityEngine.Component.get_transform () [0x00006] in <5eb0ffefd25a4604963f191f59bef3cc>:0 
  at Grass.RecvGrassState () [0x00000] in <b49ef5704cd64b5090e7799fcf031fb4>:0 
  at CRPCHeader.CallMethodLocally (System.Byte functionID) [0x000cf] in <b49ef5704cd64b5090e7799fcf031fb4>:0 
Failed to call remote method #0 on object 1233/#Dynamic ('<NULL>'). This should be fixed: Reason : Object reference not set to an instance of an object. 
Trace:   at UnityEngine.Bindings.ThrowHelper.ThrowNullReferenceException (System.Object obj) [0x00018] in <5eb0ffefd25a4604963f191f59bef3cc>:0 
  at UnityEngine.Component.get_transform () [0x00006] in <5eb0ffefd25a4604963f191f59bef3cc>:0 
  at Grass.RecvGrassState () [0x00000] in <b49ef5704cd64b5090e7799fcf031fb4>:0 
  at CRPCHeader.CallMethodLocally (System.Byte functionID) [0x000cf] in <b49ef5704cd64b5090e7799fcf031fb4>:0 
Failed to call remote method #2 on object 1105/#Dynamic ('<NULL>'). This should be fixed: Reason : Object reference not set to an instance of an object. 
Trace:   at UnityEngine.Bindings.ThrowHelper.ThrowNullReferenceException (System.Object obj) [0x00018] in <5eb0ffefd25a4604963f191f59bef3cc>:0 
  at UnityEngine.Component.get_gameObject () [0x00006] in <5eb0ffefd25a4604963f191f59bef3cc>:0 
  at Require.Component[T] (UnityEngine.Component target) [0x00000] in <b49ef5704cd64b5090e7799fcf031fb4>:0 
  at SpriteRendererFX.get_Renderer () [0x0000e] in <b49ef5704cd64b5090e7799fcf031fb4>:0 
  at SpriteRendererFX.set_recolorA (UnityEngine.Color value) [0x0000e] in <b49ef5704cd64b5090e7799fcf031fb4>:0 
  at Character.set_outfitColor (UnityEngine.Color value) [0x0001c] in <b49ef5704cd64b5090e7799fcf031fb4>:0 
  at Character.ReceiveCharacterColours () [0x0003b] in <b49ef5704cd64b5090e7799fcf031fb4>:0 
  at CRPCHeader.CallMethodLocally (System.Byte functionID) [0x000cf] in <b49ef5704cd64b5090e7799fcf031fb4>:0 
Failed to call remote method #4 on object 1105/#Dynamic ('<NULL>'). This should be fixed: Reason : Object reference not set to an instance of an object. 
Trace:   at UnityEngine.Bindings.ThrowHelper.ThrowNullReferenceException (System.Object obj) [0x00018] in <5eb0ffefd25a4604963f191f59bef3cc>:0 
  at UnityEngine.Animator.set_runtimeAnimatorController (UnityEngine.RuntimeAnimatorController value) [0x00006] in <05de2c0e854d4e60bfd6ad0aed87cccc>:0 
  at Archer.ConvertToHunter () [0x00046] in <b49ef5704cd64b5090e7799fcf031fb4>:0 
  at Archer.ReceiveGuardState () [0x0003d] in <b49ef5704cd64b5090e7799fcf031fb4>:0 
  at CRPCHeader.CallMethodLocally (System.Byte functionID) [0x000cf] in <b49ef5704cd64b5090e7799fcf031fb4>:0 
Failed to call remote method #2 on object 1227/#Dynamic ('<NULL>'). This should be fixed: Reason : Object reference not set to an instance of an object. 
Trace:   at UnityEngine.Bindings.ThrowHelper.ThrowNullReferenceException (System.Object obj) [0x00018] in <5eb0ffefd25a4604963f191f59bef3cc>:0 
  at UnityEngine.Component.get_gameObject () [0x00006] in <5eb0ffefd25a4604963f191f59bef3cc>:0 
  at Require.Component[T] (UnityEngine.Component target) [0x00000] in <b49ef5704cd64b5090e7799fcf031fb4>:0 
  at SpriteRendererFX.get_Renderer () [0x0000e] in <b49ef5704cd64b5090e7799fcf031fb4>:0 
  at SpriteRendererFX.set_recolorA (UnityEngine.Color value) [0x0000e] in <b49ef5704cd64b5090e7799fcf031fb4>:0 
  at Character.set_outfitColor (UnityEngine.Color value) [0x0001c] in <b49ef5704cd64b5090e7799fcf031fb4>:0 
  at Character.ReceiveCharacterColours () [0x0003b] in <b49ef5704cd64b5090e7799fcf031fb4>:0 
  at CRPCHeader.CallMethodLocally (System.Byte functionID) [0x000cf] in <b49ef5704cd64b5090e7799fcf031fb4>:0 
Failed to call remote method #4 on object 1227/#Dynamic ('<NULL>'). This should be fixed: Reason : Object reference not set to an instance of an object. 
Trace:   at UnityEngine.Bindings.ThrowHelper.ThrowNullReferenceException (System.Object obj) [0x00018] in <5eb0ffefd25a4604963f191f59bef3cc>:0 
  at UnityEngine.Animator.set_runtimeAnimatorController (UnityEngine.RuntimeAnimatorController value) [0x00006] in <05de2c0e854d4e60bfd6ad0aed87cccc>:0 
  at Archer.ConvertToHunter () [0x00046] in <b49ef5704cd64b5090e7799fcf031fb4>:0 
  at Archer.ReceiveGuardState () [0x0003d] in <b49ef5704cd64b5090e7799fcf031fb4>:0 
  at CRPCHeader.CallMethodLocally (System.Byte functionID) [0x000cf] in <b49ef5704cd64b5090e7799fcf031fb4>:0 
Failed to call remote method #2 on object 1237/#Dynamic ('<NULL>'). This should be fixed: Reason : Object reference not set to an instance of an object. 
Trace:   at UnityEngine.Bindings.ThrowHelper.ThrowNullReferenceException (System.Object obj) [0x00018] in <5eb0ffefd25a4604963f191f59bef3cc>:0 
  at UnityEngine.Component.get_gameObject () [0x00006] in <5eb0ffefd25a4604963f191f59bef3cc>:0 
  at Require.Component[T] (UnityEngine.Component target) [0x00000] in <b49ef5704cd64b5090e7799fcf031fb4>:0 
  at SpriteRendererFX.get_Renderer () [0x0000e] in <b49ef5704cd64b5090e7799fcf031fb4>:0 
  at SpriteRendererFX.set_recolorA (UnityEngine.Color value) [0x0000e] in <b49ef5704cd64b5090e7799fcf031fb4>:0 
  at Character.set_outfitColor (UnityEngine.Color value) [0x0001c] in <b49ef5704cd64b5090e7799fcf031fb4>:0 
  at Character.ReceiveCharacterColours () [0x0003b] in <b49ef5704cd64b5090e7799fcf031fb4>:0 
  at CRPCHeader.CallMethodLocally (System.Byte functionID) [0x000cf] in <b49ef5704cd64b5090e7799fcf031fb4>:0 
Failed to call remote method #4 on object 1237/#Dynamic ('<NULL>'). This should be fixed: Reason : Object reference not set to an instance of an object. 
Trace:   at UnityEngine.Bindings.ThrowHelper.ThrowNullReferenceException (System.Object obj) [0x00018] in <5eb0ffefd25a4604963f191f59bef3cc>:0 
  at UnityEngine.Animator.set_runtimeAnimatorController (UnityEngine.RuntimeAnimatorController value) [0x00006] in <05de2c0e854d4e60bfd6ad0aed87cccc>:0 
  at Archer.ConvertToHunter () [0x00046] in <b49ef5704cd64b5090e7799fcf031fb4>:0 
  at Archer.ReceiveGuardState () [0x0003d] in <b49ef5704cd64b5090e7799fcf031fb4>:0 
  at CRPCHeader.CallMethodLocally (System.Byte functionID) [0x000cf] in <b49ef5704cd64b5090e7799fcf031fb4>:0 
Failed to call remote method #2 on object 1244/#Dynamic ('<NULL>'). This should be fixed: Reason : Object reference not set to an instance of an object. 
Trace:   at UnityEngine.Bindings.ThrowHelper.ThrowNullReferenceException (System.Object obj) [0x00018] in <5eb0ffefd25a4604963f191f59bef3cc>:0 
  at UnityEngine.Component.get_gameObject () [0x00006] in <5eb0ffefd25a4604963f191f59bef3cc>:0 
  at Require.Component[T] (UnityEngine.Component target) [0x00000] in <b49ef5704cd64b5090e7799fcf031fb4>:0 
  at SpriteRendererFX.get_Renderer () [0x0000e] in <b49ef5704cd64b5090e7799fcf031fb4>:0 
  at SpriteRendererFX.set_recolorA (UnityEngine.Color value) [0x0000e] in <b49ef5704cd64b5090e7799fcf031fb4>:0 
  at Character.set_outfitColor (UnityEngine.Color value) [0x0001c] in <b49ef5704cd64b5090e7799fcf031fb4>:0 
  at Character.ReceiveCharacterColours () [0x0003b] in <b49ef5704cd64b5090e7799fcf031fb4>:0 
  at CRPCHeader.CallMethodLocally (System.Byte functionID) [0x000cf] in <b49ef5704cd64b5090e7799fcf031fb4>:0 
Failed to call remote method #4 on object 1244/#Dynamic ('<NULL>'). This should be fixed: Reason : Object reference not set to an instance of an object. 
Trace:   at UnityEngine.Bindings.ThrowHelper.ThrowNullReferenceException (System.Object obj) [0x00018] in <5eb0ffefd25a4604963f191f59bef3cc>:0 
  at UnityEngine.Animator.set_runtimeAnimatorController (UnityEngine.RuntimeAnimatorController value) [0x00006] in <05de2c0e854d4e60bfd6ad0aed87cccc>:0 
  at Archer.ConvertToHunter () [0x00046] in <b49ef5704cd64b5090e7799fcf031fb4>:0 
  at Archer.ReceiveGuardState () [0x0003d] in <b49ef5704cd64b5090e7799fcf031fb4>:0 
  at CRPCHeader.CallMethodLocally (System.Byte functionID) [0x000cf] in <b49ef5704cd64b5090e7799fcf031fb4>:0 
Failed to call remote method #3 on object 926/#Dynamic ('<NULL>'). This should be fixed: Reason : Object reference not set to an instance of an object. 
Trace:   at UnityEngine.Bindings.ThrowHelper.ThrowNullReferenceException (System.Object obj) [0x00018] in <5eb0ffefd25a4604963f191f59bef3cc>:0 
  at UnityEngine.Renderer.set_enabled (System.Boolean value) [0x00006] in <5eb0ffefd25a4604963f191f59bef3cc>:0 
  at PayableShield.set_status (PayableShield+Status value) [0x000a3] in <b49ef5704cd64b5090e7799fcf031fb4>:0 
  at PayableShield.RecvShieldState () [0x00006] in <b49ef5704cd64b5090e7799fcf031fb4>:0 
  at CRPCHeader.CallMethodLocally (System.Byte functionID) [0x000cf] in <b49ef5704cd64b5090e7799fcf031fb4>:0 
Failed to call remote method #0 on object 1236/#Dynamic ('<NULL>'). This should be fixed: Reason : Object reference not set to an instance of an object. 
Trace:   at UnityEngine.Bindings.ThrowHelper.ThrowNullReferenceException (System.Object obj) [0x00018] in <5eb0ffefd25a4604963f191f59bef3cc>:0 
  at UnityEngine.Component.get_transform () [0x00006] in <5eb0ffefd25a4604963f191f59bef3cc>:0 
  at Grass.RecvGrassState () [0x00000] in <b49ef5704cd64b5090e7799fcf031fb4>:0 
  at CRPCHeader.CallMethodLocally (System.Byte functionID) [0x000cf] in <b49ef5704cd64b5090e7799fcf031fb4>:0 
Failed to call remote method #0 on object 1238/#Dynamic ('<NULL>'). This should be fixed: Reason : Object reference not set to an instance of an object. 
Trace:   at UnityEngine.Bindings.ThrowHelper.ThrowNullReferenceException (System.Object obj) [0x00018] in <5eb0ffefd25a4604963f191f59bef3cc>:0 
  at UnityEngine.Component.get_transform () [0x00006] in <5eb0ffefd25a4604963f191f59bef3cc>:0 
  at Grass.RecvGrassState () [0x00000] in <b49ef5704cd64b5090e7799fcf031fb4>:0 
  at CRPCHeader.CallMethodLocally (System.Byte functionID) [0x000cf] in <b49ef5704cd64b5090e7799fcf031fb4>:0 
Failed to call remote method #0 on object 1239/#Dynamic ('<NULL>'). This should be fixed: Reason : Object reference not set to an instance of an object. 
Trace:   at UnityEngine.Bindings.ThrowHelper.ThrowNullReferenceException (System.Object obj) [0x00018] in <5eb0ffefd25a4604963f191f59bef3cc>:0 
  at UnityEngine.Component.get_transform () [0x00006] in <5eb0ffefd25a4604963f191f59bef3cc>:0 
  at Grass.RecvGrassState () [0x00000] in <b49ef5704cd64b5090e7799fcf031fb4>:0 
  at CRPCHeader.CallMethodLocally (System.Byte functionID) [0x000cf] in <b49ef5704cd64b5090e7799fcf031fb4>:0 
Failed to call remote method #0 on object 1243/#Dynamic ('<NULL>'). This should be fixed: Reason : Object reference not set to an instance of an object. 
Trace:   at UnityEngine.Bindings.ThrowHelper.ThrowNullReferenceException (System.Object obj) [0x00018] in <5eb0ffefd25a4604963f191f59bef3cc>:0 
  at UnityEngine.Component.get_transform () [0x00006] in <5eb0ffefd25a4604963f191f59bef3cc>:0 
  at Grass.RecvGrassState () [0x00000] in <b49ef5704cd64b5090e7799fcf031fb4>:0 
  at CRPCHeader.CallMethodLocally (System.Byte functionID) [0x000cf] in <b49ef5704cd64b5090e7799fcf031fb4>:0 
Failed to call remote method #0 on object 1241/#Dynamic ('<NULL>'). This should be fixed: Reason : Object reference not set to an instance of an object. 
Trace:   at UnityEngine.Bindings.ThrowHelper.ThrowNullReferenceException (System.Object obj) [0x00018] in <5eb0ffefd25a4604963f191f59bef3cc>:0 
  at UnityEngine.Component.get_transform () [0x00006] in <5eb0ffefd25a4604963f191f59bef3cc>:0 
  at Grass.RecvGrassState () [0x00000] in <b49ef5704cd64b5090e7799fcf031fb4>:0 
  at CRPCHeader.CallMethodLocally (System.Byte functionID) [0x000cf] in <b49ef5704cd64b5090e7799fcf031fb4>:0 
Failed to call remote method #0 on object 1253/#Dynamic ('<NULL>'). This should be fixed: Reason : Object reference not set to an instance of an object. 
Trace:   at UnityEngine.Bindings.ThrowHelper.ThrowNullReferenceException (System.Object obj) [0x00018] in <5eb0ffefd25a4604963f191f59bef3cc>:0 
  at UnityEngine.Component.get_transform () [0x00006] in <5eb0ffefd25a4604963f191f59bef3cc>:0 
  at Grass.RecvGrassState () [0x00000] in <b49ef5704cd64b5090e7799fcf031fb4>:0 
  at CRPCHeader.CallMethodLocally (System.Byte functionID) [0x000cf] in <b49ef5704cd64b5090e7799fcf031fb4>:0 
Failed to call remote method #0 on object 1250/#Dynamic ('<NULL>'). This should be fixed: Reason : Object reference not set to an instance of an object. 
Trace:   at UnityEngine.Bindings.ThrowHelper.ThrowNullReferenceException (System.Object obj) [0x00018] in <5eb0ffefd25a4604963f191f59bef3cc>:0 
  at UnityEngine.Component.get_transform () [0x00006] in <5eb0ffefd25a4604963f191f59bef3cc>:0 
  at Grass.RecvGrassState () [0x00000] in <b49ef5704cd64b5090e7799fcf031fb4>:0 
  at CRPCHeader.CallMethodLocally (System.Byte functionID) [0x000cf] in <b49ef5704cd64b5090e7799fcf031fb4>:0 
Failed to call remote method #0 on object 1255/#Dynamic ('<NULL>'). This should be fixed: Reason : Object reference not set to an instance of an object. 
Trace:   at UnityEngine.Bindings.ThrowHelper.ThrowNullReferenceException (System.Object obj) [0x00018] in <5eb0ffefd25a4604963f191f59bef3cc>:0 
  at UnityEngine.Component.get_transform () [0x00006] in <5eb0ffefd25a4604963f191f59bef3cc>:0 
  at Grass.RecvGrassState () [0x00000] in <b49ef5704cd64b5090e7799fcf031fb4>:0 
  at CRPCHeader.CallMethodLocally (System.Byte functionID) [0x000cf] in <b49ef5704cd64b5090e7799fcf031fb4>:0 
Failed to call remote method #0 on object 1256/#Dynamic ('<NULL>'). This should be fixed: Reason : Object reference not set to an instance of an object. 
Trace:   at UnityEngine.Bindings.ThrowHelper.ThrowNullReferenceException (System.Object obj) [0x00018] in <5eb0ffefd25a4604963f191f59bef3cc>:0 
  at UnityEngine.Component.get_transform () [0x00006] in <5eb0ffefd25a4604963f191f59bef3cc>:0 
  at Grass.RecvGrassState () [0x00000] in <b49ef5704cd64b5090e7799fcf031fb4>:0 
  at CRPCHeader.CallMethodLocally (System.Byte functionID) [0x000cf] in <b49ef5704cd64b5090e7799fcf031fb4>:0 
Failed to call remote method #0 on object 1264/#Dynamic ('<NULL>'). This should be fixed: Reason : Object reference not set to an instance of an object. 
Trace:   at UnityEngine.Bindings.ThrowHelper.ThrowNullReferenceException (System.Object obj) [0x00018] in <5eb0ffefd25a4604963f191f59bef3cc>:0 
  at UnityEngine.Component.get_transform () [0x00006] in <5eb0ffefd25a4604963f191f59bef3cc>:0 
  at Grass.RecvGrassState () [0x00000] in <b49ef5704cd64b5090e7799fcf031fb4>:0 
  at CRPCHeader.CallMethodLocally (System.Byte functionID) [0x000cf] in <b49ef5704cd64b5090e7799fcf031fb4>:0 
Failed to call remote method #0 on object 1259/#Dynamic ('<NULL>'). This should be fixed: Reason : Object reference not set to an instance of an object. 
Trace:   at UnityEngine.Bindings.ThrowHelper.ThrowNullReferenceException (System.Object obj) [0x00018] in <5eb0ffefd25a4604963f191f59bef3cc>:0 
  at UnityEngine.Component.get_transform () [0x00006] in <5eb0ffefd25a4604963f191f59bef3cc>:0 
  at Grass.RecvGrassState () [0x00000] in <b49ef5704cd64b5090e7799fcf031fb4>:0 
  at CRPCHeader.CallMethodLocally (System.Byte functionID) [0x000cf] in <b49ef5704cd64b5090e7799fcf031fb4>:0 
Failed to call remote method #0 on object 1257/#Dynamic ('<NULL>'). This should be fixed: Reason : Object reference not set to an instance of an object. 
Trace:   at UnityEngine.Bindings.ThrowHelper.ThrowNullReferenceException (System.Object obj) [0x00018] in <5eb0ffefd25a4604963f191f59bef3cc>:0 
  at UnityEngine.Component.get_transform () [0x00006] in <5eb0ffefd25a4604963f191f59bef3cc>:0 
  at Grass.RecvGrassState () [0x00000] in <b49ef5704cd64b5090e7799fcf031fb4>:0 
  at CRPCHeader.CallMethodLocally (System.Byte functionID) [0x000cf] in <b49ef5704cd64b5090e7799fcf031fb4>:0 
Failed to call remote method #0 on object 1258/#Dynamic ('<NULL>'). This should be fixed: Reason : Object reference not set to an instance of an object. 
Trace:   at UnityEngine.Bindings.ThrowHelper.ThrowNullReferenceException (System.Object obj) [0x00018] in <5eb0ffefd25a4604963f191f59bef3cc>:0 
  at UnityEngine.Component.get_transform () [0x00006] in <5eb0ffefd25a4604963f191f59bef3cc>:0 
  at Grass.RecvGrassState () [0x00000] in <b49ef5704cd64b5090e7799fcf031fb4>:0 
  at CRPCHeader.CallMethodLocally (System.Byte functionID) [0x000cf] in <b49ef5704cd64b5090e7799fcf031fb4>:0 
Failed to call remote method #0 on object 1377/#Dynamic ('<NULL>'). This should be fixed: Reason : Object reference not set to an instance of an object. 
Trace:   at UnityEngine.Bindings.ThrowHelper.ThrowNullReferenceException (System.Object obj) [0x00018] in <5eb0ffefd25a4604963f191f59bef3cc>:0 
  at UnityEngine.Component.get_transform () [0x00006] in <5eb0ffefd25a4604963f191f59bef3cc>:0 
  at Grass.RecvGrassState () [0x00000] in <b49ef5704cd64b5090e7799fcf031fb4>:0 
  at CRPCHeader.CallMethodLocally (System.Byte functionID) [0x000cf] in <b49ef5704cd64b5090e7799fcf031fb4>:0 
Failed to call remote method #0 on object 1262/#Dynamic ('<NULL>'). This should be fixed: Reason : Object reference not set to an instance of an object. 
Trace:   at UnityEngine.Bindings.ThrowHelper.ThrowNullReferenceException (System.Object obj) [0x00018] in <5eb0ffefd25a4604963f191f59bef3cc>:0 
  at UnityEngine.Component.get_transform () [0x00006] in <5eb0ffefd25a4604963f191f59bef3cc>:0 
  at Grass.RecvGrassState () [0x00000] in <b49ef5704cd64b5090e7799fcf031fb4>:0 
  at CRPCHeader.CallMethodLocally (System.Byte functionID) [0x000cf] in <b49ef5704cd64b5090e7799fcf031fb4>:0 
Failed to call remote method #0 on object 1263/#Dynamic ('<NULL>'). This should be fixed: Reason : Object reference not set to an instance of an object. 
Trace:   at UnityEngine.Bindings.ThrowHelper.ThrowNullReferenceException (System.Object obj) [0x00018] in <5eb0ffefd25a4604963f191f59bef3cc>:0 
  at UnityEngine.Component.get_transform () [0x00006] in <5eb0ffefd25a4604963f191f59bef3cc>:0 
  at Grass.RecvGrassState () [0x00000] in <b49ef5704cd64b5090e7799fcf031fb4>:0 
  at CRPCHeader.CallMethodLocally (System.Byte functionID) [0x000cf] in <b49ef5704cd64b5090e7799fcf031fb4>:0 
Failed to call remote method #0 on object 1266/#Dynamic ('<NULL>'). This should be fixed: Reason : Object reference not set to an instance of an object. 
Trace:   at UnityEngine.Bindings.ThrowHelper.ThrowNullReferenceException (System.Object obj) [0x00018] in <5eb0ffefd25a4604963f191f59bef3cc>:0 
  at UnityEngine.Component.get_transform () [0x00006] in <5eb0ffefd25a4604963f191f59bef3cc>:0 
  at Grass.RecvGrassState () [0x00000] in <b49ef5704cd64b5090e7799fcf031fb4>:0 
  at CRPCHeader.CallMethodLocally (System.Byte functionID) [0x000cf] in <b49ef5704cd64b5090e7799fcf031fb4>:0 
Failed to call remote method #0 on object 1271/#Dynamic ('<NULL>'). This should be fixed: Reason : Object reference not set to an instance of an object. 
Trace:   at UnityEngine.Bindings.ThrowHelper.ThrowNullReferenceException (System.Object obj) [0x00018] in <5eb0ffefd25a4604963f191f59bef3cc>:0 
  at UnityEngine.Component.get_transform () [0x00006] in <5eb0ffefd25a4604963f191f59bef3cc>:0 
  at Grass.RecvGrassState () [0x00000] in <b49ef5704cd64b5090e7799fcf031fb4>:0 
  at CRPCHeader.CallMethodLocally (System.Byte functionID) [0x000cf] in <b49ef5704cd64b5090e7799fcf031fb4>:0 
Failed to call remote method #0 on object 1444/#Dynamic ('<NULL>'). This should be fixed: Reason : Object reference not set to an instance of an object. 
Trace:   at UnityEngine.Bindings.ThrowHelper.ThrowNullReferenceException (System.Object obj) [0x00018] in <5eb0ffefd25a4604963f191f59bef3cc>:0 
  at UnityEngine.Component.get_transform () [0x00006] in <5eb0ffefd25a4604963f191f59bef3cc>:0 
  at Grass.RecvGrassState () [0x00000] in <b49ef5704cd64b5090e7799fcf031fb4>:0 
  at CRPCHeader.CallMethodLocally (System.Byte functionID) [0x000cf] in <b49ef5704cd64b5090e7799fcf031fb4>:0 
Failed to call remote method #0 on object 1270/#Dynamic ('<NULL>'). This should be fixed: Reason : Object reference not set to an instance of an object. 
Trace:   at UnityEngine.Bindings.ThrowHelper.ThrowNullReferenceException (System.Object obj) [0x00018] in <5eb0ffefd25a4604963f191f59bef3cc>:0 
  at UnityEngine.Component.get_transform () [0x00006] in <5eb0ffefd25a4604963f191f59bef3cc>:0 
  at Grass.RecvGrassState () [0x00000] in <b49ef5704cd64b5090e7799fcf031fb4>:0 
  at CRPCHeader.CallMethodLocally (System.Byte functionID) [0x000cf] in <b49ef5704cd64b5090e7799fcf031fb4>:0 
Failed to call remote method #0 on object 1378/#Dynamic ('<NULL>'). This should be fixed: Reason : Object reference not set to an instance of an object. 
Trace:   at UnityEngine.Bindings.ThrowHelper.ThrowNullReferenceException (System.Object obj) [0x00018] in <5eb0ffefd25a4604963f191f59bef3cc>:0 
  at UnityEngine.Component.get_transform () [0x00006] in <5eb0ffefd25a4604963f191f59bef3cc>:0 
  at Grass.RecvGrassState () [0x00000] in <b49ef5704cd64b5090e7799fcf031fb4>:0 
  at CRPCHeader.CallMethodLocally (System.Byte functionID) [0x000cf] in <b49ef5704cd64b5090e7799fcf031fb4>:0 
Failed to call remote method #0 on object 1379/#Dynamic ('<NULL>'). This should be fixed: Reason : Object reference not set to an instance of an object. 
Trace:   at UnityEngine.Bindings.ThrowHelper.ThrowNullReferenceException (System.Object obj) [0x00018] in <5eb0ffefd25a4604963f191f59bef3cc>:0 
  at UnityEngine.Component.get_transform () [0x00006] in <5eb0ffefd25a4604963f191f59bef3cc>:0 
  at Grass.RecvGrassState () [0x00000] in <b49ef5704cd64b5090e7799fcf031fb4>:0 
  at CRPCHeader.CallMethodLocally (System.Byte functionID) [0x000cf] in <b49ef5704cd64b5090e7799fcf031fb4>:0 
Failed to call remote method #0 on object 1381/#Dynamic ('<NULL>'). This should be fixed: Reason : Object reference not set to an instance of an object. 
Trace:   at UnityEngine.Bindings.ThrowHelper.ThrowNullReferenceException (System.Object obj) [0x00018] in <5eb0ffefd25a4604963f191f59bef3cc>:0 
  at UnityEngine.Component.get_transform () [0x00006] in <5eb0ffefd25a4604963f191f59bef3cc>:0 
  at Grass.RecvGrassState () [0x00000] in <b49ef5704cd64b5090e7799fcf031fb4>:0 
  at CRPCHeader.CallMethodLocally (System.Byte functionID) [0x000cf] in <b49ef5704cd64b5090e7799fcf031fb4>:0 
Failed to call remote method #0 on object 1387/#Dynamic ('<NULL>'). This should be fixed: Reason : Object reference not set to an instance of an object. 
Trace:   at UnityEngine.Bindings.ThrowHelper.ThrowNullReferenceException (System.Object obj) [0x00018] in <5eb0ffefd25a4604963f191f59bef3cc>:0 
  at UnityEngine.Component.get_transform () [0x00006] in <5eb0ffefd25a4604963f191f59bef3cc>:0 
  at Grass.RecvGrassState () [0x00000] in <b49ef5704cd64b5090e7799fcf031fb4>:0 
  at CRPCHeader.CallMethodLocally (System.Byte functionID) [0x000cf] in <b49ef5704cd64b5090e7799fcf031fb4>:0 
Failed to call remote method #0 on object 1390/#Dynamic ('<NULL>'). This should be fixed: Reason : Object reference not set to an instance of an object. 
Trace:   at UnityEngine.Bindings.ThrowHelper.ThrowNullReferenceException (System.Object obj) [0x00018] in <5eb0ffefd25a4604963f191f59bef3cc>:0 
  at UnityEngine.Component.get_transform () [0x00006] in <5eb0ffefd25a4604963f191f59bef3cc>:0 
  at Grass.RecvGrassState () [0x00000] in <b49ef5704cd64b5090e7799fcf031fb4>:0 
  at CRPCHeader.CallMethodLocally (System.Byte functionID) [0x000cf] in <b49ef5704cd64b5090e7799fcf031fb4>:0 
Failed to call remote method #0 on object 1393/#Dynamic ('<NULL>'). This should be fixed: Reason : Object reference not set to an instance of an object. 
Trace:   at UnityEngine.Bindings.ThrowHelper.ThrowNullReferenceException (System.Object obj) [0x00018] in <5eb0ffefd25a4604963f191f59bef3cc>:0 
  at UnityEngine.Component.get_transform () [0x00006] in <5eb0ffefd25a4604963f191f59bef3cc>:0 
  at Grass.RecvGrassState () [0x00000] in <b49ef5704cd64b5090e7799fcf031fb4>:0 
  at CRPCHeader.CallMethodLocally (System.Byte functionID) [0x000cf] in <b49ef5704cd64b5090e7799fcf031fb4>:0 
Failed to call remote method #0 on object 1394/#Dynamic ('<NULL>'). This should be fixed: Reason : Object reference not set to an instance of an object. 
Trace:   at UnityEngine.Bindings.ThrowHelper.ThrowNullReferenceException (System.Object obj) [0x00018] in <5eb0ffefd25a4604963f191f59bef3cc>:0 
  at UnityEngine.Component.get_transform () [0x00006] in <5eb0ffefd25a4604963f191f59bef3cc>:0 
  at Grass.RecvGrassState () [0x00000] in <b49ef5704cd64b5090e7799fcf031fb4>:0 
  at CRPCHeader.CallMethodLocally (System.Byte functionID) [0x000cf] in <b49ef5704cd64b5090e7799fcf031fb4>:0 
Failed to call remote method #0 on object 1445/#Dynamic ('<NULL>'). This should be fixed: Reason : Object reference not set to an instance of an object. 
Trace:   at UnityEngine.Bindings.ThrowHelper.ThrowNullReferenceException (System.Object obj) [0x00018] in <5eb0ffefd25a4604963f191f59bef3cc>:0 
  at UnityEngine.Component.get_transform () [0x00006] in <5eb0ffefd25a4604963f191f59bef3cc>:0 
  at Grass.RecvGrassState () [0x00000] in <b49ef5704cd64b5090e7799fcf031fb4>:0 
  at CRPCHeader.CallMethodLocally (System.Byte functionID) [0x000cf] in <b49ef5704cd64b5090e7799fcf031fb4>:0 
Failed to call remote method #0 on object 1446/#Dynamic ('<NULL>'). This should be fixed: Reason : Object reference not set to an instance of an object. 
Trace:   at UnityEngine.Bindings.ThrowHelper.ThrowNullReferenceException (System.Object obj) [0x00018] in <5eb0ffefd25a4604963f191f59bef3cc>:0 
  at UnityEngine.Component.get_transform () [0x00006] in <5eb0ffefd25a4604963f191f59bef3cc>:0 
  at Grass.RecvGrassState () [0x00000] in <b49ef5704cd64b5090e7799fcf031fb4>:0 
  at CRPCHeader.CallMethodLocally (System.Byte functionID) [0x000cf] in <b49ef5704cd64b5090e7799fcf031fb4>:0 
Failed to call remote method #0 on object 1447/#Dynamic ('<NULL>'). This should be fixed: Reason : Object reference not set to an instance of an object. 
Trace:   at UnityEngine.Bindings.ThrowHelper.ThrowNullReferenceException (System.Object obj) [0x00018] in <5eb0ffefd25a4604963f191f59bef3cc>:0 
  at UnityEngine.Component.get_transform () [0x00006] in <5eb0ffefd25a4604963f191f59bef3cc>:0 
  at Grass.RecvGrassState () [0x00000] in <b49ef5704cd64b5090e7799fcf031fb4>:0 
  at CRPCHeader.CallMethodLocally (System.Byte functionID) [0x000cf] in <b49ef5704cd64b5090e7799fcf031fb4>:0 
Failed to call remote method #0 on object 1448/#Dynamic ('<NULL>'). This should be fixed: Reason : Object reference not set to an instance of an object. 
Trace:   at UnityEngine.Bindings.ThrowHelper.ThrowNullReferenceException (System.Object obj) [0x00018] in <5eb0ffefd25a4604963f191f59bef3cc>:0 
  at UnityEngine.Component.get_transform () [0x00006] in <5eb0ffefd25a4604963f191f59bef3cc>:0 
  at Grass.RecvGrassState () [0x00000] in <b49ef5704cd64b5090e7799fcf031fb4>:0 
  at CRPCHeader.CallMethodLocally (System.Byte functionID) [0x000cf] in <b49ef5704cd64b5090e7799fcf031fb4>:0 
Failed to call remote method #0 on object 1451/#Dynamic ('<NULL>'). This should be fixed: Reason : Object reference not set to an instance of an object. 
Trace:   at UnityEngine.Bindings.ThrowHelper.ThrowNullReferenceException (System.Object obj) [0x00018] in <5eb0ffefd25a4604963f191f59bef3cc>:0 
  at UnityEngine.Component.get_transform () [0x00006] in <5eb0ffefd25a4604963f191f59bef3cc>:0 
  at Grass.RecvGrassState () [0x00000] in <b49ef5704cd64b5090e7799fcf031fb4>:0 
  at CRPCHeader.CallMethodLocally (System.Byte functionID) [0x000cf] in <b49ef5704cd64b5090e7799fcf031fb4>:0 
Failed to call remote method #0 on object 1450/#Dynamic ('<NULL>'). This should be fixed: Reason : Object reference not set to an instance of an object. 
Trace:   at UnityEngine.Bindings.ThrowHelper.ThrowNullReferenceException (System.Object obj) [0x00018] in <5eb0ffefd25a4604963f191f59bef3cc>:0 
  at UnityEngine.Component.get_transform () [0x00006] in <5eb0ffefd25a4604963f191f59bef3cc>:0 
  at Grass.RecvGrassState () [0x00000] in <b49ef5704cd64b5090e7799fcf031fb4>:0 
  at CRPCHeader.CallMethodLocally (System.Byte functionID) [0x000cf] in <b49ef5704cd64b5090e7799fcf031fb4>:0 
Failed to call remote method #0 on object 1453/#Dynamic ('<NULL>'). This should be fixed: Reason : Object reference not set to an instance of an object. 
Trace:   at UnityEngine.Bindings.ThrowHelper.ThrowNullReferenceException (System.Object obj) [0x00018] in <5eb0ffefd25a4604963f191f59bef3cc>:0 
  at UnityEngine.Component.get_transform () [0x00006] in <5eb0ffefd25a4604963f191f59bef3cc>:0 
  at Grass.RecvGrassState () [0x00000] in <b49ef5704cd64b5090e7799fcf031fb4>:0 
  at CRPCHeader.CallMethodLocally (System.Byte functionID) [0x000cf] in <b49ef5704cd64b5090e7799fcf031fb4>:0 
Failed to call remote method #0 on object 1454/#Dynamic ('<NULL>'). This should be fixed: Reason : Object reference not set to an instance of an object. 
Trace:   at UnityEngine.Bindings.ThrowHelper.ThrowNullReferenceException (System.Object obj) [0x00018] in <5eb0ffefd25a4604963f191f59bef3cc>:0 
  at UnityEngine.Component.get_transform () [0x00006] in <5eb0ffefd25a4604963f191f59bef3cc>:0 
  at Grass.RecvGrassState () [0x00000] in <b49ef5704cd64b5090e7799fcf031fb4>:0 
  at CRPCHeader.CallMethodLocally (System.Byte functionID) [0x000cf] in <b49ef5704cd64b5090e7799fcf031fb4>:0 
Failed to call remote method #18 on object 1456/#Dynamic ('<NULL>'). This should be fixed: Reason : Object reference not set to an instance of an object. 
Trace:   at UnityEngine.Bindings.ThrowHelper.ThrowNullReferenceException (System.Object obj) [0x00018] in <5eb0ffefd25a4604963f191f59bef3cc>:0 
  at UnityEngine.Animator.SetBoolID (System.Int32 id, System.Boolean value) [0x00006] in <05de2c0e854d4e60bfd6ad0aed87cccc>:0 
  at UnityEngine.Animator.SetBool (System.Int32 id, System.Boolean value) [0x00001] in <05de2c0e854d4e60bfd6ad0aed87cccc>:0 
  at Worker.SetAnimation (System.Int32 animCode) [0x00043] in <b49ef5704cd64b5090e7799fcf031fb4>:0 
  at AnimationSync.ReceiveAnimation () [0x00042] in <b49ef5704cd64b5090e7799fcf031fb4>:0 
  at CRPCHeader.CallMethodLocally (System.Byte functionID) [0x000cf] in <b49ef5704cd64b5090e7799fcf031fb4>:0 
Failed to call remote method #18 on object 1456/#Dynamic ('<NULL>'). This should be fixed: Reason : Object reference not set to an instance of an object. 
Trace:   at UnityEngine.Bindings.ThrowHelper.ThrowNullReferenceException (System.Object obj) [0x00018] in <5eb0ffefd25a4604963f191f59bef3cc>:0 
  at UnityEngine.Animator.SetBoolID (System.Int32 id, System.Boolean value) [0x00006] in <05de2c0e854d4e60bfd6ad0aed87cccc>:0 
  at UnityEngine.Animator.SetBool (System.Int32 id, System.Boolean value) [0x00001] in <05de2c0e854d4e60bfd6ad0aed87cccc>:0 
  at Worker.SetAnimation (System.Int32 animCode) [0x00043] in <b49ef5704cd64b5090e7799fcf031fb4>:0 
  at AnimationSync.ReceiveAnimation () [0x00042] in <b49ef5704cd64b5090e7799fcf031fb4>:0 
  at CRPCHeader.CallMethodLocally (System.Byte functionID) [0x000cf] in <b49ef5704cd64b5090e7799fcf031fb4>:0 
Failed to call remote method #0 on object 1129/#Dynamic ('<NULL>'). This should be fixed: Reason : Object reference not set to an instance of an object. 
Trace:   at UnityEngine.Bindings.ThrowHelper.ThrowNullReferenceException (System.Object obj) [0x00018] in <5eb0ffefd25a4604963f191f59bef3cc>:0 
  at UnityEngine.Component.get_transform () [0x00006] in <5eb0ffefd25a4604963f191f59bef3cc>:0 
  at Grass.RecvGrassState () [0x00000] in <b49ef5704cd64b5090e7799fcf031fb4>:0 
  at CRPCHeader.CallMethodLocally (System.Byte functionID) [0x000cf] in <b49ef5704cd64b5090e7799fcf031fb4>:0 
Failed to call remote method #0 on object 1137/#Dynamic ('<NULL>'). This should be fixed: Reason : Object reference not set to an instance of an object. 
Trace:   at UnityEngine.Bindings.ThrowHelper.ThrowNullReferenceException (System.Object obj) [0x00018] in <5eb0ffefd25a4604963f191f59bef3cc>:0 
  at UnityEngine.Component.get_transform () [0x00006] in <5eb0ffefd25a4604963f191f59bef3cc>:0 
  at Grass.RecvGrassState () [0x00000] in <b49ef5704cd64b5090e7799fcf031fb4>:0 
  at CRPCHeader.CallMethodLocally (System.Byte functionID) [0x000cf] in <b49ef5704cd64b5090e7799fcf031fb4>:0 
Failed to call remote method #0 on object 1479/#Dynamic ('<NULL>'). This should be fixed: Reason : Object reference not set to an instance of an object. 
Trace:   at UnityEngine.Bindings.ThrowHelper.ThrowNullReferenceException (System.Object obj) [0x00018] in <5eb0ffefd25a4604963f191f59bef3cc>:0 
  at UnityEngine.Component.get_transform () [0x00006] in <5eb0ffefd25a4604963f191f59bef3cc>:0 
  at Grass.RecvGrassState () [0x00000] in <b49ef5704cd64b5090e7799fcf031fb4>:0 
  at CRPCHeader.CallMethodLocally (System.Byte functionID) [0x000cf] in <b49ef5704cd64b5090e7799fcf031fb4>:0 
Failed to call remote method #0 on object 1138/#Dynamic ('<NULL>'). This should be fixed: Reason : Object reference not set to an instance of an object. 
Trace:   at UnityEngine.Bindings.ThrowHelper.ThrowNullReferenceException (System.Object obj) [0x00018] in <5eb0ffefd25a4604963f191f59bef3cc>:0 
  at UnityEngine.Component.get_transform () [0x00006] in <5eb0ffefd25a4604963f191f59bef3cc>:0 
  at Grass.RecvGrassState () [0x00000] in <b49ef5704cd64b5090e7799fcf031fb4>:0 
  at CRPCHeader.CallMethodLocally (System.Byte functionID) [0x000cf] in <b49ef5704cd64b5090e7799fcf031fb4>:0 
Failed to call remote method #0 on object 1457/#Dynamic ('<NULL>'). This should be fixed: Reason : Object reference not set to an instance of an object. 
Trace:   at UnityEngine.Bindings.ThrowHelper.ThrowNullReferenceException (System.Object obj) [0x00018] in <5eb0ffefd25a4604963f191f59bef3cc>:0 
  at UnityEngine.Component.get_transform () [0x00006] in <5eb0ffefd25a4604963f191f59bef3cc>:0 
  at Grass.RecvGrassState () [0x00000] in <b49ef5704cd64b5090e7799fcf031fb4>:0 
  at CRPCHeader.CallMethodLocally (System.Byte functionID) [0x000cf] in <b49ef5704cd64b5090e7799fcf031fb4>:0 
Failed to call remote method #0 on object 1458/#Dynamic ('<NULL>'). This should be fixed: Reason : Object reference not set to an instance of an object. 
Trace:   at UnityEngine.Bindings.ThrowHelper.ThrowNullReferenceException (System.Object obj) [0x00018] in <5eb0ffefd25a4604963f191f59bef3cc>:0 
  at UnityEngine.Component.get_transform () [0x00006] in <5eb0ffefd25a4604963f191f59bef3cc>:0 
  at Grass.RecvGrassState () [0x00000] in <b49ef5704cd64b5090e7799fcf031fb4>:0 
  at CRPCHeader.CallMethodLocally (System.Byte functionID) [0x000cf] in <b49ef5704cd64b5090e7799fcf031fb4>:0 
Failed to call remote method #0 on object 1459/#Dynamic ('<NULL>'). This should be fixed: Reason : Object reference not set to an instance of an object. 
Trace:   at UnityEngine.Bindings.ThrowHelper.ThrowNullReferenceException (System.Object obj) [0x00018] in <5eb0ffefd25a4604963f191f59bef3cc>:0 
  at UnityEngine.Component.get_transform () [0x00006] in <5eb0ffefd25a4604963f191f59bef3cc>:0 
  at Grass.RecvGrassState () [0x00000] in <b49ef5704cd64b5090e7799fcf031fb4>:0 
  at CRPCHeader.CallMethodLocally (System.Byte functionID) [0x000cf] in <b49ef5704cd64b5090e7799fcf031fb4>:0 
Failed to call remote method #0 on object 1460/#Dynamic ('<NULL>'). This should be fixed: Reason : Object reference not set to an instance of an object. 
Trace:   at UnityEngine.Bindings.ThrowHelper.ThrowNullReferenceException (System.Object obj) [0x00018] in <5eb0ffefd25a4604963f191f59bef3cc>:0 
  at UnityEngine.Component.get_transform () [0x00006] in <5eb0ffefd25a4604963f191f59bef3cc>:0 
  at Grass.RecvGrassState () [0x00000] in <b49ef5704cd64b5090e7799fcf031fb4>:0 
  at CRPCHeader.CallMethodLocally (System.Byte functionID) [0x000cf] in <b49ef5704cd64b5090e7799fcf031fb4>:0 
Failed to call remote method #0 on object 1461/#Dynamic ('<NULL>'). This should be fixed: Reason : Object reference not set to an instance of an object. 
Trace:   at UnityEngine.Bindings.ThrowHelper.ThrowNullReferenceException (System.Object obj) [0x00018] in <5eb0ffefd25a4604963f191f59bef3cc>:0 
  at UnityEngine.Component.get_transform () [0x00006] in <5eb0ffefd25a4604963f191f59bef3cc>:0 
  at Grass.RecvGrassState () [0x00000] in <b49ef5704cd64b5090e7799fcf031fb4>:0 
  at CRPCHeader.CallMethodLocally (System.Byte functionID) [0x000cf] in <b49ef5704cd64b5090e7799fcf031fb4>:0 
Failed to call remote method #0 on object 1462/#Dynamic ('<NULL>'). This should be fixed: Reason : Object reference not set to an instance of an object. 
Trace:   at UnityEngine.Bindings.ThrowHelper.ThrowNullReferenceException (System.Object obj) [0x00018] in <5eb0ffefd25a4604963f191f59bef3cc>:0 
  at UnityEngine.Component.get_transform () [0x00006] in <5eb0ffefd25a4604963f191f59bef3cc>:0 
  at Grass.RecvGrassState () [0x00000] in <b49ef5704cd64b5090e7799fcf031fb4>:0 
  at CRPCHeader.CallMethodLocally (System.Byte functionID) [0x000cf] in <b49ef5704cd64b5090e7799fcf031fb4>:0 
Failed to call remote method #0 on object 1464/#Dynamic ('<NULL>'). This should be fixed: Reason : Object reference not set to an instance of an object. 
Trace:   at UnityEngine.Bindings.ThrowHelper.ThrowNullReferenceException (System.Object obj) [0x00018] in <5eb0ffefd25a4604963f191f59bef3cc>:0 
  at UnityEngine.Component.get_transform () [0x00006] in <5eb0ffefd25a4604963f191f59bef3cc>:0 
  at Grass.RecvGrassState () [0x00000] in <b49ef5704cd64b5090e7799fcf031fb4>:0 
  at CRPCHeader.CallMethodLocally (System.Byte functionID) [0x000cf] in <b49ef5704cd64b5090e7799fcf031fb4>:0 
Failed to call remote method #0 on object 1465/#Dynamic ('<NULL>'). This should be fixed: Reason : Object reference not set to an instance of an object. 
Trace:   at UnityEngine.Bindings.ThrowHelper.ThrowNullReferenceException (System.Object obj) [0x00018] in <5eb0ffefd25a4604963f191f59bef3cc>:0 
  at UnityEngine.Component.get_transform () [0x00006] in <5eb0ffefd25a4604963f191f59bef3cc>:0 
  at Grass.RecvGrassState () [0x00000] in <b49ef5704cd64b5090e7799fcf031fb4>:0 
  at CRPCHeader.CallMethodLocally (System.Byte functionID) [0x000cf] in <b49ef5704cd64b5090e7799fcf031fb4>:0 
Failed to call remote method #0 on object 1466/#Dynamic ('<NULL>'). This should be fixed: Reason : Object reference not set to an instance of an object. 
Trace:   at UnityEngine.Bindings.ThrowHelper.ThrowNullReferenceException (System.Object obj) [0x00018] in <5eb0ffefd25a4604963f191f59bef3cc>:0 
  at UnityEngine.Component.get_transform () [0x00006] in <5eb0ffefd25a4604963f191f59bef3cc>:0 
  at Grass.RecvGrassState () [0x00000] in <b49ef5704cd64b5090e7799fcf031fb4>:0 
  at CRPCHeader.CallMethodLocally (System.Byte functionID) [0x000cf] in <b49ef5704cd64b5090e7799fcf031fb4>:0 
Failed to call remote method #0 on object 1467/#Dynamic ('<NULL>'). This should be fixed: Reason : Object reference not set to an instance of an object. 
Trace:   at UnityEngine.Bindings.ThrowHelper.ThrowNullReferenceException (System.Object obj) [0x00018] in <5eb0ffefd25a4604963f191f59bef3cc>:0 
  at UnityEngine.Component.get_transform () [0x00006] in <5eb0ffefd25a4604963f191f59bef3cc>:0 
  at Grass.RecvGrassState () [0x00000] in <b49ef5704cd64b5090e7799fcf031fb4>:0 
  at CRPCHeader.CallMethodLocally (System.Byte functionID) [0x000cf] in <b49ef5704cd64b5090e7799fcf031fb4>:0 
Failed to call remote method #0 on object 1472/#Dynamic ('<NULL>'). This should be fixed: Reason : Object reference not set to an instance of an object. 
Trace:   at UnityEngine.Bindings.ThrowHelper.ThrowNullReferenceException (System.Object obj) [0x00018] in <5eb0ffefd25a4604963f191f59bef3cc>:0 
  at UnityEngine.Component.get_transform () [0x00006] in <5eb0ffefd25a4604963f191f59bef3cc>:0 
  at Grass.RecvGrassState () [0x00000] in <b49ef5704cd64b5090e7799fcf031fb4>:0 
  at CRPCHeader.CallMethodLocally (System.Byte functionID) [0x000cf] in <b49ef5704cd64b5090e7799fcf031fb4>:0 
Failed to call remote method #0 on object 1468/#Dynamic ('<NULL>'). This should be fixed: Reason : Object reference not set to an instance of an object. 
Trace:   at UnityEngine.Bindings.ThrowHelper.ThrowNullReferenceException (System.Object obj) [0x00018] in <5eb0ffefd25a4604963f191f59bef3cc>:0 
  at UnityEngine.Component.get_transform () [0x00006] in <5eb0ffefd25a4604963f191f59bef3cc>:0 
  at Grass.RecvGrassState () [0x00000] in <b49ef5704cd64b5090e7799fcf031fb4>:0 
  at CRPCHeader.CallMethodLocally (System.Byte functionID) [0x000cf] in <b49ef5704cd64b5090e7799fcf031fb4>:0 
Failed to call remote method #0 on object 1471/#Dynamic ('<NULL>'). This should be fixed: Reason : Object reference not set to an instance of an object. 
Trace:   at UnityEngine.Bindings.ThrowHelper.ThrowNullReferenceException (System.Object obj) [0x00018] in <5eb0ffefd25a4604963f191f59bef3cc>:0 
  at UnityEngine.Component.get_transform () [0x00006] in <5eb0ffefd25a4604963f191f59bef3cc>:0 
  at Grass.RecvGrassState () [0x00000] in <b49ef5704cd64b5090e7799fcf031fb4>:0 
  at CRPCHeader.CallMethodLocally (System.Byte functionID) [0x000cf] in <b49ef5704cd64b5090e7799fcf031fb4>:0 
Failed to call remote method #0 on object 1475/#Dynamic ('<NULL>'). This should be fixed: Reason : Object reference not set to an instance of an object. 
Trace:   at UnityEngine.Bindings.ThrowHelper.ThrowNullReferenceException (System.Object obj) [0x00018] in <5eb0ffefd25a4604963f191f59bef3cc>:0 
  at UnityEngine.Component.get_transform () [0x00006] in <5eb0ffefd25a4604963f191f59bef3cc>:0 
  at Grass.RecvGrassState () [0x00000] in <b49ef5704cd64b5090e7799fcf031fb4>:0 
  at CRPCHeader.CallMethodLocally (System.Byte functionID) [0x000cf] in <b49ef5704cd64b5090e7799fcf031fb4>:0 
Failed to call remote method #0 on object 1480/#Dynamic ('<NULL>'). This should be fixed: Reason : Object reference not set to an instance of an object. 
Trace:   at UnityEngine.Bindings.ThrowHelper.ThrowNullReferenceException (System.Object obj) [0x00018] in <5eb0ffefd25a4604963f191f59bef3cc>:0 
  at UnityEngine.Component.get_transform () [0x00006] in <5eb0ffefd25a4604963f191f59bef3cc>:0 
  at Grass.RecvGrassState () [0x00000] in <b49ef5704cd64b5090e7799fcf031fb4>:0 
  at CRPCHeader.CallMethodLocally (System.Byte functionID) [0x000cf] in <b49ef5704cd64b5090e7799fcf031fb4>:0 
Failed to call remote method #0 on object 1473/#Dynamic ('<NULL>'). This should be fixed: Reason : Object reference not set to an instance of an object. 
Trace:   at UnityEngine.Bindings.ThrowHelper.ThrowNullReferenceException (System.Object obj) [0x00018] in <5eb0ffefd25a4604963f191f59bef3cc>:0 
  at UnityEngine.Component.get_transform () [0x00006] in <5eb0ffefd25a4604963f191f59bef3cc>:0 
  at Grass.RecvGrassState () [0x00000] in <b49ef5704cd64b5090e7799fcf031fb4>:0 
  at CRPCHeader.CallMethodLocally (System.Byte functionID) [0x000cf] in <b49ef5704cd64b5090e7799fcf031fb4>:0 
Failed to call remote method #0 on object 1474/#Dynamic ('<NULL>'). This should be fixed: Reason : Object reference not set to an instance of an object. 
Trace:   at UnityEngine.Bindings.ThrowHelper.ThrowNullReferenceException (System.Object obj) [0x00018] in <5eb0ffefd25a4604963f191f59bef3cc>:0 
  at UnityEngine.Component.get_transform () [0x00006] in <5eb0ffefd25a4604963f191f59bef3cc>:0 
  at Grass.RecvGrassState () [0x00000] in <b49ef5704cd64b5090e7799fcf031fb4>:0 
  at CRPCHeader.CallMethodLocally (System.Byte functionID) [0x000cf] in <b49ef5704cd64b5090e7799fcf031fb4>:0 
Failed to call remote method #0 on object 1483/#Dynamic ('<NULL>'). This should be fixed: Reason : Object reference not set to an instance of an object. 
Trace:   at UnityEngine.Bindings.ThrowHelper.ThrowNullReferenceException (System.Object obj) [0x00018] in <5eb0ffefd25a4604963f191f59bef3cc>:0 
  at UnityEngine.Component.get_transform () [0x00006] in <5eb0ffefd25a4604963f191f59bef3cc>:0 
  at Grass.RecvGrassState () [0x00000] in <b49ef5704cd64b5090e7799fcf031fb4>:0 
  at CRPCHeader.CallMethodLocally (System.Byte functionID) [0x000cf] in <b49ef5704cd64b5090e7799fcf031fb4>:0 
Failed to call remote method #0 on object 1476/#Dynamic ('<NULL>'). This should be fixed: Reason : Object reference not set to an instance of an object. 
Trace:   at UnityEngine.Bindings.ThrowHelper.ThrowNullReferenceException (System.Object obj) [0x00018] in <5eb0ffefd25a4604963f191f59bef3cc>:0 
  at UnityEngine.Component.get_transform () [0x00006] in <5eb0ffefd25a4604963f191f59bef3cc>:0 
  at Grass.RecvGrassState () [0x00000] in <b49ef5704cd64b5090e7799fcf031fb4>:0 
  at CRPCHeader.CallMethodLocally (System.Byte functionID) [0x000cf] in <b49ef5704cd64b5090e7799fcf031fb4>:0 
Failed to call remote method #0 on object 1478/#Dynamic ('<NULL>'). This should be fixed: Reason : Object reference not set to an instance of an object. 
Trace:   at UnityEngine.Bindings.ThrowHelper.ThrowNullReferenceException (System.Object obj) [0x00018] in <5eb0ffefd25a4604963f191f59bef3cc>:0 
  at UnityEngine.Component.get_transform () [0x00006] in <5eb0ffefd25a4604963f191f59bef3cc>:0 
  at Grass.RecvGrassState () [0x00000] in <b49ef5704cd64b5090e7799fcf031fb4>:0 
  at CRPCHeader.CallMethodLocally (System.Byte functionID) [0x000cf] in <b49ef5704cd64b5090e7799fcf031fb4>:0 
Failed to call remote method #0 on object 1481/#Dynamic ('<NULL>'). This should be fixed: Reason : Object reference not set to an instance of an object. 
Trace:   at UnityEngine.Bindings.ThrowHelper.ThrowNullReferenceException (System.Object obj) [0x00018] in <5eb0ffefd25a4604963f191f59bef3cc>:0 
  at UnityEngine.Component.get_transform () [0x00006] in <5eb0ffefd25a4604963f191f59bef3cc>:0 
  at Grass.RecvGrassState () [0x00000] in <b49ef5704cd64b5090e7799fcf031fb4>:0 
  at CRPCHeader.CallMethodLocally (System.Byte functionID) [0x000cf] in <b49ef5704cd64b5090e7799fcf031fb4>:0 
Failed to call remote method #0 on object 1485/#Dynamic ('<NULL>'). This should be fixed: Reason : Object reference not set to an instance of an object. 
Trace:   at UnityEngine.Bindings.ThrowHelper.ThrowNullReferenceException (System.Object obj) [0x00018] in <5eb0ffefd25a4604963f191f59bef3cc>:0 
  at UnityEngine.Component.get_transform () [0x00006] in <5eb0ffefd25a4604963f191f59bef3cc>:0 
  at Grass.RecvGrassState () [0x00000] in <b49ef5704cd64b5090e7799fcf031fb4>:0 
  at CRPCHeader.CallMethodLocally (System.Byte functionID) [0x000cf] in <b49ef5704cd64b5090e7799fcf031fb4>:0 
Failed to call remote method #0 on object 1484/#Dynamic ('<NULL>'). This should be fixed: Reason : Object reference not set to an instance of an object. 
Trace:   at UnityEngine.Bindings.ThrowHelper.ThrowNullReferenceException (System.Object obj) [0x00018] in <5eb0ffefd25a4604963f191f59bef3cc>:0 
  at UnityEngine.Component.get_transform () [0x00006] in <5eb0ffefd25a4604963f191f59bef3cc>:0 
  at Grass.RecvGrassState () [0x00000] in <b49ef5704cd64b5090e7799fcf031fb4>:0 
  at CRPCHeader.CallMethodLocally (System.Byte functionID) [0x000cf] in <b49ef5704cd64b5090e7799fcf031fb4>:0 
Failed to call remote method #0 on object 1487/#Dynamic ('<NULL>'). This should be fixed: Reason : Object reference not set to an instance of an object. 
Trace:   at UnityEngine.Bindings.ThrowHelper.ThrowNullReferenceException (System.Object obj) [0x00018] in <5eb0ffefd25a4604963f191f59bef3cc>:0 
  at UnityEngine.Component.get_transform () [0x00006] in <5eb0ffefd25a4604963f191f59bef3cc>:0 
  at Grass.RecvGrassState () [0x00000] in <b49ef5704cd64b5090e7799fcf031fb4>:0 
  at CRPCHeader.CallMethodLocally (System.Byte functionID) [0x000cf] in <b49ef5704cd64b5090e7799fcf031fb4>:0 
Failed to call remote method #0 on object 1482/#Dynamic ('<NULL>'). This should be fixed: Reason : Object reference not set to an instance of an object. 
Trace:   at UnityEngine.Bindings.ThrowHelper.ThrowNullReferenceException (System.Object obj) [0x00018] in <5eb0ffefd25a4604963f191f59bef3cc>:0 
  at UnityEngine.Component.get_transform () [0x00006] in <5eb0ffefd25a4604963f191f59bef3cc>:0 
  at Grass.RecvGrassState () [0x00000] in <b49ef5704cd64b5090e7799fcf031fb4>:0 
  at CRPCHeader.CallMethodLocally (System.Byte functionID) [0x000cf] in <b49ef5704cd64b5090e7799fcf031fb4>:0 
Failed to call remote method #0 on object 1490/#Dynamic ('<NULL>'). This should be fixed: Reason : Object reference not set to an instance of an object. 
Trace:   at UnityEngine.Bindings.ThrowHelper.ThrowNullReferenceException (System.Object obj) [0x00018] in <5eb0ffefd25a4604963f191f59bef3cc>:0 
  at UnityEngine.Component.get_transform () [0x00006] in <5eb0ffefd25a4604963f191f59bef3cc>:0 
  at Grass.RecvGrassState () [0x00000] in <b49ef5704cd64b5090e7799fcf031fb4>:0 
  at CRPCHeader.CallMethodLocally (System.Byte functionID) [0x000cf] in <b49ef5704cd64b5090e7799fcf031fb4>:0 
Failed to call remote method #0 on object 1486/#Dynamic ('<NULL>'). This should be fixed: Reason : Object reference not set to an instance of an object. 
Trace:   at UnityEngine.Bindings.ThrowHelper.ThrowNullReferenceException (System.Object obj) [0x00018] in <5eb0ffefd25a4604963f191f59bef3cc>:0 
  at UnityEngine.Component.get_transform () [0x00006] in <5eb0ffefd25a4604963f191f59bef3cc>:0 
  at Grass.RecvGrassState () [0x00000] in <b49ef5704cd64b5090e7799fcf031fb4>:0 
  at CRPCHeader.CallMethodLocally (System.Byte functionID) [0x000cf] in <b49ef5704cd64b5090e7799fcf031fb4>:0 
Failed to call remote method #0 on object 1491/#Dynamic ('<NULL>'). This should be fixed: Reason : Object reference not set to an instance of an object. 
Trace:   at UnityEngine.Bindings.ThrowHelper.ThrowNullReferenceException (System.Object obj) [0x00018] in <5eb0ffefd25a4604963f191f59bef3cc>:0 
  at UnityEngine.Component.get_transform () [0x00006] in <5eb0ffefd25a4604963f191f59bef3cc>:0 
  at Grass.RecvGrassState () [0x00000] in <b49ef5704cd64b5090e7799fcf031fb4>:0 
  at CRPCHeader.CallMethodLocally (System.Byte functionID) [0x000cf] in <b49ef5704cd64b5090e7799fcf031fb4>:0 
Failed to call remote method #0 on object 1488/#Dynamic ('<NULL>'). This should be fixed: Reason : Object reference not set to an instance of an object. 
Trace:   at UnityEngine.Bindings.ThrowHelper.ThrowNullReferenceException (System.Object obj) [0x00018] in <5eb0ffefd25a4604963f191f59bef3cc>:0 
  at UnityEngine.Component.get_transform () [0x00006] in <5eb0ffefd25a4604963f191f59bef3cc>:0 
  at Grass.RecvGrassState () [0x00000] in <b49ef5704cd64b5090e7799fcf031fb4>:0 
  at CRPCHeader.CallMethodLocally (System.Byte functionID) [0x000cf] in <b49ef5704cd64b5090e7799fcf031fb4>:0 
Failed to call remote method #0 on object 1489/#Dynamic ('<NULL>'). This should be fixed: Reason : Object reference not set to an instance of an object. 
Trace:   at UnityEngine.Bindings.ThrowHelper.ThrowNullReferenceException (System.Object obj) [0x00018] in <5eb0ffefd25a4604963f191f59bef3cc>:0 
  at UnityEngine.Component.get_transform () [0x00006] in <5eb0ffefd25a4604963f191f59bef3cc>:0 
  at Grass.RecvGrassState () [0x00000] in <b49ef5704cd64b5090e7799fcf031fb4>:0 
  at CRPCHeader.CallMethodLocally (System.Byte functionID) [0x000cf] in <b49ef5704cd64b5090e7799fcf031fb4>:0 
Failed to call remote method #0 on object 1493/#Dynamic ('<NULL>'). This should be fixed: Reason : Object reference not set to an instance of an object. 
Trace:   at UnityEngine.Bindings.ThrowHelper.ThrowNullReferenceException (System.Object obj) [0x00018] in <5eb0ffefd25a4604963f191f59bef3cc>:0 
  at UnityEngine.Component.get_transform () [0x00006] in <5eb0ffefd25a4604963f191f59bef3cc>:0 
  at Grass.RecvGrassState () [0x00000] in <b49ef5704cd64b5090e7799fcf031fb4>:0 
  at CRPCHeader.CallMethodLocally (System.Byte functionID) [0x000cf] in <b49ef5704cd64b5090e7799fcf031fb4>:0 
Failed to call remote method #0 on object 1497/#Dynamic ('<NULL>'). This should be fixed: Reason : Object reference not set to an instance of an object. 
Trace:   at UnityEngine.Bindings.ThrowHelper.ThrowNullReferenceException (System.Object obj) [0x00018] in <5eb0ffefd25a4604963f191f59bef3cc>:0 
  at UnityEngine.Component.get_transform () [0x00006] in <5eb0ffefd25a4604963f191f59bef3cc>:0 
  at Grass.RecvGrassState () [0x00000] in <b49ef5704cd64b5090e7799fcf031fb4>:0 
  at CRPCHeader.CallMethodLocally (System.Byte functionID) [0x000cf] in <b49ef5704cd64b5090e7799fcf031fb4>:0 
Failed to call remote method #0 on object 1494/#Dynamic ('<NULL>'). This should be fixed: Reason : Object reference not set to an instance of an object. 
Trace:   at UnityEngine.Bindings.ThrowHelper.ThrowNullReferenceException (System.Object obj) [0x00018] in <5eb0ffefd25a4604963f191f59bef3cc>:0 
  at UnityEngine.Component.get_transform () [0x00006] in <5eb0ffefd25a4604963f191f59bef3cc>:0 
  at Grass.RecvGrassState () [0x00000] in <b49ef5704cd64b5090e7799fcf031fb4>:0 
  at CRPCHeader.CallMethodLocally (System.Byte functionID) [0x000cf] in <b49ef5704cd64b5090e7799fcf031fb4>:0 
Failed to call remote method #0 on object 1492/#Dynamic ('<NULL>'). This should be fixed: Reason : Object reference not set to an instance of an object. 
Trace:   at UnityEngine.Bindings.ThrowHelper.ThrowNullReferenceException (System.Object obj) [0x00018] in <5eb0ffefd25a4604963f191f59bef3cc>:0 
  at UnityEngine.Component.get_transform () [0x00006] in <5eb0ffefd25a4604963f191f59bef3cc>:0 
  at Grass.RecvGrassState () [0x00000] in <b49ef5704cd64b5090e7799fcf031fb4>:0 
  at CRPCHeader.CallMethodLocally (System.Byte functionID) [0x000cf] in <b49ef5704cd64b5090e7799fcf031fb4>:0 
Failed to call remote method #0 on object 1500/#Dynamic ('<NULL>'). This should be fixed: Reason : Object reference not set to an instance of an object. 
Trace:   at UnityEngine.Bindings.ThrowHelper.ThrowNullReferenceException (System.Object obj) [0x00018] in <5eb0ffefd25a4604963f191f59bef3cc>:0 
  at UnityEngine.Component.get_transform () [0x00006] in <5eb0ffefd25a4604963f191f59bef3cc>:0 
  at Grass.RecvGrassState () [0x00000] in <b49ef5704cd64b5090e7799fcf031fb4>:0 
  at CRPCHeader.CallMethodLocally (System.Byte functionID) [0x000cf] in <b49ef5704cd64b5090e7799fcf031fb4>:0 
Failed to call remote method #0 on object 1496/#Dynamic ('<NULL>'). This should be fixed: Reason : Object reference not set to an instance of an object. 
Trace:   at UnityEngine.Bindings.ThrowHelper.ThrowNullReferenceException (System.Object obj) [0x00018] in <5eb0ffefd25a4604963f191f59bef3cc>:0 
  at UnityEngine.Component.get_transform () [0x00006] in <5eb0ffefd25a4604963f191f59bef3cc>:0 
  at Grass.RecvGrassState () [0x00000] in <b49ef5704cd64b5090e7799fcf031fb4>:0 
  at CRPCHeader.CallMethodLocally (System.Byte functionID) [0x000cf] in <b49ef5704cd64b5090e7799fcf031fb4>:0 
Failed to call remote method #0 on object 1498/#Dynamic ('<NULL>'). This should be fixed: Reason : Object reference not set to an instance of an object. 
Trace:   at UnityEngine.Bindings.ThrowHelper.ThrowNullReferenceException (System.Object obj) [0x00018] in <5eb0ffefd25a4604963f191f59bef3cc>:0 
  at UnityEngine.Component.get_transform () [0x00006] in <5eb0ffefd25a4604963f191f59bef3cc>:0 
  at Grass.RecvGrassState () [0x00000] in <b49ef5704cd64b5090e7799fcf031fb4>:0 
  at CRPCHeader.CallMethodLocally (System.Byte functionID) [0x000cf] in <b49ef5704cd64b5090e7799fcf031fb4>:0 
Failed to call remote method #0 on object 1503/#Dynamic ('<NULL>'). This should be fixed: Reason : Object reference not set to an instance of an object. 
Trace:   at UnityEngine.Bindings.ThrowHelper.ThrowNullReferenceException (System.Object obj) [0x00018] in <5eb0ffefd25a4604963f191f59bef3cc>:0 
  at UnityEngine.Component.get_transform () [0x00006] in <5eb0ffefd25a4604963f191f59bef3cc>:0 
  at Grass.RecvGrassState () [0x00000] in <b49ef5704cd64b5090e7799fcf031fb4>:0 
  at CRPCHeader.CallMethodLocally (System.Byte functionID) [0x000cf] in <b49ef5704cd64b5090e7799fcf031fb4>:0 
Failed to call remote method #0 on object 1499/#Dynamic ('<NULL>'). This should be fixed: Reason : Object reference not set to an instance of an object. 
Trace:   at UnityEngine.Bindings.ThrowHelper.ThrowNullReferenceException (System.Object obj) [0x00018] in <5eb0ffefd25a4604963f191f59bef3cc>:0 
  at UnityEngine.Component.get_transform () [0x00006] in <5eb0ffefd25a4604963f191f59bef3cc>:0 
  at Grass.RecvGrassState () [0x00000] in <b49ef5704cd64b5090e7799fcf031fb4>:0 
  at CRPCHeader.CallMethodLocally (System.Byte functionID) [0x000cf] in <b49ef5704cd64b5090e7799fcf031fb4>:0 
Failed to call remote method #0 on object 1502/#Dynamic ('<NULL>'). This should be fixed: Reason : Object reference not set to an instance of an object. 
Trace:   at UnityEngine.Bindings.ThrowHelper.ThrowNullReferenceException (System.Object obj) [0x00018] in <5eb0ffefd25a4604963f191f59bef3cc>:0 
  at UnityEngine.Component.get_transform () [0x00006] in <5eb0ffefd25a4604963f191f59bef3cc>:0 
  at Grass.RecvGrassState () [0x00000] in <b49ef5704cd64b5090e7799fcf031fb4>:0 
  at CRPCHeader.CallMethodLocally (System.Byte functionID) [0x000cf] in <b49ef5704cd64b5090e7799fcf031fb4>:0 
Failed to call remote method #0 on object 1501/#Dynamic ('<NULL>'). This should be fixed: Reason : Object reference not set to an instance of an object. 
Trace:   at UnityEngine.Bindings.ThrowHelper.ThrowNullReferenceException (System.Object obj) [0x00018] in <5eb0ffefd25a4604963f191f59bef3cc>:0 
  at UnityEngine.Component.get_transform () [0x00006] in <5eb0ffefd25a4604963f191f59bef3cc>:0 
  at Grass.RecvGrassState () [0x00000] in <b49ef5704cd64b5090e7799fcf031fb4>:0 
  at CRPCHeader.CallMethodLocally (System.Byte functionID) [0x000cf] in <b49ef5704cd64b5090e7799fcf031fb4>:0 
Failed to call remote method #0 on object 1504/#Dynamic ('<NULL>'). This should be fixed: Reason : Object reference not set to an instance of an object. 
Trace:   at UnityEngine.Bindings.ThrowHelper.ThrowNullReferenceException (System.Object obj) [0x00018] in <5eb0ffefd25a4604963f191f59bef3cc>:0 
  at UnityEngine.Component.get_transform () [0x00006] in <5eb0ffefd25a4604963f191f59bef3cc>:0 
  at Grass.RecvGrassState () [0x00000] in <b49ef5704cd64b5090e7799fcf031fb4>:0 
  at CRPCHeader.CallMethodLocally (System.Byte functionID) [0x000cf] in <b49ef5704cd64b5090e7799fcf031fb4>:0 
Failed to call remote method #0 on object 1507/#Dynamic ('<NULL>'). This should be fixed: Reason : Object reference not set to an instance of an object. 
Trace:   at UnityEngine.Bindings.ThrowHelper.ThrowNullReferenceException (System.Object obj) [0x00018] in <5eb0ffefd25a4604963f191f59bef3cc>:0 
  at UnityEngine.Component.get_transform () [0x00006] in <5eb0ffefd25a4604963f191f59bef3cc>:0 
  at Grass.RecvGrassState () [0x00000] in <b49ef5704cd64b5090e7799fcf031fb4>:0 
  at CRPCHeader.CallMethodLocally (System.Byte functionID) [0x000cf] in <b49ef5704cd64b5090e7799fcf031fb4>:0 
Failed to call remote method #0 on object 1508/#Dynamic ('<NULL>'). This should be fixed: Reason : Object reference not set to an instance of an object. 
Trace:   at UnityEngine.Bindings.ThrowHelper.ThrowNullReferenceException (System.Object obj) [0x00018] in <5eb0ffefd25a4604963f191f59bef3cc>:0 
  at UnityEngine.Component.get_transform () [0x00006] in <5eb0ffefd25a4604963f191f59bef3cc>:0 
  at Grass.RecvGrassState () [0x00000] in <b49ef5704cd64b5090e7799fcf031fb4>:0 
  at CRPCHeader.CallMethodLocally (System.Byte functionID) [0x000cf] in <b49ef5704cd64b5090e7799fcf031fb4>:0 
Failed to call remote method #0 on object 1506/#Dynamic ('<NULL>'). This should be fixed: Reason : Object reference not set to an instance of an object. 
Trace:   at UnityEngine.Bindings.ThrowHelper.ThrowNullReferenceException (System.Object obj) [0x00018] in <5eb0ffefd25a4604963f191f59bef3cc>:0 
  at UnityEngine.Component.get_transform () [0x00006] in <5eb0ffefd25a4604963f191f59bef3cc>:0 
  at Grass.RecvGrassState () [0x00000] in <b49ef5704cd64b5090e7799fcf031fb4>:0 
  at CRPCHeader.CallMethodLocally (System.Byte functionID) [0x000cf] in <b49ef5704cd64b5090e7799fcf031fb4>:0 
Failed to call remote method #0 on object 1510/#Dynamic ('<NULL>'). This should be fixed: Reason : Object reference not set to an instance of an object. 
Trace:   at UnityEngine.Bindings.ThrowHelper.ThrowNullReferenceException (System.Object obj) [0x00018] in <5eb0ffefd25a4604963f191f59bef3cc>:0 
  at UnityEngine.Component.get_transform () [0x00006] in <5eb0ffefd25a4604963f191f59bef3cc>:0 
  at Grass.RecvGrassState () [0x00000] in <b49ef5704cd64b5090e7799fcf031fb4>:0 
  at CRPCHeader.CallMethodLocally (System.Byte functionID) [0x000cf] in <b49ef5704cd64b5090e7799fcf031fb4>:0 
Failed to call remote method #0 on object 1509/#Dynamic ('<NULL>'). This should be fixed: Reason : Object reference not set to an instance of an object. 
Trace:   at UnityEngine.Bindings.ThrowHelper.ThrowNullReferenceException (System.Object obj) [0x00018] in <5eb0ffefd25a4604963f191f59bef3cc>:0 
  at UnityEngine.Component.get_transform () [0x00006] in <5eb0ffefd25a4604963f191f59bef3cc>:0 
  at Grass.RecvGrassState () [0x00000] in <b49ef5704cd64b5090e7799fcf031fb4>:0 
  at CRPCHeader.CallMethodLocally (System.Byte functionID) [0x000cf] in <b49ef5704cd64b5090e7799fcf031fb4>:0 
Failed to call remote method #0 on object 1514/#Dynamic ('<NULL>'). This should be fixed: Reason : Object reference not set to an instance of an object. 
Trace:   at UnityEngine.Bindings.ThrowHelper.ThrowNullReferenceException (System.Object obj) [0x00018] in <5eb0ffefd25a4604963f191f59bef3cc>:0 
  at UnityEngine.Component.get_transform () [0x00006] in <5eb0ffefd25a4604963f191f59bef3cc>:0 
  at Grass.RecvGrassState () [0x00000] in <b49ef5704cd64b5090e7799fcf031fb4>:0 
  at CRPCHeader.CallMethodLocally (System.Byte functionID) [0x000cf] in <b49ef5704cd64b5090e7799fcf031fb4>:0 
Failed to call remote method #0 on object 1511/#Dynamic ('<NULL>'). This should be fixed: Reason : Object reference not set to an instance of an object. 
Trace:   at UnityEngine.Bindings.ThrowHelper.ThrowNullReferenceException (System.Object obj) [0x00018] in <5eb0ffefd25a4604963f191f59bef3cc>:0 
  at UnityEngine.Component.get_transform () [0x00006] in <5eb0ffefd25a4604963f191f59bef3cc>:0 
  at Grass.RecvGrassState () [0x00000] in <b49ef5704cd64b5090e7799fcf031fb4>:0 
  at CRPCHeader.CallMethodLocally (System.Byte functionID) [0x000cf] in <b49ef5704cd64b5090e7799fcf031fb4>:0 
Failed to call remote method #0 on object 1512/#Dynamic ('<NULL>'). This should be fixed: Reason : Object reference not set to an instance of an object. 
Trace:   at UnityEngine.Bindings.ThrowHelper.ThrowNullReferenceException (System.Object obj) [0x00018] in <5eb0ffefd25a4604963f191f59bef3cc>:0 
  at UnityEngine.Component.get_transform () [0x00006] in <5eb0ffefd25a4604963f191f59bef3cc>:0 
  at Grass.RecvGrassState () [0x00000] in <b49ef5704cd64b5090e7799fcf031fb4>:0 
  at CRPCHeader.CallMethodLocally (System.Byte functionID) [0x000cf] in <b49ef5704cd64b5090e7799fcf031fb4>:0 
Failed to call remote method #0 on object 1513/#Dynamic ('<NULL>'). This should be fixed: Reason : Object reference not set to an instance of an object. 
Trace:   at UnityEngine.Bindings.ThrowHelper.ThrowNullReferenceException (System.Object obj) [0x00018] in <5eb0ffefd25a4604963f191f59bef3cc>:0 
  at UnityEngine.Component.get_transform () [0x00006] in <5eb0ffefd25a4604963f191f59bef3cc>:0 
  at Grass.RecvGrassState () [0x00000] in <b49ef5704cd64b5090e7799fcf031fb4>:0 
  at CRPCHeader.CallMethodLocally (System.Byte functionID) [0x000cf] in <b49ef5704cd64b5090e7799fcf031fb4>:0 
Failed to call remote method #0 on object 1515/#Dynamic ('<NULL>'). This should be fixed: Reason : Object reference not set to an instance of an object. 
Trace:   at UnityEngine.Bindings.ThrowHelper.ThrowNullReferenceException (System.Object obj) [0x00018] in <5eb0ffefd25a4604963f191f59bef3cc>:0 
  at UnityEngine.Component.get_transform () [0x00006] in <5eb0ffefd25a4604963f191f59bef3cc>:0 
  at Grass.RecvGrassState () [0x00000] in <b49ef5704cd64b5090e7799fcf031fb4>:0 
  at CRPCHeader.CallMethodLocally (System.Byte functionID) [0x000cf] in <b49ef5704cd64b5090e7799fcf031fb4>:0 
Failed to call remote method #0 on object 1516/#Dynamic ('<NULL>'). This should be fixed: Reason : Object reference not set to an instance of an object. 
Trace:   at UnityEngine.Bindings.ThrowHelper.ThrowNullReferenceException (System.Object obj) [0x00018] in <5eb0ffefd25a4604963f191f59bef3cc>:0 
  at UnityEngine.Component.get_transform () [0x00006] in <5eb0ffefd25a4604963f191f59bef3cc>:0 
  at Grass.RecvGrassState () [0x00000] in <b49ef5704cd64b5090e7799fcf031fb4>:0 
  at CRPCHeader.CallMethodLocally (System.Byte functionID) [0x000cf] in <b49ef5704cd64b5090e7799fcf031fb4>:0 
Failed to call remote method #0 on object 1520/#Dynamic ('<NULL>'). This should be fixed: Reason : Object reference not set to an instance of an object. 
Trace:   at UnityEngine.Bindings.ThrowHelper.ThrowNullReferenceException (System.Object obj) [0x00018] in <5eb0ffefd25a4604963f191f59bef3cc>:0 
  at UnityEngine.Component.get_transform () [0x00006] in <5eb0ffefd25a4604963f191f59bef3cc>:0 
  at Grass.RecvGrassState () [0x00000] in <b49ef5704cd64b5090e7799fcf031fb4>:0 
  at CRPCHeader.CallMethodLocally (System.Byte functionID) [0x000cf] in <b49ef5704cd64b5090e7799fcf031fb4>:0 
Failed to call remote method #0 on object 1522/#Dynamic ('<NULL>'). This should be fixed: Reason : Object reference not set to an instance of an object. 
Trace:   at UnityEngine.Bindings.ThrowHelper.ThrowNullReferenceException (System.Object obj) [0x00018] in <5eb0ffefd25a4604963f191f59bef3cc>:0 
  at UnityEngine.Component.get_transform () [0x00006] in <5eb0ffefd25a4604963f191f59bef3cc>:0 
  at Grass.RecvGrassState () [0x00000] in <b49ef5704cd64b5090e7799fcf031fb4>:0 
  at CRPCHeader.CallMethodLocally (System.Byte functionID) [0x000cf] in <b49ef5704cd64b5090e7799fcf031fb4>:0 
Failed to call remote method #0 on object 1517/#Dynamic ('<NULL>'). This should be fixed: Reason : Object reference not set to an instance of an object. 
Trace:   at UnityEngine.Bindings.ThrowHelper.ThrowNullReferenceException (System.Object obj) [0x00018] in <5eb0ffefd25a4604963f191f59bef3cc>:0 
  at UnityEngine.Component.get_transform () [0x00006] in <5eb0ffefd25a4604963f191f59bef3cc>:0 
  at Grass.RecvGrassState () [0x00000] in <b49ef5704cd64b5090e7799fcf031fb4>:0 
  at CRPCHeader.CallMethodLocally (System.Byte functionID) [0x000cf] in <b49ef5704cd64b5090e7799fcf031fb4>:0 
Failed to call remote method #0 on object 1525/#Dynamic ('<NULL>'). This should be fixed: Reason : Object reference not set to an instance of an object. 
Trace:   at UnityEngine.Bindings.ThrowHelper.ThrowNullReferenceException (System.Object obj) [0x00018] in <5eb0ffefd25a4604963f191f59bef3cc>:0 
  at UnityEngine.Component.get_transform () [0x00006] in <5eb0ffefd25a4604963f191f59bef3cc>:0 
  at Grass.RecvGrassState () [0x00000] in <b49ef5704cd64b5090e7799fcf031fb4>:0 
  at CRPCHeader.CallMethodLocally (System.Byte functionID) [0x000cf] in <b49ef5704cd64b5090e7799fcf031fb4>:0 
Failed to call remote method #0 on object 1521/#Dynamic ('<NULL>'). This should be fixed: Reason : Object reference not set to an instance of an object. 
Trace:   at UnityEngine.Bindings.ThrowHelper.ThrowNullReferenceException (System.Object obj) [0x00018] in <5eb0ffefd25a4604963f191f59bef3cc>:0 
  at UnityEngine.Component.get_transform () [0x00006] in <5eb0ffefd25a4604963f191f59bef3cc>:0 
  at Grass.RecvGrassState () [0x00000] in <b49ef5704cd64b5090e7799fcf031fb4>:0 
  at CRPCHeader.CallMethodLocally (System.Byte functionID) [0x000cf] in <b49ef5704cd64b5090e7799fcf031fb4>:0 
Failed to call remote method #0 on object 1518/#Dynamic ('<NULL>'). This should be fixed: Reason : Object reference not set to an instance of an object. 
Trace:   at UnityEngine.Bindings.ThrowHelper.ThrowNullReferenceException (System.Object obj) [0x00018] in <5eb0ffefd25a4604963f191f59bef3cc>:0 
  at UnityEngine.Component.get_transform () [0x00006] in <5eb0ffefd25a4604963f191f59bef3cc>:0 
  at Grass.RecvGrassState () [0x00000] in <b49ef5704cd64b5090e7799fcf031fb4>:0 
  at CRPCHeader.CallMethodLocally (System.Byte functionID) [0x000cf] in <b49ef5704cd64b5090e7799fcf031fb4>:0 
Failed to call remote method #0 on object 1524/#Dynamic ('<NULL>'). This should be fixed: Reason : Object reference not set to an instance of an object. 
Trace:   at UnityEngine.Bindings.ThrowHelper.ThrowNullReferenceException (System.Object obj) [0x00018] in <5eb0ffefd25a4604963f191f59bef3cc>:0 
  at UnityEngine.Component.get_transform () [0x00006] in <5eb0ffefd25a4604963f191f59bef3cc>:0 
  at Grass.RecvGrassState () [0x00000] in <b49ef5704cd64b5090e7799fcf031fb4>:0 
  at CRPCHeader.CallMethodLocally (System.Byte functionID) [0x000cf] in <b49ef5704cd64b5090e7799fcf031fb4>:0 
Failed to call remote method #0 on object 1526/#Dynamic ('<NULL>'). This should be fixed: Reason : Object reference not set to an instance of an object. 
Trace:   at UnityEngine.Bindings.ThrowHelper.ThrowNullReferenceException (System.Object obj) [0x00018] in <5eb0ffefd25a4604963f191f59bef3cc>:0 
  at UnityEngine.Component.get_transform () [0x00006] in <5eb0ffefd25a4604963f191f59bef3cc>:0 
  at Grass.RecvGrassState () [0x00000] in <b49ef5704cd64b5090e7799fcf031fb4>:0 
  at CRPCHeader.CallMethodLocally (System.Byte functionID) [0x000cf] in <b49ef5704cd64b5090e7799fcf031fb4>:0 
Failed to call remote method #0 on object 1528/#Dynamic ('<NULL>'). This should be fixed: Reason : Object reference not set to an instance of an object. 
Trace:   at UnityEngine.Bindings.ThrowHelper.ThrowNullReferenceException (System.Object obj) [0x00018] in <5eb0ffefd25a4604963f191f59bef3cc>:0 
  at UnityEngine.Component.get_transform () [0x00006] in <5eb0ffefd25a4604963f191f59bef3cc>:0 
  at Grass.RecvGrassState () [0x00000] in <b49ef5704cd64b5090e7799fcf031fb4>:0 
  at CRPCHeader.CallMethodLocally (System.Byte functionID) [0x000cf] in <b49ef5704cd64b5090e7799fcf031fb4>:0 
Failed to call remote method #0 on object 1523/#Dynamic ('<NULL>'). This should be fixed: Reason : Object reference not set to an instance of an object. 
Trace:   at UnityEngine.Bindings.ThrowHelper.ThrowNullReferenceException (System.Object obj) [0x00018] in <5eb0ffefd25a4604963f191f59bef3cc>:0 
  at UnityEngine.Component.get_transform () [0x00006] in <5eb0ffefd25a4604963f191f59bef3cc>:0 
  at Grass.RecvGrassState () [0x00000] in <b49ef5704cd64b5090e7799fcf031fb4>:0 
  at CRPCHeader.CallMethodLocally (System.Byte functionID) [0x000cf] in <b49ef5704cd64b5090e7799fcf031fb4>:0 
Failed to call remote method #0 on object 1530/#Dynamic ('<NULL>'). This should be fixed: Reason : Object reference not set to an instance of an object. 
Trace:   at UnityEngine.Bindings.ThrowHelper.ThrowNullReferenceException (System.Object obj) [0x00018] in <5eb0ffefd25a4604963f191f59bef3cc>:0 
  at UnityEngine.Component.get_transform () [0x00006] in <5eb0ffefd25a4604963f191f59bef3cc>:0 
  at Grass.RecvGrassState () [0x00000] in <b49ef5704cd64b5090e7799fcf031fb4>:0 
  at CRPCHeader.CallMethodLocally (System.Byte functionID) [0x000cf] in <b49ef5704cd64b5090e7799fcf031fb4>:0 
Failed to call remote method #0 on object 1534/#Dynamic ('<NULL>'). This should be fixed: Reason : Object reference not set to an instance of an object. 
Trace:   at UnityEngine.Bindings.ThrowHelper.ThrowNullReferenceException (System.Object obj) [0x00018] in <5eb0ffefd25a4604963f191f59bef3cc>:0 
  at UnityEngine.Component.get_transform () [0x00006] in <5eb0ffefd25a4604963f191f59bef3cc>:0 
  at Grass.RecvGrassState () [0x00000] in <b49ef5704cd64b5090e7799fcf031fb4>:0 
  at CRPCHeader.CallMethodLocally (System.Byte functionID) [0x000cf] in <b49ef5704cd64b5090e7799fcf031fb4>:0 
Failed to call remote method #0 on object 1531/#Dynamic ('<NULL>'). This should be fixed: Reason : Object reference not set to an instance of an object. 
Trace:   at UnityEngine.Bindings.ThrowHelper.ThrowNullReferenceException (System.Object obj) [0x00018] in <5eb0ffefd25a4604963f191f59bef3cc>:0 
  at UnityEngine.Component.get_transform () [0x00006] in <5eb0ffefd25a4604963f191f59bef3cc>:0 
  at Grass.RecvGrassState () [0x00000] in <b49ef5704cd64b5090e7799fcf031fb4>:0 
  at CRPCHeader.CallMethodLocally (System.Byte functionID) [0x000cf] in <b49ef5704cd64b5090e7799fcf031fb4>:0 
Failed to call remote method #0 on object 1529/#Dynamic ('<NULL>'). This should be fixed: Reason : Object reference not set to an instance of an object. 
Trace:   at UnityEngine.Bindings.ThrowHelper.ThrowNullReferenceException (System.Object obj) [0x00018] in <5eb0ffefd25a4604963f191f59bef3cc>:0 
  at UnityEngine.Component.get_transform () [0x00006] in <5eb0ffefd25a4604963f191f59bef3cc>:0 
  at Grass.RecvGrassState () [0x00000] in <b49ef5704cd64b5090e7799fcf031fb4>:0 
  at CRPCHeader.CallMethodLocally (System.Byte functionID) [0x000cf] in <b49ef5704cd64b5090e7799fcf031fb4>:0 
Failed to call remote method #0 on object 1536/#Dynamic ('<NULL>'). This should be fixed: Reason : Object reference not set to an instance of an object. 
Trace:   at UnityEngine.Bindings.ThrowHelper.ThrowNullReferenceException (System.Object obj) [0x00018] in <5eb0ffefd25a4604963f191f59bef3cc>:0 
  at UnityEngine.Component.get_transform () [0x00006] in <5eb0ffefd25a4604963f191f59bef3cc>:0 
  at Grass.RecvGrassState () [0x00000] in <b49ef5704cd64b5090e7799fcf031fb4>:0 
  at CRPCHeader.CallMethodLocally (System.Byte functionID) [0x000cf] in <b49ef5704cd64b5090e7799fcf031fb4>:0 
Failed to call remote method #0 on object 1535/#Dynamic ('<NULL>'). This should be fixed: Reason : Object reference not set to an instance of an object. 
Trace:   at UnityEngine.Bindings.ThrowHelper.ThrowNullReferenceException (System.Object obj) [0x00018] in <5eb0ffefd25a4604963f191f59bef3cc>:0 
  at UnityEngine.Component.get_transform () [0x00006] in <5eb0ffefd25a4604963f191f59bef3cc>:0 
  at Grass.RecvGrassState () [0x00000] in <b49ef5704cd64b5090e7799fcf031fb4>:0 
  at CRPCHeader.CallMethodLocally (System.Byte functionID) [0x000cf] in <b49ef5704cd64b5090e7799fcf031fb4>:0 
Failed to call remote method #0 on object 1537/#Dynamic ('<NULL>'). This should be fixed: Reason : Object reference not set to an instance of an object. 
Trace:   at UnityEngine.Bindings.ThrowHelper.ThrowNullReferenceException (System.Object obj) [0x00018] in <5eb0ffefd25a4604963f191f59bef3cc>:0 
  at UnityEngine.Component.get_transform () [0x00006] in <5eb0ffefd25a4604963f191f59bef3cc>:0 
  at Grass.RecvGrassState () [0x00000] in <b49ef5704cd64b5090e7799fcf031fb4>:0 
  at CRPCHeader.CallMethodLocally (System.Byte functionID) [0x000cf] in <b49ef5704cd64b5090e7799fcf031fb4>:0 
Failed to call remote method #0 on object 1561/#Dynamic ('<NULL>'). This should be fixed: Reason : Object reference not set to an instance of an object. 
Trace:   at UnityEngine.Bindings.ThrowHelper.ThrowNullReferenceException (System.Object obj) [0x00018] in <5eb0ffefd25a4604963f191f59bef3cc>:0 
  at UnityEngine.Component.get_transform () [0x00006] in <5eb0ffefd25a4604963f191f59bef3cc>:0 
  at Grass.RecvGrassState () [0x00000] in <b49ef5704cd64b5090e7799fcf031fb4>:0 
  at CRPCHeader.CallMethodLocally (System.Byte functionID) [0x000cf] in <b49ef5704cd64b5090e7799fcf031fb4>:0 
Failed to call remote method #0 on object 1539/#Dynamic ('<NULL>'). This should be fixed: Reason : Object reference not set to an instance of an object. 
Trace:   at UnityEngine.Bindings.ThrowHelper.ThrowNullReferenceException (System.Object obj) [0x00018] in <5eb0ffefd25a4604963f191f59bef3cc>:0 
  at UnityEngine.Component.get_transform () [0x00006] in <5eb0ffefd25a4604963f191f59bef3cc>:0 
  at Grass.RecvGrassState () [0x00000] in <b49ef5704cd64b5090e7799fcf031fb4>:0 
  at CRPCHeader.CallMethodLocally (System.Byte functionID) [0x000cf] in <b49ef5704cd64b5090e7799fcf031fb4>:0 
Failed to call remote method #0 on object 1541/#Dynamic ('<NULL>'). This should be fixed: Reason : Object reference not set to an instance of an object. 
Trace:   at UnityEngine.Bindings.ThrowHelper.ThrowNullReferenceException (System.Object obj) [0x00018] in <5eb0ffefd25a4604963f191f59bef3cc>:0 
  at UnityEngine.Component.get_transform () [0x00006] in <5eb0ffefd25a4604963f191f59bef3cc>:0 
  at Grass.RecvGrassState () [0x00000] in <b49ef5704cd64b5090e7799fcf031fb4>:0 
  at CRPCHeader.CallMethodLocally (System.Byte functionID) [0x000cf] in <b49ef5704cd64b5090e7799fcf031fb4>:0 
Failed to call remote method #0 on object 1544/#Dynamic ('<NULL>'). This should be fixed: Reason : Object reference not set to an instance of an object. 
Trace:   at UnityEngine.Bindings.ThrowHelper.ThrowNullReferenceException (System.Object obj) [0x00018] in <5eb0ffefd25a4604963f191f59bef3cc>:0 
  at UnityEngine.Component.get_transform () [0x00006] in <5eb0ffefd25a4604963f191f59bef3cc>:0 
  at Grass.RecvGrassState () [0x00000] in <b49ef5704cd64b5090e7799fcf031fb4>:0 
  at CRPCHeader.CallMethodLocally (System.Byte functionID) [0x000cf] in <b49ef5704cd64b5090e7799fcf031fb4>:0 
Failed to call remote method #0 on object 1545/#Dynamic ('<NULL>'). This should be fixed: Reason : Object reference not set to an instance of an object. 
Trace:   at UnityEngine.Bindings.ThrowHelper.ThrowNullReferenceException (System.Object obj) [0x00018] in <5eb0ffefd25a4604963f191f59bef3cc>:0 
  at UnityEngine.Component.get_transform () [0x00006] in <5eb0ffefd25a4604963f191f59bef3cc>:0 
  at Grass.RecvGrassState () [0x00000] in <b49ef5704cd64b5090e7799fcf031fb4>:0 
  at CRPCHeader.CallMethodLocally (System.Byte functionID) [0x000cf] in <b49ef5704cd64b5090e7799fcf031fb4>:0 
Failed to call remote method #0 on object 1547/#Dynamic ('<NULL>'). This should be fixed: Reason : Object reference not set to an instance of an object. 
Trace:   at UnityEngine.Bindings.ThrowHelper.ThrowNullReferenceException (System.Object obj) [0x00018] in <5eb0ffefd25a4604963f191f59bef3cc>:0 
  at UnityEngine.Component.get_transform () [0x00006] in <5eb0ffefd25a4604963f191f59bef3cc>:0 
  at Grass.RecvGrassState () [0x00000] in <b49ef5704cd64b5090e7799fcf031fb4>:0 
  at CRPCHeader.CallMethodLocally (System.Byte functionID) [0x000cf] in <b49ef5704cd64b5090e7799fcf031fb4>:0 
Failed to call remote method #0 on object 1555/#Dynamic ('<NULL>'). This should be fixed: Reason : Object reference not set to an instance of an object. 
Trace:   at UnityEngine.Bindings.ThrowHelper.ThrowNullReferenceException (System.Object obj) [0x00018] in <5eb0ffefd25a4604963f191f59bef3cc>:0 
  at UnityEngine.Component.get_transform () [0x00006] in <5eb0ffefd25a4604963f191f59bef3cc>:0 
  at Grass.RecvGrassState () [0x00000] in <b49ef5704cd64b5090e7799fcf031fb4>:0 
  at CRPCHeader.CallMethodLocally (System.Byte functionID) [0x000cf] in <b49ef5704cd64b5090e7799fcf031fb4>:0 
Failed to call remote method #0 on object 1557/#Dynamic ('<NULL>'). This should be fixed: Reason : Object reference not set to an instance of an object. 
Trace:   at UnityEngine.Bindings.ThrowHelper.ThrowNullReferenceException (System.Object obj) [0x00018] in <5eb0ffefd25a4604963f191f59bef3cc>:0 
  at UnityEngine.Component.get_transform () [0x00006] in <5eb0ffefd25a4604963f191f59bef3cc>:0 
  at Grass.RecvGrassState () [0x00000] in <b49ef5704cd64b5090e7799fcf031fb4>:0 
  at CRPCHeader.CallMethodLocally (System.Byte functionID) [0x000cf] in <b49ef5704cd64b5090e7799fcf031fb4>:0 
Failed to call remote method #0 on object 1558/#Dynamic ('<NULL>'). This should be fixed: Reason : Object reference not set to an instance of an object. 
Trace:   at UnityEngine.Bindings.ThrowHelper.ThrowNullReferenceException (System.Object obj) [0x00018] in <5eb0ffefd25a4604963f191f59bef3cc>:0 
  at UnityEngine.Component.get_transform () [0x00006] in <5eb0ffefd25a4604963f191f59bef3cc>:0 
  at Grass.RecvGrassState () [0x00000] in <b49ef5704cd64b5090e7799fcf031fb4>:0 
  at CRPCHeader.CallMethodLocally (System.Byte functionID) [0x000cf] in <b49ef5704cd64b5090e7799fcf031fb4>:0 
Failed to call remote method #0 on object 1560/#Dynamic ('<NULL>'). This should be fixed: Reason : Object reference not set to an instance of an object. 
Trace:   at UnityEngine.Bindings.ThrowHelper.ThrowNullReferenceException (System.Object obj) [0x00018] in <5eb0ffefd25a4604963f191f59bef3cc>:0 
  at UnityEngine.Component.get_transform () [0x00006] in <5eb0ffefd25a4604963f191f59bef3cc>:0 
  at Grass.RecvGrassState () [0x00000] in <b49ef5704cd64b5090e7799fcf031fb4>:0 
  at CRPCHeader.CallMethodLocally (System.Byte functionID) [0x000cf] in <b49ef5704cd64b5090e7799fcf031fb4>:0 
Failed to call remote method #0 on object 1565/#Dynamic ('<NULL>'). This should be fixed: Reason : Object reference not set to an instance of an object. 
Trace:   at UnityEngine.Bindings.ThrowHelper.ThrowNullReferenceException (System.Object obj) [0x00018] in <5eb0ffefd25a4604963f191f59bef3cc>:0 
  at UnityEngine.Component.get_transform () [0x00006] in <5eb0ffefd25a4604963f191f59bef3cc>:0 
  at Grass.RecvGrassState () [0x00000] in <b49ef5704cd64b5090e7799fcf031fb4>:0 
  at CRPCHeader.CallMethodLocally (System.Byte functionID) [0x000cf] in <b49ef5704cd64b5090e7799fcf031fb4>:0 
Failed to call remote method #0 on object 1563/#Dynamic ('<NULL>'). This should be fixed: Reason : Object reference not set to an instance of an object. 
Trace:   at UnityEngine.Bindings.ThrowHelper.ThrowNullReferenceException (System.Object obj) [0x00018] in <5eb0ffefd25a4604963f191f59bef3cc>:0 
  at UnityEngine.Component.get_transform () [0x00006] in <5eb0ffefd25a4604963f191f59bef3cc>:0 
  at Grass.RecvGrassState () [0x00000] in <b49ef5704cd64b5090e7799fcf031fb4>:0 
  at CRPCHeader.CallMethodLocally (System.Byte functionID) [0x000cf] in <b49ef5704cd64b5090e7799fcf031fb4>:0 
Failed to call remote method #0 on object 1564/#Dynamic ('<NULL>'). This should be fixed: Reason : Object reference not set to an instance of an object. 
Trace:   at UnityEngine.Bindings.ThrowHelper.ThrowNullReferenceException (System.Object obj) [0x00018] in <5eb0ffefd25a4604963f191f59bef3cc>:0 
  at UnityEngine.Component.get_transform () [0x00006] in <5eb0ffefd25a4604963f191f59bef3cc>:0 
  at Grass.RecvGrassState () [0x00000] in <b49ef5704cd64b5090e7799fcf031fb4>:0 
  at CRPCHeader.CallMethodLocally (System.Byte functionID) [0x000cf] in <b49ef5704cd64b5090e7799fcf031fb4>:0 
Failed to call remote method #0 on object 1566/#Dynamic ('<NULL>'). This should be fixed: Reason : Object reference not set to an instance of an object. 
Trace:   at UnityEngine.Bindings.ThrowHelper.ThrowNullReferenceException (System.Object obj) [0x00018] in <5eb0ffefd25a4604963f191f59bef3cc>:0 
  at UnityEngine.Component.get_transform () [0x00006] in <5eb0ffefd25a4604963f191f59bef3cc>:0 
  at Grass.RecvGrassState () [0x00000] in <b49ef5704cd64b5090e7799fcf031fb4>:0 
  at CRPCHeader.CallMethodLocally (System.Byte functionID) [0x000cf] in <b49ef5704cd64b5090e7799fcf031fb4>:0 
Failed to call remote method #0 on object 1569/#Dynamic ('<NULL>'). This should be fixed: Reason : Object reference not set to an instance of an object. 
Trace:   at UnityEngine.Bindings.ThrowHelper.ThrowNullReferenceException (System.Object obj) [0x00018] in <5eb0ffefd25a4604963f191f59bef3cc>:0 
  at UnityEngine.Component.get_transform () [0x00006] in <5eb0ffefd25a4604963f191f59bef3cc>:0 
  at Grass.RecvGrassState () [0x00000] in <b49ef5704cd64b5090e7799fcf031fb4>:0 
  at CRPCHeader.CallMethodLocally (System.Byte functionID) [0x000cf] in <b49ef5704cd64b5090e7799fcf031fb4>:0 
Failed to call remote method #0 on object 1567/#Dynamic ('<NULL>'). This should be fixed: Reason : Object reference not set to an instance of an object. 
Trace:   at UnityEngine.Bindings.ThrowHelper.ThrowNullReferenceException (System.Object obj) [0x00018] in <5eb0ffefd25a4604963f191f59bef3cc>:0 
  at UnityEngine.Component.get_transform () [0x00006] in <5eb0ffefd25a4604963f191f59bef3cc>:0 
  at Grass.RecvGrassState () [0x00000] in <b49ef5704cd64b5090e7799fcf031fb4>:0 
  at CRPCHeader.CallMethodLocally (System.Byte functionID) [0x000cf] in <b49ef5704cd64b5090e7799fcf031fb4>:0 
Failed to call remote method #0 on object 1571/#Dynamic ('<NULL>'). This should be fixed: Reason : Object reference not set to an instance of an object. 
Trace:   at UnityEngine.Bindings.ThrowHelper.ThrowNullReferenceException (System.Object obj) [0x00018] in <5eb0ffefd25a4604963f191f59bef3cc>:0 
  at UnityEngine.Component.get_transform () [0x00006] in <5eb0ffefd25a4604963f191f59bef3cc>:0 
  at Grass.RecvGrassState () [0x00000] in <b49ef5704cd64b5090e7799fcf031fb4>:0 
  at CRPCHeader.CallMethodLocally (System.Byte functionID) [0x000cf] in <b49ef5704cd64b5090e7799fcf031fb4>:0 
Failed to call remote method #0 on object 1570/#Dynamic ('<NULL>'). This should be fixed: Reason : Object reference not set to an instance of an object. 
Trace:   at UnityEngine.Bindings.ThrowHelper.ThrowNullReferenceException (System.Object obj) [0x00018] in <5eb0ffefd25a4604963f191f59bef3cc>:0 
  at UnityEngine.Component.get_transform () [0x00006] in <5eb0ffefd25a4604963f191f59bef3cc>:0 
  at Grass.RecvGrassState () [0x00000] in <b49ef5704cd64b5090e7799fcf031fb4>:0 
  at CRPCHeader.CallMethodLocally (System.Byte functionID) [0x000cf] in <b49ef5704cd64b5090e7799fcf031fb4>:0 
Failed to call remote method #2 on object 1102/#Dynamic ('<NULL>'). This should be fixed: Reason : Object reference not set to an instance of an object. 
Trace:   at UnityEngine.Bindings.ThrowHelper.ThrowNullReferenceException (System.Object obj) [0x00018] in <5eb0ffefd25a4604963f191f59bef3cc>:0 
  at UnityEngine.Component.get_gameObject () [0x00006] in <5eb0ffefd25a4604963f191f59bef3cc>:0 
  at Require.Component[T] (UnityEngine.Component target) [0x00000] in <b49ef5704cd64b5090e7799fcf031fb4>:0 
  at SpriteRendererFX.get_Renderer () [0x0000e] in <b49ef5704cd64b5090e7799fcf031fb4>:0 
  at SpriteRendererFX.set_recolorA (UnityEngine.Color value) [0x0000e] in <b49ef5704cd64b5090e7799fcf031fb4>:0 
  at Character.set_outfitColor (UnityEngine.Color value) [0x0001c] in <b49ef5704cd64b5090e7799fcf031fb4>:0 
  at Character.ReceiveCharacterColours () [0x0003b] in <b49ef5704cd64b5090e7799fcf031fb4>:0 
  at CRPCHeader.CallMethodLocally (System.Byte functionID) [0x000cf] in <b49ef5704cd64b5090e7799fcf031fb4>:0 
Failed to call remote method #4 on object 1102/#Dynamic ('<NULL>'). This should be fixed: Reason : Object reference not set to an instance of an object. 
Trace:   at UnityEngine.Bindings.ThrowHelper.ThrowNullReferenceException (System.Object obj) [0x00018] in <5eb0ffefd25a4604963f191f59bef3cc>:0 
  at UnityEngine.Animator.set_runtimeAnimatorController (UnityEngine.RuntimeAnimatorController value) [0x00006] in <05de2c0e854d4e60bfd6ad0aed87cccc>:0 
  at Archer.ConvertToHunter () [0x00046] in <b49ef5704cd64b5090e7799fcf031fb4>:0 
  at Archer.ReceiveGuardState () [0x0003d] in <b49ef5704cd64b5090e7799fcf031fb4>:0 
  at CRPCHeader.CallMethodLocally (System.Byte functionID) [0x000cf] in <b49ef5704cd64b5090e7799fcf031fb4>:0 
Failed to call remote method #2 on object 1107/#Dynamic ('<NULL>'). This should be fixed: Reason : Object reference not set to an instance of an object. 
Trace:   at UnityEngine.Bindings.ThrowHelper.ThrowNullReferenceException (System.Object obj) [0x00018] in <5eb0ffefd25a4604963f191f59bef3cc>:0 
  at UnityEngine.Component.get_gameObject () [0x00006] in <5eb0ffefd25a4604963f191f59bef3cc>:0 
  at Require.Component[T] (UnityEngine.Component target) [0x00000] in <b49ef5704cd64b5090e7799fcf031fb4>:0 
  at SpriteRendererFX.get_Renderer () [0x0000e] in <b49ef5704cd64b5090e7799fcf031fb4>:0 
  at SpriteRendererFX.set_recolorA (UnityEngine.Color value) [0x0000e] in <b49ef5704cd64b5090e7799fcf031fb4>:0 
  at Character.set_outfitColor (UnityEngine.Color value) [0x0001c] in <b49ef5704cd64b5090e7799fcf031fb4>:0 
  at Character.ReceiveCharacterColours () [0x0003b] in <b49ef5704cd64b5090e7799fcf031fb4>:0 
  at CRPCHeader.CallMethodLocally (System.Byte functionID) [0x000cf] in <b49ef5704cd64b5090e7799fcf031fb4>:0 
Failed to call remote method #4 on object 1107/#Dynamic ('<NULL>'). This should be fixed: Reason : Object reference not set to an instance of an object. 
Trace:   at UnityEngine.Bindings.ThrowHelper.ThrowNullReferenceException (System.Object obj) [0x00018] in <5eb0ffefd25a4604963f191f59bef3cc>:0 
  at UnityEngine.Animator.set_runtimeAnimatorController (UnityEngine.RuntimeAnimatorController value) [0x00006] in <05de2c0e854d4e60bfd6ad0aed87cccc>:0 
  at Archer.ConvertToHunter () [0x00046] in <b49ef5704cd64b5090e7799fcf031fb4>:0 
  at Archer.ReceiveGuardState () [0x0003d] in <b49ef5704cd64b5090e7799fcf031fb4>:0 
  at CRPCHeader.CallMethodLocally (System.Byte functionID) [0x000cf] in <b49ef5704cd64b5090e7799fcf031fb4>:0 
Failed to call remote method #2 on object 1186/#Dynamic ('<NULL>'). This should be fixed: Reason : Object reference not set to an instance of an object. 
Trace:   at UnityEngine.Bindings.ThrowHelper.ThrowNullReferenceException (System.Object obj) [0x00018] in <5eb0ffefd25a4604963f191f59bef3cc>:0 
  at UnityEngine.Component.get_gameObject () [0x00006] in <5eb0ffefd25a4604963f191f59bef3cc>:0 
  at Require.Component[T] (UnityEngine.Component target) [0x00000] in <b49ef5704cd64b5090e7799fcf031fb4>:0 
  at SpriteRendererFX.get_Renderer () [0x0000e] in <b49ef5704cd64b5090e7799fcf031fb4>:0 
  at SpriteRendererFX.set_recolorA (UnityEngine.Color value) [0x0000e] in <b49ef5704cd64b5090e7799fcf031fb4>:0 
  at Character.set_outfitColor (UnityEngine.Color value) [0x0001c] in <b49ef5704cd64b5090e7799fcf031fb4>:0 
  at Character.ReceiveCharacterColours () [0x0003b] in <b49ef5704cd64b5090e7799fcf031fb4>:0 
  at CRPCHeader.CallMethodLocally (System.Byte functionID) [0x000cf] in <b49ef5704cd64b5090e7799fcf031fb4>:0 
Failed to call remote method #4 on object 1186/#Dynamic ('<NULL>'). This should be fixed: Reason : Object reference not set to an instance of an object. 
Trace:   at UnityEngine.Bindings.ThrowHelper.ThrowNullReferenceException (System.Object obj) [0x00018] in <5eb0ffefd25a4604963f191f59bef3cc>:0 
  at UnityEngine.Animator.set_runtimeAnimatorController (UnityEngine.RuntimeAnimatorController value) [0x00006] in <05de2c0e854d4e60bfd6ad0aed87cccc>:0 
  at Archer.ConvertToHunter () [0x00046] in <b49ef5704cd64b5090e7799fcf031fb4>:0 
  at Archer.ReceiveGuardState () [0x0003d] in <b49ef5704cd64b5090e7799fcf031fb4>:0 
  at CRPCHeader.CallMethodLocally (System.Byte functionID) [0x000cf] in <b49ef5704cd64b5090e7799fcf031fb4>:0 
Failed to call remote method #2 on object 1204/#Dynamic ('<NULL>'). This should be fixed: Reason : Object reference not set to an instance of an object. 
Trace:   at UnityEngine.Bindings.ThrowHelper.ThrowNullReferenceException (System.Object obj) [0x00018] in <5eb0ffefd25a4604963f191f59bef3cc>:0 
  at UnityEngine.Component.get_gameObject () [0x00006] in <5eb0ffefd25a4604963f191f59bef3cc>:0 
  at Require.Component[T] (UnityEngine.Component target) [0x00000] in <b49ef5704cd64b5090e7799fcf031fb4>:0 
  at SpriteRendererFX.get_Renderer () [0x0000e] in <b49ef5704cd64b5090e7799fcf031fb4>:0 
  at SpriteRendererFX.set_recolorA (UnityEngine.Color value) [0x0000e] in <b49ef5704cd64b5090e7799fcf031fb4>:0 
  at Character.set_outfitColor (UnityEngine.Color value) [0x0001c] in <b49ef5704cd64b5090e7799fcf031fb4>:0 
  at Character.ReceiveCharacterColours () [0x0003b] in <b49ef5704cd64b5090e7799fcf031fb4>:0 
  at CRPCHeader.CallMethodLocally (System.Byte functionID) [0x000cf] in <b49ef5704cd64b5090e7799fcf031fb4>:0 
Failed to call remote method #4 on object 1204/#Dynamic ('<NULL>'). This should be fixed: Reason : Object reference not set to an instance of an object. 
Trace:   at UnityEngine.Bindings.ThrowHelper.ThrowNullReferenceException (System.Object obj) [0x00018] in <5eb0ffefd25a4604963f191f59bef3cc>:0 
  at UnityEngine.Animator.set_runtimeAnimatorController (UnityEngine.RuntimeAnimatorController value) [0x00006] in <05de2c0e854d4e60bfd6ad0aed87cccc>:0 
  at Archer.ConvertToHunter () [0x00046] in <b49ef5704cd64b5090e7799fcf031fb4>:0 
  at Archer.ReceiveGuardState () [0x0003d] in <b49ef5704cd64b5090e7799fcf031fb4>:0 
  at CRPCHeader.CallMethodLocally (System.Byte functionID) [0x000cf] in <b49ef5704cd64b5090e7799fcf031fb4>:0 
Failed to call remote method #3 on object 927/#Dynamic ('<NULL>'). This should be fixed: Reason : Object reference not set to an instance of an object. 
Trace:   at UnityEngine.Bindings.ThrowHelper.ThrowNullReferenceException (System.Object obj) [0x00018] in <5eb0ffefd25a4604963f191f59bef3cc>:0 
  at UnityEngine.Renderer.set_enabled (System.Boolean value) [0x00006] in <5eb0ffefd25a4604963f191f59bef3cc>:0 
  at PayableShield.set_status (PayableShield+Status value) [0x000a3] in <b49ef5704cd64b5090e7799fcf031fb4>:0 
  at PayableShield.RecvShieldState () [0x00006] in <b49ef5704cd64b5090e7799fcf031fb4>:0 
  at CRPCHeader.CallMethodLocally (System.Byte functionID) [0x000cf] in <b49ef5704cd64b5090e7799fcf031fb4>:0 
Failed to call remote method #2 on object 1106/#Dynamic ('<NULL>'). This should be fixed: Reason : Object reference not set to an instance of an object. 
Trace:   at UnityEngine.Bindings.ThrowHelper.ThrowNullReferenceException (System.Object obj) [0x00018] in <5eb0ffefd25a4604963f191f59bef3cc>:0 
  at UnityEngine.Component.get_gameObject () [0x00006] in <5eb0ffefd25a4604963f191f59bef3cc>:0 
  at Require.Component[T] (UnityEngine.Component target) [0x00000] in <b49ef5704cd64b5090e7799fcf031fb4>:0 
  at SpriteRendererFX.get_Renderer () [0x0000e] in <b49ef5704cd64b5090e7799fcf031fb4>:0 
  at SpriteRendererFX.set_recolorA (UnityEngine.Color value) [0x0000e] in <b49ef5704cd64b5090e7799fcf031fb4>:0 
  at Character.set_outfitColor (UnityEngine.Color value) [0x0001c] in <b49ef5704cd64b5090e7799fcf031fb4>:0 
  at Character.ReceiveCharacterColours () [0x0003b] in <b49ef5704cd64b5090e7799fcf031fb4>:0 
  at CRPCHeader.CallMethodLocally (System.Byte functionID) [0x000cf] in <b49ef5704cd64b5090e7799fcf031fb4>:0 
Failed to call remote method #4 on object 1106/#Dynamic ('<NULL>'). This should be fixed: Reason : Object reference not set to an instance of an object. 
Trace:   at UnityEngine.Bindings.ThrowHelper.ThrowNullReferenceException (System.Object obj) [0x00018] in <5eb0ffefd25a4604963f191f59bef3cc>:0 
  at UnityEngine.Animator.set_runtimeAnimatorController (UnityEngine.RuntimeAnimatorController value) [0x00006] in <05de2c0e854d4e60bfd6ad0aed87cccc>:0 
  at Archer.ConvertToHunter () [0x00046] in <b49ef5704cd64b5090e7799fcf031fb4>:0 
  at Archer.ReceiveGuardState () [0x0003d] in <b49ef5704cd64b5090e7799fcf031fb4>:0 
  at CRPCHeader.CallMethodLocally (System.Byte functionID) [0x000cf] in <b49ef5704cd64b5090e7799fcf031fb4>:0 
Failed to call remote method #2 on object 1126/#Dynamic ('<NULL>'). This should be fixed: Reason : Object reference not set to an instance of an object. 
Trace:   at UnityEngine.Bindings.ThrowHelper.ThrowNullReferenceException (System.Object obj) [0x00018] in <5eb0ffefd25a4604963f191f59bef3cc>:0 
  at UnityEngine.Component.get_gameObject () [0x00006] in <5eb0ffefd25a4604963f191f59bef3cc>:0 
  at Require.Component[T] (UnityEngine.Component target) [0x00000] in <b49ef5704cd64b5090e7799fcf031fb4>:0 
  at SpriteRendererFX.get_Renderer () [0x0000e] in <b49ef5704cd64b5090e7799fcf031fb4>:0 
  at SpriteRendererFX.set_recolorA (UnityEngine.Color value) [0x0000e] in <b49ef5704cd64b5090e7799fcf031fb4>:0 
  at Character.set_outfitColor (UnityEngine.Color value) [0x0001c] in <b49ef5704cd64b5090e7799fcf031fb4>:0 
  at Character.ReceiveCharacterColours () [0x0003b] in <b49ef5704cd64b5090e7799fcf031fb4>:0 
  at CRPCHeader.CallMethodLocally (System.Byte functionID) [0x000cf] in <b49ef5704cd64b5090e7799fcf031fb4>:0 
Failed to call remote method #4 on object 1126/#Dynamic ('<NULL>'). This should be fixed: Reason : Object reference not set to an instance of an object. 
Trace:   at UnityEngine.Bindings.ThrowHelper.ThrowNullReferenceException (System.Object obj) [0x00018] in <5eb0ffefd25a4604963f191f59bef3cc>:0 
  at UnityEngine.Animator.set_runtimeAnimatorController (UnityEngine.RuntimeAnimatorController value) [0x00006] in <05de2c0e854d4e60bfd6ad0aed87cccc>:0 
  at Archer.ConvertToHunter () [0x00046] in <b49ef5704cd64b5090e7799fcf031fb4>:0 
  at Archer.ReceiveGuardState () [0x0003d] in <b49ef5704cd64b5090e7799fcf031fb4>:0 
  at CRPCHeader.CallMethodLocally (System.Byte functionID) [0x000cf] in <b49ef5704cd64b5090e7799fcf031fb4>:0 
Failed to call remote method #2 on object 1154/#Dynamic ('<NULL>'). This should be fixed: Reason : Object reference not set to an instance of an object. 
Trace:   at UnityEngine.Bindings.ThrowHelper.ThrowNullReferenceException (System.Object obj) [0x00018] in <5eb0ffefd25a4604963f191f59bef3cc>:0 
  at UnityEngine.Component.get_gameObject () [0x00006] in <5eb0ffefd25a4604963f191f59bef3cc>:0 
  at Require.Component[T] (UnityEngine.Component target) [0x00000] in <b49ef5704cd64b5090e7799fcf031fb4>:0 
  at SpriteRendererFX.get_Renderer () [0x0000e] in <b49ef5704cd64b5090e7799fcf031fb4>:0 
  at SpriteRendererFX.set_recolorA (UnityEngine.Color value) [0x0000e] in <b49ef5704cd64b5090e7799fcf031fb4>:0 
  at Character.set_outfitColor (UnityEngine.Color value) [0x0001c] in <b49ef5704cd64b5090e7799fcf031fb4>:0 
  at Character.ReceiveCharacterColours () [0x0003b] in <b49ef5704cd64b5090e7799fcf031fb4>:0 
  at CRPCHeader.CallMethodLocally (System.Byte functionID) [0x000cf] in <b49ef5704cd64b5090e7799fcf031fb4>:0 
Failed to call remote method #4 on object 1154/#Dynamic ('<NULL>'). This should be fixed: Reason : Object reference not set to an instance of an object. 
Trace:   at UnityEngine.Bindings.ThrowHelper.ThrowNullReferenceException (System.Object obj) [0x00018] in <5eb0ffefd25a4604963f191f59bef3cc>:0 
  at UnityEngine.Animator.set_runtimeAnimatorController (UnityEngine.RuntimeAnimatorController value) [0x00006] in <05de2c0e854d4e60bfd6ad0aed87cccc>:0 
  at Archer.ConvertToHunter () [0x00046] in <b49ef5704cd64b5090e7799fcf031fb4>:0 
  at Archer.ReceiveGuardState () [0x0003d] in <b49ef5704cd64b5090e7799fcf031fb4>:0 
  at CRPCHeader.CallMethodLocally (System.Byte functionID) [0x000cf] in <b49ef5704cd64b5090e7799fcf031fb4>:0 
Failed to call remote method #2 on object 1193/#Dynamic ('<NULL>'). This should be fixed: Reason : Object reference not set to an instance of an object. 
Trace:   at UnityEngine.Bindings.ThrowHelper.ThrowNullReferenceException (System.Object obj) [0x00018] in <5eb0ffefd25a4604963f191f59bef3cc>:0 
  at UnityEngine.Component.get_gameObject () [0x00006] in <5eb0ffefd25a4604963f191f59bef3cc>:0 
  at Require.Component[T] (UnityEngine.Component target) [0x00000] in <b49ef5704cd64b5090e7799fcf031fb4>:0 
  at SpriteRendererFX.get_Renderer () [0x0000e] in <b49ef5704cd64b5090e7799fcf031fb4>:0 
  at SpriteRendererFX.set_recolorA (UnityEngine.Color value) [0x0000e] in <b49ef5704cd64b5090e7799fcf031fb4>:0 
  at Character.set_outfitColor (UnityEngine.Color value) [0x0001c] in <b49ef5704cd64b5090e7799fcf031fb4>:0 
  at Character.ReceiveCharacterColours () [0x0003b] in <b49ef5704cd64b5090e7799fcf031fb4>:0 
  at CRPCHeader.CallMethodLocally (System.Byte functionID) [0x000cf] in <b49ef5704cd64b5090e7799fcf031fb4>:0 
Failed to call remote method #4 on object 1193/#Dynamic ('<NULL>'). This should be fixed: Reason : Object reference not set to an instance of an object. 
Trace:   at UnityEngine.Bindings.ThrowHelper.ThrowNullReferenceException (System.Object obj) [0x00018] in <5eb0ffefd25a4604963f191f59bef3cc>:0 
  at UnityEngine.Animator.set_runtimeAnimatorController (UnityEngine.RuntimeAnimatorController value) [0x00006] in <05de2c0e854d4e60bfd6ad0aed87cccc>:0 
  at Archer.ConvertToHunter () [0x00046] in <b49ef5704cd64b5090e7799fcf031fb4>:0 
  at Archer.ReceiveGuardState () [0x0003d] in <b49ef5704cd64b5090e7799fcf031fb4>:0 
  at CRPCHeader.CallMethodLocally (System.Byte functionID) [0x000cf] in <b49ef5704cd64b5090e7799fcf031fb4>:0 
Failed to call remote method #3 on object 928/#Dynamic ('<NULL>'). This should be fixed: Reason : Object reference not set to an instance of an object. 
Trace:   at UnityEngine.Bindings.ThrowHelper.ThrowNullReferenceException (System.Object obj) [0x00018] in <5eb0ffefd25a4604963f191f59bef3cc>:0 
  at UnityEngine.Renderer.set_enabled (System.Boolean value) [0x00006] in <5eb0ffefd25a4604963f191f59bef3cc>:0 
  at PayableShield.set_status (PayableShield+Status value) [0x000a3] in <b49ef5704cd64b5090e7799fcf031fb4>:0 
  at PayableShield.RecvShieldState () [0x00006] in <b49ef5704cd64b5090e7799fcf031fb4>:0 
  at CRPCHeader.CallMethodLocally (System.Byte functionID) [0x000cf] in <b49ef5704cd64b5090e7799fcf031fb4>:0 
Failed to call remote method #2 on object 1131/#Dynamic ('<NULL>'). This should be fixed: Reason : Object reference not set to an instance of an object. 
Trace:   at UnityEngine.Bindings.ThrowHelper.ThrowNullReferenceException (System.Object obj) [0x00018] in <5eb0ffefd25a4604963f191f59bef3cc>:0 
  at UnityEngine.Component.get_gameObject () [0x00006] in <5eb0ffefd25a4604963f191f59bef3cc>:0 
  at Require.Component[T] (UnityEngine.Component target) [0x00000] in <b49ef5704cd64b5090e7799fcf031fb4>:0 
  at SpriteRendererFX.get_Renderer () [0x0000e] in <b49ef5704cd64b5090e7799fcf031fb4>:0 
  at SpriteRendererFX.set_recolorA (UnityEngine.Color value) [0x0000e] in <b49ef5704cd64b5090e7799fcf031fb4>:0 
  at Character.set_outfitColor (UnityEngine.Color value) [0x0001c] in <b49ef5704cd64b5090e7799fcf031fb4>:0 
  at Character.ReceiveCharacterColours () [0x0003b] in <b49ef5704cd64b5090e7799fcf031fb4>:0 
  at CRPCHeader.CallMethodLocally (System.Byte functionID) [0x000cf] in <b49ef5704cd64b5090e7799fcf031fb4>:0 
Failed to call remote method #4 on object 1131/#Dynamic ('<NULL>'). This should be fixed: Reason : Object reference not set to an instance of an object. 
Trace:   at UnityEngine.Bindings.ThrowHelper.ThrowNullReferenceException (System.Object obj) [0x00018] in <5eb0ffefd25a4604963f191f59bef3cc>:0 
  at UnityEngine.Animator.set_runtimeAnimatorController (UnityEngine.RuntimeAnimatorController value) [0x00006] in <05de2c0e854d4e60bfd6ad0aed87cccc>:0 
  at Archer.ConvertToHunter () [0x00046] in <b49ef5704cd64b5090e7799fcf031fb4>:0 
  at Archer.ReceiveGuardState () [0x0003d] in <b49ef5704cd64b5090e7799fcf031fb4>:0 
  at CRPCHeader.CallMethodLocally (System.Byte functionID) [0x000cf] in <b49ef5704cd64b5090e7799fcf031fb4>:0 
Failed to call remote method #2 on object 1190/#Dynamic ('<NULL>'). This should be fixed: Reason : Object reference not set to an instance of an object. 
Trace:   at UnityEngine.Bindings.ThrowHelper.ThrowNullReferenceException (System.Object obj) [0x00018] in <5eb0ffefd25a4604963f191f59bef3cc>:0 
  at UnityEngine.Component.get_gameObject () [0x00006] in <5eb0ffefd25a4604963f191f59bef3cc>:0 
  at Require.Component[T] (UnityEngine.Component target) [0x00000] in <b49ef5704cd64b5090e7799fcf031fb4>:0 
  at SpriteRendererFX.get_Renderer () [0x0000e] in <b49ef5704cd64b5090e7799fcf031fb4>:0 
  at SpriteRendererFX.set_recolorA (UnityEngine.Color value) [0x0000e] in <b49ef5704cd64b5090e7799fcf031fb4>:0 
  at Character.set_outfitColor (UnityEngine.Color value) [0x0001c] in <b49ef5704cd64b5090e7799fcf031fb4>:0 
  at Character.ReceiveCharacterColours () [0x0003b] in <b49ef5704cd64b5090e7799fcf031fb4>:0 
  at CRPCHeader.CallMethodLocally (System.Byte functionID) [0x000cf] in <b49ef5704cd64b5090e7799fcf031fb4>:0 
Failed to call remote method #4 on object 1190/#Dynamic ('<NULL>'). This should be fixed: Reason : Object reference not set to an instance of an object. 
Trace:   at UnityEngine.Bindings.ThrowHelper.ThrowNullReferenceException (System.Object obj) [0x00018] in <5eb0ffefd25a4604963f191f59bef3cc>:0 
  at UnityEngine.Animator.set_runtimeAnimatorController (UnityEngine.RuntimeAnimatorController value) [0x00006] in <05de2c0e854d4e60bfd6ad0aed87cccc>:0 
  at Archer.ConvertToHunter () [0x00046] in <b49ef5704cd64b5090e7799fcf031fb4>:0 
  at Archer.ReceiveGuardState () [0x0003d] in <b49ef5704cd64b5090e7799fcf031fb4>:0 
  at CRPCHeader.CallMethodLocally (System.Byte functionID) [0x000cf] in <b49ef5704cd64b5090e7799fcf031fb4>:0 
Failed to call remote method #2 on object 1205/#Dynamic ('<NULL>'). This should be fixed: Reason : Object reference not set to an instance of an object. 
Trace:   at UnityEngine.Bindings.ThrowHelper.ThrowNullReferenceException (System.Object obj) [0x00018] in <5eb0ffefd25a4604963f191f59bef3cc>:0 
  at UnityEngine.Component.get_gameObject () [0x00006] in <5eb0ffefd25a4604963f191f59bef3cc>:0 
  at Require.Component[T] (UnityEngine.Component target) [0x00000] in <b49ef5704cd64b5090e7799fcf031fb4>:0 
  at SpriteRendererFX.get_Renderer () [0x0000e] in <b49ef5704cd64b5090e7799fcf031fb4>:0 
  at SpriteRendererFX.set_recolorA (UnityEngine.Color value) [0x0000e] in <b49ef5704cd64b5090e7799fcf031fb4>:0 
  at Character.set_outfitColor (UnityEngine.Color value) [0x0001c] in <b49ef5704cd64b5090e7799fcf031fb4>:0 
  at Character.ReceiveCharacterColours () [0x0003b] in <b49ef5704cd64b5090e7799fcf031fb4>:0 
  at CRPCHeader.CallMethodLocally (System.Byte functionID) [0x000cf] in <b49ef5704cd64b5090e7799fcf031fb4>:0 
Failed to call remote method #4 on object 1205/#Dynamic ('<NULL>'). This should be fixed: Reason : Object reference not set to an instance of an object. 
Trace:   at UnityEngine.Bindings.ThrowHelper.ThrowNullReferenceException (System.Object obj) [0x00018] in <5eb0ffefd25a4604963f191f59bef3cc>:0 
  at UnityEngine.Animator.set_runtimeAnimatorController (UnityEngine.RuntimeAnimatorController value) [0x00006] in <05de2c0e854d4e60bfd6ad0aed87cccc>:0 
  at Archer.ConvertToHunter () [0x00046] in <b49ef5704cd64b5090e7799fcf031fb4>:0 
  at Archer.ReceiveGuardState () [0x0003d] in <b49ef5704cd64b5090e7799fcf031fb4>:0 
  at CRPCHeader.CallMethodLocally (System.Byte functionID) [0x000cf] in <b49ef5704cd64b5090e7799fcf031fb4>:0 
Failed to call remote method #2 on object 1209/#Dynamic ('<NULL>'). This should be fixed: Reason : Object reference not set to an instance of an object. 
Trace:   at UnityEngine.Bindings.ThrowHelper.ThrowNullReferenceException (System.Object obj) [0x00018] in <5eb0ffefd25a4604963f191f59bef3cc>:0 
  at UnityEngine.Component.get_gameObject () [0x00006] in <5eb0ffefd25a4604963f191f59bef3cc>:0 
  at Require.Component[T] (UnityEngine.Component target) [0x00000] in <b49ef5704cd64b5090e7799fcf031fb4>:0 
  at SpriteRendererFX.get_Renderer () [0x0000e] in <b49ef5704cd64b5090e7799fcf031fb4>:0 
  at SpriteRendererFX.set_recolorA (UnityEngine.Color value) [0x0000e] in <b49ef5704cd64b5090e7799fcf031fb4>:0 
  at Character.set_outfitColor (UnityEngine.Color value) [0x0001c] in <b49ef5704cd64b5090e7799fcf031fb4>:0 
  at Character.ReceiveCharacterColours () [0x0003b] in <b49ef5704cd64b5090e7799fcf031fb4>:0 
  at CRPCHeader.CallMethodLocally (System.Byte functionID) [0x000cf] in <b49ef5704cd64b5090e7799fcf031fb4>:0 
Failed to call remote method #4 on object 1209/#Dynamic ('<NULL>'). This should be fixed: Reason : Object reference not set to an instance of an object. 
Trace:   at UnityEngine.Bindings.ThrowHelper.ThrowNullReferenceException (System.Object obj) [0x00018] in <5eb0ffefd25a4604963f191f59bef3cc>:0 
  at UnityEngine.Animator.set_runtimeAnimatorController (UnityEngine.RuntimeAnimatorController value) [0x00006] in <05de2c0e854d4e60bfd6ad0aed87cccc>:0 
  at Archer.ConvertToHunter () [0x00046] in <b49ef5704cd64b5090e7799fcf031fb4>:0 
  at Archer.ReceiveGuardState () [0x0003d] in <b49ef5704cd64b5090e7799fcf031fb4>:0 
  at CRPCHeader.CallMethodLocally (System.Byte functionID) [0x000cf] in <b49ef5704cd64b5090e7799fcf031fb4>:0 
Failed to call remote method #3 on object 929/#Dynamic ('<NULL>'). This should be fixed: Reason : Object reference not set to an instance of an object. 
Trace:   at UnityEngine.Bindings.ThrowHelper.ThrowNullReferenceException (System.Object obj) [0x00018] in <5eb0ffefd25a4604963f191f59bef3cc>:0 
  at UnityEngine.Renderer.set_enabled (System.Boolean value) [0x00006] in <5eb0ffefd25a4604963f191f59bef3cc>:0 
  at PayableShield.set_status (PayableShield+Status value) [0x000a3] in <b49ef5704cd64b5090e7799fcf031fb4>:0 
  at PayableShield.RecvShieldState () [0x00006] in <b49ef5704cd64b5090e7799fcf031fb4>:0 
  at CRPCHeader.CallMethodLocally (System.Byte functionID) [0x000cf] in <b49ef5704cd64b5090e7799fcf031fb4>:0 
Failed to call remote method #18 on object 1590/#Dynamic ('<NULL>'). This should be fixed: Reason : Object reference not set to an instance of an object. 
Trace:   at UnityEngine.Bindings.ThrowHelper.ThrowNullReferenceException (System.Object obj) [0x00018] in <5eb0ffefd25a4604963f191f59bef3cc>:0 
  at UnityEngine.Animator.SetBoolID (System.Int32 id, System.Boolean value) [0x00006] in <05de2c0e854d4e60bfd6ad0aed87cccc>:0 
  at UnityEngine.Animator.SetBool (System.Int32 id, System.Boolean value) [0x00001] in <05de2c0e854d4e60bfd6ad0aed87cccc>:0 
  at Worker.SetAnimation (System.Int32 animCode) [0x00043] in <b49ef5704cd64b5090e7799fcf031fb4>:0 
  at AnimationSync.ReceiveAnimation () [0x00042] in <b49ef5704cd64b5090e7799fcf031fb4>:0 
  at CRPCHeader.CallMethodLocally (System.Byte functionID) [0x000cf] in <b49ef5704cd64b5090e7799fcf031fb4>:0 
Failed to call remote method #18 on object 1590/#Dynamic ('<NULL>'). This should be fixed: Reason : Object reference not set to an instance of an object. 
Trace:   at UnityEngine.Bindings.ThrowHelper.ThrowNullReferenceException (System.Object obj) [0x00018] in <5eb0ffefd25a4604963f191f59bef3cc>:0 
  at UnityEngine.Animator.SetBoolID (System.Int32 id, System.Boolean value) [0x00006] in <05de2c0e854d4e60bfd6ad0aed87cccc>:0 
  at UnityEngine.Animator.SetBool (System.Int32 id, System.Boolean value) [0x00001] in <05de2c0e854d4e60bfd6ad0aed87cccc>:0 
  at Worker.SetAnimation (System.Int32 animCode) [0x00043] in <b49ef5704cd64b5090e7799fcf031fb4>:0 
  at AnimationSync.ReceiveAnimation () [0x00042] in <b49ef5704cd64b5090e7799fcf031fb4>:0 
  at CRPCHeader.CallMethodLocally (System.Byte functionID) [0x000cf] in <b49ef5704cd64b5090e7799fcf031fb4>:0 
Failed to call remote method #18 on object 1151/#Dynamic ('<NULL>'). This should be fixed: Reason : Object reference not set to an instance of an object. 
Trace:   at UnityEngine.Bindings.ThrowHelper.ThrowNullReferenceException (System.Object obj) [0x00018] in <5eb0ffefd25a4604963f191f59bef3cc>:0 
  at UnityEngine.Animator.SetBoolID (System.Int32 id, System.Boolean value) [0x00006] in <05de2c0e854d4e60bfd6ad0aed87cccc>:0 
  at UnityEngine.Animator.SetBool (System.Int32 id, System.Boolean value) [0x00001] in <05de2c0e854d4e60bfd6ad0aed87cccc>:0 
  at Worker.SetAnimation (System.Int32 animCode) [0x00043] in <b49ef5704cd64b5090e7799fcf031fb4>:0 
  at AnimationSync.ReceiveAnimation () [0x00042] in <b49ef5704cd64b5090e7799fcf031fb4>:0 
  at CRPCHeader.CallMethodLocally (System.Byte functionID) [0x000cf] in <b49ef5704cd64b5090e7799fcf031fb4>:0 
Failed to call remote method #18 on object 1151/#Dynamic ('<NULL>'). This should be fixed: Reason : Object reference not set to an instance of an object. 
Trace:   at UnityEngine.Bindings.ThrowHelper.ThrowNullReferenceException (System.Object obj) [0x00018] in <5eb0ffefd25a4604963f191f59bef3cc>:0 
  at UnityEngine.Animator.SetBoolID (System.Int32 id, System.Boolean value) [0x00006] in <05de2c0e854d4e60bfd6ad0aed87cccc>:0 
  at UnityEngine.Animator.SetBool (System.Int32 id, System.Boolean value) [0x00001] in <05de2c0e854d4e60bfd6ad0aed87cccc>:0 
  at Worker.SetAnimation (System.Int32 animCode) [0x00043] in <b49ef5704cd64b5090e7799fcf031fb4>:0 
  at AnimationSync.ReceiveAnimation () [0x00042] in <b49ef5704cd64b5090e7799fcf031fb4>:0 
  at CRPCHeader.CallMethodLocally (System.Byte functionID) [0x000cf] in <b49ef5704cd64b5090e7799fcf031fb4>:0 
Failed to call remote method #18 on object 1110/#Dynamic ('<NULL>'). This should be fixed: Reason : Object reference not set to an instance of an object. 
Trace:   at UnityEngine.Bindings.ThrowHelper.ThrowNullReferenceException (System.Object obj) [0x00018] in <5eb0ffefd25a4604963f191f59bef3cc>:0 
  at UnityEngine.Animator.SetBoolID (System.Int32 id, System.Boolean value) [0x00006] in <05de2c0e854d4e60bfd6ad0aed87cccc>:0 
  at UnityEngine.Animator.SetBool (System.Int32 id, System.Boolean value) [0x00001] in <05de2c0e854d4e60bfd6ad0aed87cccc>:0 
  at Worker.SetAnimation (System.Int32 animCode) [0x00043] in <b49ef5704cd64b5090e7799fcf031fb4>:0 
  at AnimationSync.ReceiveAnimation () [0x00042] in <b49ef5704cd64b5090e7799fcf031fb4>:0 
  at CRPCHeader.CallMethodLocally (System.Byte functionID) [0x000cf] in <b49ef5704cd64b5090e7799fcf031fb4>:0 
Failed to call remote method #18 on object 1110/#Dynamic ('<NULL>'). This should be fixed: Reason : Object reference not set to an instance of an object. 
Trace:   at UnityEngine.Bindings.ThrowHelper.ThrowNullReferenceException (System.Object obj) [0x00018] in <5eb0ffefd25a4604963f191f59bef3cc>:0 
  at UnityEngine.Animator.SetBoolID (System.Int32 id, System.Boolean value) [0x00006] in <05de2c0e854d4e60bfd6ad0aed87cccc>:0 
  at UnityEngine.Animator.SetBool (System.Int32 id, System.Boolean value) [0x00001] in <05de2c0e854d4e60bfd6ad0aed87cccc>:0 
  at Worker.SetAnimation (System.Int32 animCode) [0x00043] in <b49ef5704cd64b5090e7799fcf031fb4>:0 
  at AnimationSync.ReceiveAnimation () [0x00042] in <b49ef5704cd64b5090e7799fcf031fb4>:0 
  at CRPCHeader.CallMethodLocally (System.Byte functionID) [0x000cf] in <b49ef5704cd64b5090e7799fcf031fb4>:0 
Failed to call remote method #0 on object 1006/#SemiStatic ('<NULL>'). This should be fixed: Reason : Object reference not set to an instance of an object. 
Trace:   at UnityEngine.Bindings.ThrowHelper.ThrowNullReferenceException (System.Object obj) [0x00018] in <5eb0ffefd25a4604963f191f59bef3cc>:0 
  at UnityEngine.Component.get_gameObject () [0x00006] in <5eb0ffefd25a4604963f191f59bef3cc>:0 
  at BeggarCamp.RecvDespawn () [0x00000] in <b49ef5704cd64b5090e7799fcf031fb4>:0 
  at CRPCHeader.CallMethodLocally (System.Byte functionID) [0x000cf] in <b49ef5704cd64b5090e7799fcf031fb4>:0 
Failed to call remote method #0 on object 1009/#SemiStatic ('<NULL>'). This should be fixed: Reason : Object reference not set to an instance of an object. 
Trace:   at UnityEngine.Bindings.ThrowHelper.ThrowNullReferenceException (System.Object obj) [0x00018] in <5eb0ffefd25a4604963f191f59bef3cc>:0 
  at UnityEngine.Component.get_gameObject () [0x00006] in <5eb0ffefd25a4604963f191f59bef3cc>:0 
  at MerchantSpawner.RecvDestroy () [0x00000] in <b49ef5704cd64b5090e7799fcf031fb4>:0 
  at CRPCHeader.CallMethodLocally (System.Byte functionID) [0x000cf] in <b49ef5704cd64b5090e7799fcf031fb4>:0 
Failed to call remote method #0 on object 1022/#SemiStatic ('<NULL>'). This should be fixed: Reason : Object reference not set to an instance of an object. 
Trace:   at UnityEngine.Bindings.ThrowHelper.ThrowNullReferenceException (System.Object obj) [0x00018] in <5eb0ffefd25a4604963f191f59bef3cc>:0 
  at UnityEngine.Component.get_gameObject () [0x00006] in <5eb0ffefd25a4604963f191f59bef3cc>:0 
  at BeggarCamp.RecvDespawn () [0x00000] in <b49ef5704cd64b5090e7799fcf031fb4>:0 
  at CRPCHeader.CallMethodLocally (System.Byte functionID) [0x000cf] in <b49ef5704cd64b5090e7799fcf031fb4>:0 
Failed to call remote method #0 on object 1027/#SemiStatic ('<NULL>'). This should be fixed: Reason : Object reference not set to an instance of an object. 
Trace:   at UnityEngine.Bindings.ThrowHelper.ThrowNullReferenceException (System.Object obj) [0x00018] in <5eb0ffefd25a4604963f191f59bef3cc>:0 
  at UnityEngine.Component.get_gameObject () [0x00006] in <5eb0ffefd25a4604963f191f59bef3cc>:0 
  at BeggarCamp.RecvDespawn () [0x00000] in <b49ef5704cd64b5090e7799fcf031fb4>:0 
  at CRPCHeader.CallMethodLocally (System.Byte functionID) [0x000cf] in <b49ef5704cd64b5090e7799fcf031fb4>:0 
Received CRPC update for Dynamic obj with ID 1338 and functionID 0, but no object with that ID was registered!
Received CRPC update for Dynamic obj with ID 1337 and functionID 0, but no object with that ID was registered!
Received CRPC update for Dynamic obj with ID 1337 and functionID 0, but no object with that ID was registered!
Received CRPC update for Dynamic obj with ID 1338 and functionID 0, but no object with that ID was registered!
Received CRPC update for Dynamic obj with ID 1337 and functionID 0, but no object with that ID was registered!
Received CRPC update for Dynamic obj with ID 1337 and functionID 0, but no object with that ID was registered!
Received CRPC update for Dynamic obj with ID 1337 and functionID 0, but no object with that ID was registered!
Received CRPC update for Dynamic obj with ID 1337 and functionID 0, but no object with that ID was registered!
Received CRPC update for Dynamic obj with ID 1337 and functionID 0, but no object with that ID was registered!
Received CRPC update for Dynamic obj with ID 1337 and functionID 0, but no object with that ID was registered!
Received CRPC update for Dynamic obj with ID 1338 and functionID 0, but no object with that ID was registered!
Received CRPC update for Dynamic obj with ID 1338 and functionID 0, but no object with that ID was registered!
Received CRPC update for Dynamic obj with ID 1339 and functionID 0, but no object with that ID was registered!
Received CRPC update for Dynamic obj with ID 1339 and functionID 0, but no object with that ID was registered!
Received CRPC update for Dynamic obj with ID 1339 and functionID 0, but no object with that ID was registered!
Received CRPC update for Dynamic obj with ID 908 and functionID 20, but no object with that ID was registered!
Received CRPC update for Dynamic obj with ID 1337 and functionID 0, but no object with that ID was registered!
Received CRPC update for Dynamic obj with ID 1338 and functionID 0, but no object with that ID was registered!
Received CRPC update for Dynamic obj with ID 1339 and functionID 0, but no object with that ID was registered!
Received CRPC update for Dynamic obj with ID 1337 and functionID 0, but no object with that ID was registered!
Received CRPC update for Dynamic obj with ID 1337 and functionID 0, but no object with that ID was registered!
Received CRPC update for Dynamic obj with ID 1338 and functionID 0, but no object with that ID was registered!
Received CRPC update for Dynamic obj with ID 1339 and functionID 0, but no object with that ID was registered!
Received CRPC update for Dynamic obj with ID 1337 and functionID 0, but no object with that ID was registered!
Received CRPC update for Dynamic obj with ID 1337 and functionID 0, but no object with that ID was registered!
Received CRPC update for Dynamic obj with ID 1337 and functionID 0, but no object with that ID was registered!
Received CRPC update for Dynamic obj with ID 1337 and functionID 0, but no object with that ID was registered!
Received CRPC update for Dynamic obj with ID 1337 and functionID 0, but no object with that ID was registered!
Received CRPC update for Dynamic obj with ID 1338 and functionID 0, but no object with that ID was registered!
Received CRPC update for Dynamic obj with ID 1338 and functionID 0, but no object with that ID was registered!
Received CRPC update for Dynamic obj with ID 1338 and functionID 0, but no object with that ID was registered!
Received CRPC update for Dynamic obj with ID 1338 and functionID 0, but no object with that ID was registered!
Received CRPC update for Dynamic obj with ID 1338 and functionID 0, but no object with that ID was registered!
Received CRPC update for Dynamic obj with ID 1339 and functionID 0, but no object with that ID was registered!
Received CRPC update for Dynamic obj with ID 1339 and functionID 0, but no object with that ID was registered!
Received CRPC update for Dynamic obj with ID 1339 and functionID 0, but no object with that ID was registered!
Received CRPC update for Dynamic obj with ID 1337 and functionID 0, but no object with that ID was registered!
Received CRPC update for Dynamic obj with ID 1337 and functionID 0, but no object with that ID was registered!
Received CRPC update for Dynamic obj with ID 1339 and functionID 0, but no object with that ID was registered!
Received CRPC update for Dynamic obj with ID 1339 and functionID 0, but no object with that ID was registered!
Received CRPC update for Dynamic obj with ID 1337 and functionID 0, but no object with that ID was registered!
Received CRPC update for Dynamic obj with ID 1337 and functionID 0, but no object with that ID was registered!
Received CRPC update for Dynamic obj with ID 1339 and functionID 0, but no object with that ID was registered!
Received CRPC update for Dynamic obj with ID 1339 and functionID 0, but no object with that ID was registered!
Setting biome to 0
Joining Game 04 - Loading Main Scene
Managers.Inst.InitAll() 91179
TOUCH . 0 DPI. Deadzone 10-30 pixels (capped 1.0). Res 1920x1080
[ECM] [SEND] Request Sync unlocked crowns
Game created. Version: 2.4.0 Revision: 23488 Hash: a436110bb9 Branch: origin/twocrowns/spring-edict
Setting render size to 1920x1080 (Camera 1)
Setting water size to 960x540
Setting render size to 1920x1080 (Camera 0)
Setting water size to 960x540
Joining Game 05 - Requesting World Sync
[ECM] [RECV] Sync unlocked crowns: (0) []
Asked to move P2's position, but P2 isn't registered yet
Successfully received world sync data from host, creating land ..
Unloading 5 Unused Serialized files (Serialized files now loaded: 0)
[Player 1 SetCrownType: [Regular] -> [Regular]
Deserialise new hint index: -1
[Player 2 SetCrownType: [Regular] -> [Regular]
[CAVE] Deserializing cave state None
[CAVE] New cave state: None
[RP]Setting rich presence: InMenu
Unloading 4511 unused Assets to reduce memory usage. Loaded Objects now: 110500.
Total: 27.860245 ms (FindLiveObjects: 4.215180 ms CreateObjectMapping: 2.014390 ms MarkObjects: 14.168929 ms  DeleteObjects: 7.461446 ms)

Unloading 1 Unused Serialized files (Serialized files now loaded: 0)
Unloading 0 unused Assets to reduce memory usage. Loaded Objects now: 110565.
Total: 22.893148 ms (FindLiveObjects: 4.468814 ms CreateObjectMapping: 2.171164 ms MarkObjects: 16.202325 ms  DeleteObjects: 0.050405 ms)

Program Director: JoiningGame called Loader.Inst.Hide.Call()
Activated clientside boot listener
Successfully caught up to host!
Attempting to change currency bag from Bag to Bag for P2.
Updating coin bag from Bag to Bag for Player2.
Merchant spawn state: NotSpawned
Playing track Driftwood at time 5.390505
Receiving shopRemoteCounterpart shop 'Bow' with id: 1285
Receiving shopRemoteCounterpart shop 'Hammer' with id: 1286
Construction project 'ShopBow(Clone)' completed!
Construction project 'ShopHammer(Clone)' completed!
Received CRPC update for Dynamic obj with ID 934 and functionID 0, but no object with that ID was registered!
Received CRPC update for Dynamic obj with ID 935 and functionID 0, but no object with that ID was registered!
Got recv hermit: 0
Construction project 'Wall1(Clone)' completed!
Got recv hermit: 0
Got recv hermit: 0
Got recv hermit: 0
Got recv hermit: 0
Construction project 'Tower1(Clone)' completed!
Construction project 'Wall1(Clone)' completed!
Got recv hermit: 0
Got recv hermit: 0
Got recv hermit: 0
Got recv hermit: 0
Got recv hermit: 0
Construction project 'Tower1(Clone)' completed!
Got recv hermit: 0
Got recv hermit: 0
Construction project 'Wall2(Clone)' completed!
Got recv hermit: 0
Got recv hermit: 0
Object 'TrollMask P1's parent is now 'Head'
Object 'TrollMask P1's parent is now 'GameLayer'
Object 'TrollMask P1's parent is now 'Head'
Object 'TrollMask P1's parent is now 'GameLayer'
Object 'TrollMask P1's parent is now 'Head'
Object 'TrollMask P1's parent is now 'GameLayer'
Object 'TrollMask P1's parent is now 'Head'
Object 'TrollMask P1's parent is now 'GameLayer'
Object 'TrollMask P1's parent is now 'Head'
Object 'TrollMask P1's parent is now 'GameLayer'
Object 'TrollMask P1's parent is now 'Head'
Object 'TrollMask P1's parent is now 'GameLayer'
Object 'TrollMask P1's parent is now 'Head'
Object 'TrollMask P1's parent is now 'GameLayer'
Object 'TrollMask P1's parent is now 'Head'
Object 'TrollMask P1's parent is now 'GameLayer'
Object 'TrollMask P1's parent is now 'Head'
Object 'TrollMask P1's parent is now 'GameLayer'
Object 'TrollMask P1's parent is now 'Head'
Playing track wurlihigh2 (victory) at time 7.500981
Object 'TrollMask P1's parent is now 'GameLayer'
Object 'TrollMask P1's parent is now 'Head'
Object 'TrollMask P1's parent is now 'GameLayer'
Object 'TrollMask P1's parent is now 'Head'
Object 'TrollMask P1's parent is now 'GameLayer'
Construction project 'Farmhouse1(Clone)' completed!
Object 'TrollMask P1's parent is now 'Head'
Object 'TrollMask P2's parent is now 'Head'
Object 'TrollMask P3's parent is now 'Head'
Object 'TrollMask P4's parent is now 'Head'
Object 'TrollMask P5's parent is now 'Head'
Object 'TrollMask P6's parent is now 'Head'
Object 'TrollMask P7's parent is now 'Head'
Object 'TrollMask P8's parent is now 'Head'
Object 'TrollMask P9's parent is now 'Head'
Object 'TrollMask P10's parent is now 'Head'
Object 'TrollMask P11's parent is now 'Head'
Object 'TrollMask P12's parent is now 'Head'
Object 'TrollMask P13's parent is now 'Head'
Object 'TrollMask P14's parent is now 'Head'
Object 'TrollMask P15's parent is now 'Head'
Object 'TrollMask P13's parent is now 'GameLayer'
Object 'TrollMask P1's parent is now 'GameLayer'
Object 'TrollMask P3's parent is now 'GameLayer'
Object 'TrollMask P8's parent is now 'GameLayer'
Object 'TrollMask P4's parent is now 'GameLayer'
Object 'TrollMask P9's parent is now 'GameLayer'
Construction project 'Farmhouse2(Clone)' completed!
Construction project 'Wall1(Clone)' completed!
Receiving shopRemoteCounterpart shop 'Scythe' with id: 1299
Construction project 'ShopScythe(Clone)' completed!
Received CRPC update for Dynamic obj with ID 903 and functionID 5, but no object with that ID was registered!
Received CRPC update for Dynamic obj with ID 903 and functionID 4, but no object with that ID was registered!
Received CRPC update for Dynamic obj with ID 903 and functionID 1, but no object with that ID was registered!
Received CRPC update for Dynamic obj with ID 903 and functionID 5, but no object with that ID was registered!
Construction project 'Wall2(Clone)' completed!
Construction project 'Keep' completed!
Object 'TrollMask P7's parent is now 'Head'
Playing track blood (bloodmoon) at time 22.50261
Object 'TrollMask P7's parent is now 'GameLayer'
Construction project 'Wall1(Clone)' completed!
Receiving shopRemoteCounterpart shop 'Scythe' with id: 1304
Construction project 'ShopScythe(Clone)' completed!
Finalize Emerge
Playing track carousel2 at time 7.835381
Finalize Emerge
Object 'TrollMask P7's parent is now 'Head'
Object 'TrollMask P10's parent is now 'Head'
Playing track thelastcolorofland at time 17.70074
Construction project 'Wall3(Clone)' completed!
Construction project 'Tower2(Clone)' completed!
Construction project 'Wall1(Clone)' completed!
Receiving shopRemoteCounterpart shop 'PikeRight' with id: 1313
P2 Receiving hint with index: 32 Got hint: HermitHorseP2 (GhostHintData)
Construction project 'ShopPike(Clone)' completed!
Object 'TrollMask P2's parent is now 'Head'
Object 'TrollMask P5's parent is now 'Head'
P2 Receiving hint with index: 32 Got hint: HermitHorseP2 (GhostHintData)
Got recv hermit: 0
P2 Receiving hint with index: -1 Got hint: 
Construction project 'Tower2(Clone)' completed!
Construction project 'Wall3(Clone)' completed!
Object 'TrollMask P2's parent is now 'GameLayer'
Object 'TrollMask P10's parent is now 'GameLayer'
Construction project 'FarmhouseStable(Clone)' completed!
Finalize Emerge
Received CRPC update for Dynamic obj with ID 908 and functionID 20, but no object with that ID was registered!
Construction project 'Wall2(Clone)' completed!
Playing track justasound at time 13.09014
Construction project 'Wall3(Clone)' completed!
Object 'TrollMask P10's parent is now 'Head'
Object 'TrollMask P5's parent is now 'Head'
Object 'TrollMask P7's parent is now 'Head'
Object 'TrollMask P5's parent is now 'Head'
Object 'TrollMask P2's parent is now 'Head'
Construction project 'Tower1(Clone)' completed!
Object 'TrollMask P10's parent is now 'GameLayer'
Object 'TrollMask P7's parent is now 'GameLayer'
Object 'TrollMask P2's parent is now 'GameLayer'
Finalize Emerge
Construction project 'Wall1(Clone)' completed!
Receiving shopRemoteCounterpart shop 'Scythe' with id: 1321
Construction project 'ShopScythe(Clone)' completed!
Construction project 'Tower1(Clone)' completed!
Playing track griffin at time 7.615234
Construction project 'Wall1(Clone)' completed!
Receiving shopRemoteCounterpart shop 'PikeRight' with id: 1325
Construction project 'ShopPike(Clone)' completed!
Construction project 'Wall2(Clone)' completed!
Receiving shopRemoteCounterpart shop 'Scythe' with id: 1327
Receiving shopRemoteCounterpart shop 'WorkshopRight' with id: 1328
Construction project 'Tower1(Clone)' completed!
Construction project 'ShopScythe(Clone)' completed!
Construction project 'Workshop(Clone)' completed!
Construction project 'Wall2(Clone)' completed!
Receiving shopRemoteCounterpart shop 'PikeRight' with id: 1331
Construction project 'ShopPike(Clone)' completed!
Construction project 'Keep' completed!
Object 'TrollMask P5's parent is now 'Head'
Object 'TrollMask P5's parent is now 'Head'
Object 'TrollMask P2's parent is now 'Head'
Construction project 'Wall3(Clone)' completed!
Receiving shopRemoteCounterpart shop 'Scythe' with id: 1335
Receiving shopRemoteCounterpart shop 'PikeRight' with id: 1336
Construction project 'ShopScythe(Clone)' completed!
Construction project 'ShopPike(Clone)' completed!
Construction project 'Wall3(Clone)' completed!
Receiving shopRemoteCounterpart shop 'PikeLeft' with id: 1337
Construction project 'ShopPike(Clone)' completed!
Object 'TrollMask P7's parent is now 'Head'
Construction project 'Catapult(Clone)' completed!
Object 'TrollMask P10's parent is now 'Head'
Construction project 'Tower2(Clone)' completed!
Object 'TrollMask P5's parent is now 'GameLayer'
Object 'TrollMask P2's parent is now 'GameLayer'
Object 'TrollMask P7's parent is now 'GameLayer'
Object 'TrollMask P10's parent is now 'GameLayer'
Object 'Boulder P1's parent is now 'Spoon'
Finalize Emerge
Construction project 'Wall4(Clone)' completed!
Receiving shopRemoteCounterpart shop 'PikeLeft' with id: 1340
Construction project 'ShopPike(Clone)' completed!
Object 'TrollMask P10's parent is now 'Head'
Object 'TrollMask P7's parent is now 'Head'
Object 'TrollMask P2's parent is now 'Head'
Object 'TrollMask P5's parent is now 'Head'
Construction project 'Wall1(Clone)' completed!
Receiving shopRemoteCounterpart shop 'PikeLeft' with id: 1344
Construction project 'ShopPike(Clone)' completed!
Construction project 'Tower3(Clone)' completed!
Construction project 'Tower1(Clone)' completed!
Playing track nightsparkles at time 22.72163
Object 'Boulder P1's parent is now 'GameLayer'
Receiving shopRemoteCounterpart shop 'WorkshopLeft' with id: 1345
Object 'TrollMask P10's parent is now 'GameLayer'
Object 'TrollMask P7's parent is now 'GameLayer'
Object 'TrollMask P2's parent is now 'GameLayer'
Construction project 'Workshop(Clone)' completed!
Object 'Boulder P2's parent is now 'Spoon'
Object 'Boulder P2's parent is now 'GameLayer'
Object 'Boulder P2's parent is now 'Spoon'
Object 'TrollMask P5's parent is now 'GameLayer'
Finalize Emerge
Construction project 'Wall4(Clone)' completed!
Receiving shopRemoteCounterpart shop 'Scythe' with id: 1348
Receiving shopRemoteCounterpart shop 'PikeRight' with id: 1349
Construction project 'ShopScythe(Clone)' completed!
Construction project 'ShopPike(Clone)' completed!
Playing track twilight at time 10.08078
Object 'TrollMask P5's parent is now 'Head'
Object 'TrollMask P2's parent is now 'Head'
Object 'TrollMask P5's parent is now 'GameLayer'
Object 'TrollMask P2's parent is now 'GameLayer'
Construction project 'Teleporter(Clone)' completed!
Object 'TrollMask P2's parent is now 'Head'
Object 'TrollMask P5's parent is now 'Head'
Object 'TrollMask P2's parent is now 'GameLayer'
Object 'TrollMask P7's parent is now 'Head'
Object 'TrollMask P2's parent is now 'Head'
Object 'TrollMask P2's parent is now 'GameLayer'
Object 'TrollMask P2's parent is now 'Head'
Object 'TrollMask P2's parent is now 'GameLayer'
Object 'TrollMask P2's parent is now 'Head'
Object 'TrollMask P2's parent is now 'GameLayer'
Object 'TrollMask P2's parent is now 'Head'
Object 'TrollMask P2's parent is now 'GameLayer'
Object 'TrollMask P2's parent is now 'Head'
Object 'TrollMask P10's parent is now 'Head'
Object 'TrollMask P2's parent is now 'GameLayer'
Object 'TrollMask P10's parent is now 'GameLayer'
Object 'TrollMask P10's parent is now 'Head'
Object 'TrollMask P2's parent is now 'Head'
Object 'TrollMask P10's parent is now 'GameLayer'
Object 'TrollMask P2's parent is now 'GameLayer'
Object 'TrollMask P2's parent is now 'Head'
Object 'TrollMask P10's parent is now 'Head'
Object 'TrollMask P2's parent is now 'GameLayer'
Object 'TrollMask P10's parent is now 'GameLayer'
Object 'TrollMask P10's parent is now 'Head'
Object 'TrollMask P2's parent is now 'Head'
Object 'TrollMask P10's parent is now 'GameLayer'
Object 'TrollMask P2's parent is now 'GameLayer'
Object 'TrollMask P2's parent is now 'Head'
Object 'TrollMask P10's parent is now 'Head'
Object 'TrollMask P2's parent is now 'GameLayer'
Object 'TrollMask P10's parent is now 'GameLayer'
Object 'TrollMask P7's parent is now 'GameLayer'
Object 'TrollMask P5's parent is now 'GameLayer'
Object 'TrollMask P7's parent is now 'Head'
Object 'TrollMask P10's parent is now 'Head'
Object 'TrollMask P10's parent is now 'GameLayer'
Object 'TrollMask P7's parent is now 'GameLayer'
Object 'TrollMask P7's parent is now 'Head'
Object 'TrollMask P10's parent is now 'Head'
Finalize Emerge
Object 'TrollMask P7's parent is now 'GameLayer'
Object 'TrollMask P10's parent is now 'GameLayer'
Object 'TrollMask P10's parent is now 'Head'
Object 'TrollMask P7's parent is now 'Head'
Object 'TrollMask P5's parent is now 'Head'
Object 'TrollMask P2's parent is now 'Head'
Object 'TrollMask P15's parent is now 'Head'
Object 'TrollMask P14's parent is now 'Head'
Object 'TrollMask P12's parent is now 'Head'
Object 'TrollMask P11's parent is now 'Head'
Object 'TrollMask P6's parent is now 'Head'
Object 'TrollMask P9's parent is now 'Head'
Object 'TrollMask P4's parent is now 'Head'
Object 'TrollMask P8's parent is now 'Head'
Object 'TrollMask P3's parent is now 'Head'
Object 'TrollMask P1's parent is now 'Head'
Object 'TrollMask P13's parent is now 'Head'
Object 'TrollMask P16's parent is now 'Head'
Object 'TrollMask P17's parent is now 'Head'
Object 'TrollMask P18's parent is now 'Head'
Construction project 'Wall1(Clone)' completed!
Receiving shopRemoteCounterpart shop 'PikeLeft' with id: 1355
Construction project 'ShopPike(Clone)' completed!
Construction project 'Tower2(Clone)' completed!
Construction project 'Tower3(Clone)' completed!
Client camera told to track 'Crown P1'
Client camera told to track player
Client camera told to track 'Crown P1'
Finalize Emerge
Client camera told to track player
Playing track frombloom at time 8.88401
Client camera told to track player
Client camera told to track player
Construction project 'Teleporter(Clone)' completed!
Object 'TrollMask P13's parent is now 'Head'
Object 'TrollMask P1's parent is now 'Head'
Object 'TrollMask P3's parent is now 'Head'
Object 'TrollMask P9's parent is now 'Head'
Object 'TrollMask P6's parent is now 'Head'
Object 'TrollMask P8's parent is now 'Head'
Object 'TrollMask P12's parent is now 'Head'
Object 'TrollMask P15's parent is now 'Head'
Object 'TrollMask P2's parent is now 'Head'
Object 'TrollMask P7's parent is now 'Head'
Object 'TrollMask P8's parent is now 'GameLayer'
Object 'TrollMask P10's parent is now 'Head'
Object 'TrollMask P8's parent is now 'Head'
Object 'TrollMask P7's parent is now 'GameLayer'
DOTWEEN :: An error inside a tween callback was silently taken care of > Index was outside the bounds of the array.

  at TeleporterExit+<>c__DisplayClass40_0.<FadeOutAndDestroy>b__5 () [0x00000] in <b49ef5704cd64b5090e7799fcf031fb4>:0 
  at DG.Tweening.Tween.OnTweenCallback (DG.Tweening.TweenCallback callback) [0x00007] in <b7ea4e17152644eab00e0f80d68c43dc>:0 

DOTWEEN :: An error inside a tween callback was silently taken care of > Index was outside the bounds of the array.

  at TeleporterExit+<>c__DisplayClass40_0.<FadeOutAndDestroy>b__5 () [0x00000] in <b49ef5704cd64b5090e7799fcf031fb4>:0 
  at DG.Tweening.Tween.OnTweenCallback (DG.Tweening.TweenCallback callback) [0x00007] in <b7ea4e17152644eab00e0f80d68c43dc>:0 

DOTWEEN :: An error inside a tween callback was silently taken care of > Index was outside the bounds of the array.

  at TeleporterExit+<>c__DisplayClass40_0.<FadeOutAndDestroy>b__5 () [0x00000] in <b49ef5704cd64b5090e7799fcf031fb4>:0 
  at DG.Tweening.Tween.OnTweenCallback (DG.Tweening.TweenCallback callback) [0x00007] in <b7ea4e17152644eab00e0f80d68c43dc>:0 

Clientside] Queueing weather event 'Fresh', on day 38 (Season Autumn)
Clientside] Queueing weather event 'HeavyPrecipitation', on day 39 (Season Autumn)
Clientside] Queueing weather event 'Clear', on day 40 (Season Autumn)
Clientside] Queueing weather event 'HeavyPrecipitation', on day 41 (Season Autumn)
Clientside] Queueing weather event 'Cloudy', on day 42 (Season Autumn)
Clientside] Queueing weather event 'Foggy', on day 43 (Season Autumn)
Clientside] Queueing weather event 'Fresh', on day 44 (Season Autumn)
Clientside] Queueing weather event 'Precipitation', on day 45 (Season Autumn)
Clientside] Queueing weather event 'Overcast', on day 46 (Season Autumn)
Clientside] Queueing weather event 'Overcast', on day 47 (Season Autumn)
Object 'TrollMask P7's parent is now 'Head'
Object 'TrollMask P5's parent is now 'Head'
Object 'TrollMask P5's parent is now 'GameLayer'
Object 'TrollMask P7's parent is now 'GameLayer'
Object 'TrollMask P5's parent is now 'Head'
Object 'TrollMask P2's parent is now 'Head'
Object 'TrollMask P2's parent is now 'GameLayer'
Object 'TrollMask P5's parent is now 'GameLayer'
Object 'TrollMask P2's parent is now 'Head'
Object 'TrollMask P10's parent is now 'GameLayer'
Object 'TrollMask P8's parent is now 'GameLayer'
Object 'TrollMask P5's parent is now 'Head'
Object 'TrollMask P2's parent is now 'GameLayer'
Object 'TrollMask P5's parent is now 'GameLayer'
Object 'TrollMask P2's parent is now 'Head'
Object 'TrollMask P5's parent is now 'Head'
Object 'TrollMask P2's parent is now 'GameLayer'
Object 'TrollMask P5's parent is now 'GameLayer'
Object 'TrollMask P2's parent is now 'Head'
Object 'TrollMask P8's parent is now 'Head'
Object 'TrollMask P8's parent is now 'GameLayer'
Object 'TrollMask P2's parent is now 'GameLayer'
Object 'TrollMask P2's parent is now 'Head'
Object 'TrollMask P8's parent is now 'Head'
Object 'TrollMask P2's parent is now 'GameLayer'
Object 'TrollMask P8's parent is now 'GameLayer'
Finalize Emerge
Object 'TrollMask P2's parent is now 'Head'
Object 'TrollMask P5's parent is now 'Head'
Object 'TrollMask P2's parent is now 'GameLayer'
Object 'TrollMask P5's parent is now 'GameLayer'
Object 'TrollMask P2's parent is now 'Head'
Object 'TrollMask P5's parent is now 'Head'
DOTWEEN :: An error inside a tween callback was silently taken care of > Index was outside the bounds of the array.

  at TeleporterExit+<>c__DisplayClass40_0.<FadeOutAndDestroy>b__5 () [0x00000] in <b49ef5704cd64b5090e7799fcf031fb4>:0 
  at DG.Tweening.Tween.OnTweenCallback (DG.Tweening.TweenCallback callback) [0x00007] in <b7ea4e17152644eab00e0f80d68c43dc>:0 

DOTWEEN :: An error inside a tween callback was silently taken care of > Index was outside the bounds of the array.

  at TeleporterExit+<>c__DisplayClass40_0.<FadeOutAndDestroy>b__5 () [0x00000] in <b49ef5704cd64b5090e7799fcf031fb4>:0 
  at DG.Tweening.Tween.OnTweenCallback (DG.Tweening.TweenCallback callback) [0x00007] in <b7ea4e17152644eab00e0f80d68c43dc>:0 

DOTWEEN :: An error inside a tween callback was silently taken care of > Index was outside the bounds of the array.

  at TeleporterExit+<>c__DisplayClass40_0.<FadeOutAndDestroy>b__5 () [0x00000] in <b49ef5704cd64b5090e7799fcf031fb4>:0 
  at DG.Tweening.Tween.OnTweenCallback (DG.Tweening.TweenCallback callback) [0x00007] in <b7ea4e17152644eab00e0f80d68c43dc>:0 

Object 'TrollMask P2's parent is now 'Head'
Object 'TrollMask P5's parent is now 'Head'
Object 'TrollMask P5's parent is now 'Head'
Playing track memorycloud at time 16.90975
Object 'TrollMask P8's parent is now 'Head'
Object 'TrollMask P10's parent is now 'Head'
LOBBY DATA CHANGED
A client has disconnected from the UNET server
Left lobby.
Handling disconnect as Client
Stopping Client
Closed Steam P2P connection with 76561199194034537
Closing Lobby
Setting Remote User Panel State
[RP]Setting rich presence: LandThree
Set Result: Disconnected (Game:1565
Game result: Disconnected
Joining Game 08
NetworkBigBoss reported that client activity has ceased.
Joining Game 13
Couldn't find object with ID 934/Dynamic, ignoring deregister request.
Couldn't find object with ID 935/Dynamic, ignoring deregister request.
Couldn't find object with ID 903/Dynamic, ignoring deregister request.
IgnoreReturnToSP: False
Joining Game 16
ProgramDirector begun LoadingGlobalSaveData
Found SystemLanguage English (10): 2
GlobalSaveData Load, Failure, MissingData
Found SystemLanguage English (10): 2
ProgramDirector begun LoadingIslandSaveData
IslandSaveData Load, Failure, MissingData
ProgramDirector begun ShowingSplash
[Physics::Module] Cleanup current backned.
[Physics::Module] Id: 0xf2b8ea05
Input System module state changed to: ShutdownInProgress.
Input System polling thread exited.
Input System module state changed to: Shutdown.
GarbageCollector disposing of ComputeBuffer. Please use ComputeBuffer.Release() or .Dispose() to manually release the buffer.
